SKU,CATEGORY,SUBCATEGORY,SOURCE,STORIS_CATG,BRAND,DESCRIPTION
7703-6/6,Mattresses,Innerspring,storefront: Micah / Royal Sands / Spruce = Innerspring; Lifetime Permatuft & Greenwood two-sided innerspring (maker),MATT,EASTMAN,E KING MICAH FIRM
7703-6/7,Mattresses,Innerspring,storefront: Micah / Royal Sands / Spruce = Innerspring; Lifetime Permatuft & Greenwood two-sided innerspring (maker),MATT,EASTMAN,CAKING MICAH FIRM
7704-3/3,Mattresses,Innerspring,storefront: Micah / Royal Sands / Spruce = Innerspring; Lifetime Permatuft & Greenwood two-sided innerspring (maker),MATT,EASTMAN,TWIN MICAH PLUSH
7704-4/6,Mattresses,Innerspring,storefront: Micah / Royal Sands / Spruce = Innerspring; Lifetime Permatuft & Greenwood two-sided innerspring (maker),MATT,EASTMAN,FULL MICAH PLUSH
7704-5/0,Mattresses,Innerspring,storefront: Micah / Royal Sands / Spruce = Innerspring; Lifetime Permatuft & Greenwood two-sided innerspring (maker),MATT,EASTMAN,QUEEN MICAH PLUSH
7704-6/6,Mattresses,Innerspring,storefront: Micah / Royal Sands / Spruce = Innerspring; Lifetime Permatuft & Greenwood two-sided innerspring (maker),MATT,EASTMAN,E KING MICAH PLUSH
7705-3/3,Mattresses,Innerspring,storefront: Micah / Royal Sands / Spruce = Innerspring; Lifetime Permatuft & Greenwood two-sided innerspring (maker),MATT,EASTMAN,TWIN MICAH E/T
7705-36X84,Mattresses,Innerspring,storefront: Micah / Royal Sands / Spruce = Innerspring; Lifetime Permatuft & Greenwood two-sided innerspring (maker),MATT,EASTMAN,SPLIT CK MICAH E/T
7705-3X,Mattresses,Innerspring,storefront: Micah / Royal Sands / Spruce = Innerspring; Lifetime Permatuft & Greenwood two-sided innerspring (maker),MATT,EASTMAN,TWINXL MICAH E/T
7705-4/6,Mattresses,Innerspring,storefront: Micah / Royal Sands / Spruce = Innerspring; Lifetime Permatuft & Greenwood two-sided innerspring (maker),MATT,EASTMAN,FULL MICAH E/T
7705-4XL,Mattresses,Innerspring,storefront: Micah / Royal Sands / Spruce = Innerspring; Lifetime Permatuft & Greenwood two-sided innerspring (maker),MATT,EASTMAN,FULLXL MICAH E/T
7705-5/0,Mattresses,Innerspring,storefront: Micah / Royal Sands / Spruce = Innerspring; Lifetime Permatuft & Greenwood two-sided innerspring (maker),MATT,EASTMAN,QUEEN MICAH E/T
7705-6/6,Mattresses,Innerspring,storefront: Micah / Royal Sands / Spruce = Innerspring; Lifetime Permatuft & Greenwood two-sided innerspring (maker),MATT,EASTMAN,E KING MICAH E/T
7705-6/7,Mattresses,Innerspring,storefront: Micah / Royal Sands / Spruce = Innerspring; Lifetime Permatuft & Greenwood two-sided innerspring (maker),MATT,EASTMAN,CAKING MICAH E/T
7705-66x80,Mattresses,Innerspring,storefront: Micah / Royal Sands / Spruce = Innerspring; Lifetime Permatuft & Greenwood two-sided innerspring (maker),MATT,EASTMAN,OLYMPIC QUEEN MICAH E/T
7706-3/3,Mattresses,Innerspring,storefront: Micah / Royal Sands / Spruce = Innerspring; Lifetime Permatuft & Greenwood two-sided innerspring (maker),MATT,EASTMAN,TWIN ROYAL SANDS FIRM
7706-3X,Mattresses,Innerspring,storefront: Micah / Royal Sands / Spruce = Innerspring; Lifetime Permatuft & Greenwood two-sided innerspring (maker),MATT,EASTMAN,TWINXL ROYAL SANDS FIRM
7706-4/6,Mattresses,Innerspring,storefront: Micah / Royal Sands / Spruce = Innerspring; Lifetime Permatuft & Greenwood two-sided innerspring (maker),MATT,EASTMAN,FULL ROYAL SANDS FIRM
7706-4XL,Mattresses,Innerspring,storefront: Micah / Royal Sands / Spruce = Innerspring; Lifetime Permatuft & Greenwood two-sided innerspring (maker),MATT,EASTMAN,FULLXL ROYAL SANDS FIRM
7706-5/0,Mattresses,Innerspring,storefront: Micah / Royal Sands / Spruce = Innerspring; Lifetime Permatuft & Greenwood two-sided innerspring (maker),MATT,EASTMAN,QUEEN ROYAL SANDS FIRM
7706-6/6,Mattresses,Innerspring,storefront: Micah / Royal Sands / Spruce = Innerspring; Lifetime Permatuft & Greenwood two-sided innerspring (maker),MATT,EASTMAN,E KING ROYAL SANDS FIRM
7706-6/7,Mattresses,Innerspring,storefront: Micah / Royal Sands / Spruce = Innerspring; Lifetime Permatuft & Greenwood two-sided innerspring (maker),MATT,EASTMAN,CAKING ROYAL SANDS FIRM
7707-3/3,Mattresses,Innerspring,storefront: Micah / Royal Sands / Spruce = Innerspring; Lifetime Permatuft & Greenwood two-sided innerspring (maker),MATT,EASTMAN,TWIN ROYAL SANDS PLUSH
7707-36X84,Mattresses,Innerspring,storefront: Micah / Royal Sands / Spruce = Innerspring; Lifetime Permatuft & Greenwood two-sided innerspring (maker),MATT,EASTMAN,SPLIT CK ROYAL SANDS PS
7707-4/6,Mattresses,Innerspring,storefront: Micah / Royal Sands / Spruce = Innerspring; Lifetime Permatuft & Greenwood two-sided innerspring (maker),MATT,EASTMAN,FULL ROYAL SANDS PLUSH
7707-5/0,Mattresses,Innerspring,storefront: Micah / Royal Sands / Spruce = Innerspring; Lifetime Permatuft & Greenwood two-sided innerspring (maker),MATT,EASTMAN,QUEEN ROYAL SANDS PLUSH
7707-6/6,Mattresses,Innerspring,storefront: Micah / Royal Sands / Spruce = Innerspring; Lifetime Permatuft & Greenwood two-sided innerspring (maker),MATT,EASTMAN,E KING ROYAL SANDS PLUSH
7707-6/7,Mattresses,Innerspring,storefront: Micah / Royal Sands / Spruce = Innerspring; Lifetime Permatuft & Greenwood two-sided innerspring (maker),MATT,EASTMAN,CAKING ROYAL SANDS PLUSH
7708-3/3,Mattresses,Innerspring,storefront: Micah / Royal Sands / Spruce = Innerspring; Lifetime Permatuft & Greenwood two-sided innerspring (maker),MATT,EASTMAN,TWIN ROYAL SANDS P/T
7708-3X,Mattresses,Innerspring,storefront: Micah / Royal Sands / Spruce = Innerspring; Lifetime Permatuft & Greenwood two-sided innerspring (maker),MATT,EASTMAN,TWINXL ROYAL SANDS P/T
7708-4/6,Mattresses,Innerspring,storefront: Micah / Royal Sands / Spruce = Innerspring; Lifetime Permatuft & Greenwood two-sided innerspring (maker),MATT,EASTMAN,FULL ROYAL SANDS P/T
7708-5/0,Mattresses,Innerspring,storefront: Micah / Royal Sands / Spruce = Innerspring; Lifetime Permatuft & Greenwood two-sided innerspring (maker),MATT,EASTMAN,QUEEN ROYAL SANDS P/T
7708-6/6,Mattresses,Innerspring,storefront: Micah / Royal Sands / Spruce = Innerspring; Lifetime Permatuft & Greenwood two-sided innerspring (maker),MATT,EASTMAN,E KING ROYAL SANDS P/T
7708-6/7,Mattresses,Innerspring,storefront: Micah / Royal Sands / Spruce = Innerspring; Lifetime Permatuft & Greenwood two-sided innerspring (maker),MATT,EASTMAN,CAKING ROYAL SANDS P/T
7915-3/3,Mattresses,Latex,storefront: Seville Latex / Avalon Latex Hybrid listed under Latex,MATT,EASTMAN,TWIN AVALON EXTRA FIRM
7915-3X,Mattresses,Latex,storefront: Seville Latex / Avalon Latex Hybrid listed under Latex,MATT,EASTMAN,TWINXL AVALON EXTRA FIRM
7915-4/6,Mattresses,Latex,storefront: Seville Latex / Avalon Latex Hybrid listed under Latex,MATT,EASTMAN,FULL AVALON EXTRA FIRM
7915-5/0,Mattresses,Latex,storefront: Seville Latex / Avalon Latex Hybrid listed under Latex,MATT,EASTMAN,QUEEN AVALON EXTRA FIRM
7915-6/6,Mattresses,Latex,storefront: Seville Latex / Avalon Latex Hybrid listed under Latex,MATT,EASTMAN,E KING AVALON EXTRA FIRM
7915-6/7,Mattresses,Latex,storefront: Seville Latex / Avalon Latex Hybrid listed under Latex,MATT,EASTMAN,CAKING AVALON EXTRA FIRM
7917-3/3,Mattresses,Latex,storefront: Seville Latex / Avalon Latex Hybrid listed under Latex,MATT,EASTMAN,TWIN AVALON PLUSH
7917-3X,Mattresses,Latex,storefront: Seville Latex / Avalon Latex Hybrid listed under Latex,MATT,EASTMAN,TWINXL AVALON PLUSH
7917-4/6,Mattresses,Latex,storefront: Seville Latex / Avalon Latex Hybrid listed under Latex,MATT,EASTMAN,FULL AVALON PLUSH
7917-5/0,Mattresses,Latex,storefront: Seville Latex / Avalon Latex Hybrid listed under Latex,MATT,EASTMAN,QUEEN AVALON PLUSH
7917-6/6,Mattresses,Latex,storefront: Seville Latex / Avalon Latex Hybrid listed under Latex,MATT,EASTMAN,E KING AVALON PLUSH
7917-6/7,Mattresses,Latex,storefront: Seville Latex / Avalon Latex Hybrid listed under Latex,MATT,EASTMAN,CAKING AVALON PLUSH
7919-3/3,Mattresses,Latex,storefront: Seville Latex / Avalon Latex Hybrid listed under Latex,MATT,EASTMAN,TWIN AVALON ULTRA P/T
7919-36X84,Mattresses,Latex,storefront: Seville Latex / Avalon Latex Hybrid listed under Latex,MATT,EASTMAN,SPLIT CK AVALON ULTRA P/T
7919-3X,Mattresses,Latex,storefront: Seville Latex / Avalon Latex Hybrid listed under Latex,MATT,EASTMAN,TWINXL AVALON ULTRA P/T
7919-4/6,Mattresses,Latex,storefront: Seville Latex / Avalon Latex Hybrid listed under Latex,MATT,EASTMAN,FULL AVALON ULTRA P/T
7919-4XL,Mattresses,Latex,storefront: Seville Latex / Avalon Latex Hybrid listed under Latex,MATT,EASTMAN,FULLXL AVALON ULTRA P/T
7919-5/0,Mattresses,Latex,storefront: Seville Latex / Avalon Latex Hybrid listed under Latex,MATT,EASTMAN,QUEEN AVALON ULTRA P/T
7919-6/6,Mattresses,Latex,storefront: Seville Latex / Avalon Latex Hybrid listed under Latex,MATT,EASTMAN,E KING AVALON ULTRA P/T
7919-6/7,Mattresses,Latex,storefront: Seville Latex / Avalon Latex Hybrid listed under Latex,MATT,EASTMAN,CAKING AVALON ULTRA P/T
7921-3/3,Mattresses,Latex,storefront: Seville Latex / Avalon Latex Hybrid listed under Latex,MATT,EASTMAN,TWIN AVALON UTRA-X-FIRM
7921-3X,Mattresses,Latex,storefront: Seville Latex / Avalon Latex Hybrid listed under Latex,MATT,EASTMAN,TWINXL AVALON ULTRA-X-FIRM
7921-4/6,Mattresses,Latex,storefront: Seville Latex / Avalon Latex Hybrid listed under Latex,MATT,EASTMAN,FULL AVALON ULTRA-X-FIRM
7921-5/0,Mattresses,Latex,storefront: Seville Latex / Avalon Latex Hybrid listed under Latex,MATT,EASTMAN,QUEEN AVALON ULTRA-X-FIRM
7921-6/6,Mattresses,Latex,storefront: Seville Latex / Avalon Latex Hybrid listed under Latex,MATT,EASTMAN,E KING AVALON ULTRA-X-FIRM
7921-6/7,Mattresses,Latex,storefront: Seville Latex / Avalon Latex Hybrid listed under Latex,MATT,EASTMAN,CAKING AVALON ULTRA-X-FIRM
8070-3X,Foundations & Box Springs,"Standard Profile (8–9"")","description: 8""–9"" foundation",FOUND,EASTMAN,"TWINXL SEVILLE FND 9"""
8070-5/0,Foundations & Box Springs,"Standard Profile (8–9"")","description: 8""–9"" foundation",FOUND,EASTMAN,"QUEEN SEVILLE FND 9"""
8270-5/0,Foundations & Box Springs,"Low Profile (4–5"")","description: LP / 4"" / 5""",FOUND,EASTMAN,"QUEEN LP SEVILLE FND 5"""
9610-3/3,Mattresses,Innerspring,storefront: Micah / Royal Sands / Spruce = Innerspring; Lifetime Permatuft & Greenwood two-sided innerspring (maker),MATT,EASTMAN,TWIN CALI BREEZE PLUSH
9610-36X84,Mattresses,Innerspring,storefront: Micah / Royal Sands / Spruce = Innerspring; Lifetime Permatuft & Greenwood two-sided innerspring (maker),MATT,EASTMAN,SPLIT CK CALI BREEZE PLUSH
9610-3X,Mattresses,Innerspring,storefront: Micah / Royal Sands / Spruce = Innerspring; Lifetime Permatuft & Greenwood two-sided innerspring (maker),MATT,EASTMAN,TWINXL CALI BREEZE PLUSH
9610-4/6,Mattresses,Innerspring,storefront: Micah / Royal Sands / Spruce = Innerspring; Lifetime Permatuft & Greenwood two-sided innerspring (maker),MATT,EASTMAN,FULL CALI BREEZE PLUSH
9610-5/0,Mattresses,Innerspring,storefront: Micah / Royal Sands / Spruce = Innerspring; Lifetime Permatuft & Greenwood two-sided innerspring (maker),MATT,EASTMAN,QUEEN CALI BREEZE PLUSH
9610-6/6,Mattresses,Innerspring,storefront: Micah / Royal Sands / Spruce = Innerspring; Lifetime Permatuft & Greenwood two-sided innerspring (maker),MATT,EASTMAN,E KING CALI BREEZE PLUSH
9610-6/7,Mattresses,Innerspring,storefront: Micah / Royal Sands / Spruce = Innerspring; Lifetime Permatuft & Greenwood two-sided innerspring (maker),MATT,EASTMAN,CAKING CALI BREEZE PLUSH
9611-3/3,Mattresses,Innerspring,storefront: Micah / Royal Sands / Spruce = Innerspring; Lifetime Permatuft & Greenwood two-sided innerspring (maker),MATT,EASTMAN,TWIN CALI BREEZE FIRM
9611-36X84,Mattresses,Innerspring,storefront: Micah / Royal Sands / Spruce = Innerspring; Lifetime Permatuft & Greenwood two-sided innerspring (maker),MATT,EASTMAN,SPLIT CK CALI BREEZE FIRM
9611-3X,Mattresses,Innerspring,storefront: Micah / Royal Sands / Spruce = Innerspring; Lifetime Permatuft & Greenwood two-sided innerspring (maker),MATT,EASTMAN,TWINXL CALI BREEZE FIRM
9611-4/6,Mattresses,Innerspring,storefront: Micah / Royal Sands / Spruce = Innerspring; Lifetime Permatuft & Greenwood two-sided innerspring (maker),MATT,EASTMAN,FULL CALI BREEZE FIRM
9611-5/0,Mattresses,Innerspring,storefront: Micah / Royal Sands / Spruce = Innerspring; Lifetime Permatuft & Greenwood two-sided innerspring (maker),MATT,EASTMAN,QUEEN CALI BREEZE FIRM
9611-6/6,Mattresses,Innerspring,storefront: Micah / Royal Sands / Spruce = Innerspring; Lifetime Permatuft & Greenwood two-sided innerspring (maker),MATT,EASTMAN,E KING CALI BREEZE FIRM
9611-6/7,Mattresses,Innerspring,storefront: Micah / Royal Sands / Spruce = Innerspring; Lifetime Permatuft & Greenwood two-sided innerspring (maker),MATT,EASTMAN,CAKING CALI BREEZE FIRM
1005-3/3,Mattresses,Innerspring,"storefront: Ice/Glacier Tufted, Spruce = Innerspring",MATT,ECLIPSE,TWIN GLACIER TUFTED E/T FIRM
1005-3X,Mattresses,Innerspring,"storefront: Ice/Glacier Tufted, Spruce = Innerspring",MATT,ECLIPSE,TWINXL GLACIER TUFTED E/T FIRM
1005-4/6,Mattresses,Innerspring,"storefront: Ice/Glacier Tufted, Spruce = Innerspring",MATT,ECLIPSE,FULL GLACIER TUFTED E/T FIRM
1005-5/0,Mattresses,Innerspring,"storefront: Ice/Glacier Tufted, Spruce = Innerspring",MATT,ECLIPSE,QUEEN GLACIER TUFTED E/T FIRM
1005-6/6,Mattresses,Innerspring,"storefront: Ice/Glacier Tufted, Spruce = Innerspring",MATT,ECLIPSE,E KING GLACIER TUFTED E/T FIRM
1005-6/7,Mattresses,Innerspring,"storefront: Ice/Glacier Tufted, Spruce = Innerspring",MATT,ECLIPSE,CAKING GLACIER TUFTED E/T FIRM
1010-3/3,Mattresses,Innerspring,"storefront: Ice/Glacier Tufted, Spruce = Innerspring",MATT,ECLIPSE,TWIN GLACIER TUFTED E/T PLUSH
1010-3X,Mattresses,Innerspring,"storefront: Ice/Glacier Tufted, Spruce = Innerspring",MATT,ECLIPSE,TWINXL GLACIER TUFTED E/T PS
1010-4/6,Mattresses,Innerspring,"storefront: Ice/Glacier Tufted, Spruce = Innerspring",MATT,ECLIPSE,FULL GLACIER TUFTED E/T PLUSH
1010-5/0,Mattresses,Innerspring,"storefront: Ice/Glacier Tufted, Spruce = Innerspring",MATT,ECLIPSE,QUEEN GLACIER TUFTED E/T PLUSH
1010-6/6,Mattresses,Innerspring,"storefront: Ice/Glacier Tufted, Spruce = Innerspring",MATT,ECLIPSE,E KING GLACIER TUFTED E/T PS
1010-6/7,Mattresses,Innerspring,"storefront: Ice/Glacier Tufted, Spruce = Innerspring",MATT,ECLIPSE,CAKING GLACIER TUFTED E/T PS
3020-3/3,Mattresses,Innerspring,"storefront: Ice/Glacier Tufted, Spruce = Innerspring",MATT,ECLIPSE,TWIN ICE TUFTED E/T FIRM
3020-3X,Mattresses,Innerspring,"storefront: Ice/Glacier Tufted, Spruce = Innerspring",MATT,ECLIPSE,TWINXL ICE TUFTED E/T FIRM
3020-4/6,Mattresses,Innerspring,"storefront: Ice/Glacier Tufted, Spruce = Innerspring",MATT,ECLIPSE,FULL ICE TUFTED E/T FIRM
3020-5/0,Mattresses,Innerspring,"storefront: Ice/Glacier Tufted, Spruce = Innerspring",MATT,ECLIPSE,QUEEN ICE TUFTED E/T FIRM
3020-6/6,Mattresses,Innerspring,"storefront: Ice/Glacier Tufted, Spruce = Innerspring",MATT,ECLIPSE,E KING ICE TUFTED E/T FIRM
3020-6/7,Mattresses,Innerspring,"storefront: Ice/Glacier Tufted, Spruce = Innerspring",MATT,ECLIPSE,CAKING ICE TUFTED E/T FIRM
3020-QFH,Mattresses,Innerspring,"storefront: Ice/Glacier Tufted, Spruce = Innerspring",MATT,ECLIPSE,QUEEN SPLIT-HEAD ICE FIRM
3022-3/3,Mattresses,Innerspring,"storefront: Ice/Glacier Tufted, Spruce = Innerspring",MATT,ECLIPSE,TWIN ICE TUFTED E/T PLUSH
3022-3X,Mattresses,Innerspring,"storefront: Ice/Glacier Tufted, Spruce = Innerspring",MATT,ECLIPSE,TWINXL ICE TUFTED E/T PS
3022-4/6,Mattresses,Innerspring,"storefront: Ice/Glacier Tufted, Spruce = Innerspring",MATT,ECLIPSE,FULL ICE TUFTED E/T PLUSH
3022-5/0,Mattresses,Innerspring,"storefront: Ice/Glacier Tufted, Spruce = Innerspring",MATT,ECLIPSE,QUEEN ICE TUFTED E/T PLUSH
3022-6/6,Mattresses,Innerspring,"storefront: Ice/Glacier Tufted, Spruce = Innerspring",MATT,ECLIPSE,E KING ICE TUFTED E/T PS
3022-6/7,Mattresses,Innerspring,"storefront: Ice/Glacier Tufted, Spruce = Innerspring",MATT,ECLIPSE,CAKING ICE TUFTED E/T PS
5335-4/6,Mattresses,Hybrid,storefront: Eclipse Cares Joyfulness/Peacefulness/Kindness = Hybrid bed-in-a-box,MATT,ECLIPSE,"FULL CARES JOYFULNESS 11"""
5335-5/0,Mattresses,Hybrid,storefront: Eclipse Cares Joyfulness/Peacefulness/Kindness = Hybrid bed-in-a-box,MATT,ECLIPSE,"QUEEN CARES JOYFULNESS 11"""
5335-6/6,Mattresses,Hybrid,storefront: Eclipse Cares Joyfulness/Peacefulness/Kindness = Hybrid bed-in-a-box,MATT,ECLIPSE,"E KING CARES JOYFULNESS 11"""
5336-3/3,Mattresses,Hybrid,storefront: Eclipse Cares Joyfulness/Peacefulness/Kindness = Hybrid bed-in-a-box,MATT,ECLIPSE,"TWIN CARES PEACEFULNESS 12"""
5336-5/0,Mattresses,Hybrid,storefront: Eclipse Cares Joyfulness/Peacefulness/Kindness = Hybrid bed-in-a-box,MATT,ECLIPSE,"QUEEN CARES PEACEFULNESS 12"""
5336-6/6,Mattresses,Hybrid,storefront: Eclipse Cares Joyfulness/Peacefulness/Kindness = Hybrid bed-in-a-box,MATT,ECLIPSE,"E KING CARES PEACEFULNESS 12"""
5337-3X,Mattresses,Hybrid,storefront: Eclipse Cares Joyfulness/Peacefulness/Kindness = Hybrid bed-in-a-box,MATT,ECLIPSE,"TWINXL CARES KINDNESS 13"""
7700-3/3,Mattresses,Innerspring,"storefront: Ice/Glacier Tufted, Spruce = Innerspring",MATT,ECLIPSE,TWIN SPRUCE FIRM
7700-3X,Mattresses,Innerspring,"storefront: Ice/Glacier Tufted, Spruce = Innerspring",MATT,ECLIPSE,TWINXL SPRUCE FIRM
7700-4/6,Mattresses,Innerspring,"storefront: Ice/Glacier Tufted, Spruce = Innerspring",MATT,ECLIPSE,FULL SPRUCE FIRM
7700-5/0,Mattresses,Innerspring,"storefront: Ice/Glacier Tufted, Spruce = Innerspring",MATT,ECLIPSE,QUEEN SPRUCE FIRM
7700-6/6,Mattresses,Innerspring,"storefront: Ice/Glacier Tufted, Spruce = Innerspring",MATT,ECLIPSE,E KING SPRUCE FIRM
7700-6/7,Mattresses,Innerspring,"storefront: Ice/Glacier Tufted, Spruce = Innerspring",MATT,ECLIPSE,CAKING SPRUCE FIRM
7702-3/3,Mattresses,Innerspring,"storefront: Ice/Glacier Tufted, Spruce = Innerspring",MATT,ECLIPSE,TWIN SPRUCE P/T
7702-3X,Mattresses,Innerspring,"storefront: Ice/Glacier Tufted, Spruce = Innerspring",MATT,ECLIPSE,TWINXL SPRUCE P/T
7702-4/6,Mattresses,Innerspring,"storefront: Ice/Glacier Tufted, Spruce = Innerspring",MATT,ECLIPSE,FULL SPRUCE P/T
7702-5/0,Mattresses,Innerspring,"storefront: Ice/Glacier Tufted, Spruce = Innerspring",MATT,ECLIPSE,QUEEN SPRUCE P/T
7702-6/6,Mattresses,Innerspring,"storefront: Ice/Glacier Tufted, Spruce = Innerspring",MATT,ECLIPSE,E KING SPRUCE P/T
7702-6/7,Mattresses,Innerspring,"storefront: Ice/Glacier Tufted, Spruce = Innerspring",MATT,ECLIPSE,CAKING SPRUCE P/T
DIMPLEPROTFL,Mattress Protection,Mattress Protectors,code: GROUP *PRO,PROT,ELUXU,FULL DIMPLED MATT PROTECTOR
DIMPLEPROTKG,Mattress Protection,Mattress Protectors,code: GROUP *PRO,PROT,ELUXU,E KING DIMPLED MATT PROTECTOR
EF1.5FMTOPPERFL,Bedding,Toppers & Mattress Pads,description: topper / pad,TOPBED,ELUXU,"FULL MEM TOPPER 1.5"""
EF1.5FMTOPPERQN,Bedding,Toppers & Mattress Pads,description: topper / pad,TOPBED,ELUXU,"QUEEN MEM TOPPER 1.5"""
EF3.0FMTOPPERCK,Bedding,Toppers & Mattress Pads,description: topper / pad,TOPBED,ELUXU,"CAKING MEM TOPPER 3"""
EF3.0FMTOPPERKG,Bedding,Toppers & Mattress Pads,description: topper / pad,TOPBED,ELUXU,"E KING MEM TOPPER 3"""
EF3.0FMTOPPERQN,Bedding,Toppers & Mattress Pads,description: topper / pad,TOPBED,ELUXU,"QUEEN MEM TOPPER 3"""
ELXBTPAD-CK,Bedding,Toppers & Mattress Pads,description: topper / pad,TOPBED,ELUXU,CAKING BAMBOO MATTRESS PAD
ELXBTPAD-KG,Bedding,Toppers & Mattress Pads,description: topper / pad,TOPBED,ELUXU,E KING BAMBOO MATTRESS PAD
ELXBTPAS-QN,Bedding,Toppers & Mattress Pads,description: topper / pad,TOPBED,ELUXU,QUEEN BAMBOO MATTRESS PAD
ELXPWDLJAC-SINGLE,Pillows,Down & Down-Alternative Pillows,description: down / down-alternative / microfiber,PILLOW,ELUXU,QU/STD JACQ. DOWN-ALT PILLOW
ELXPWDLJAC-UNC-BLUE,Pillows,Down & Down-Alternative Pillows,description: down / down-alternative / microfiber,PILLOW,ELUXU,QU/STD JACQ. DOWN-ALT PILLOW
GRENADAHB-GY-FQ,Bedroom Furniture,Headboards,description: HB / headboard,FURN,ELUXU,QUEEN/FULL GRENADA HB GRAY
INVIS-ENC-CK,Mattress Protection,Encasements & Covers,description: zippered encasement / cover,PROT,ELUXU,CAKING 360 INVISACASE ENCASE
INVIS-ENC-KG,Mattress Protection,Encasements & Covers,description: zippered encasement / cover,PROT,ELUXU,E KING 360 INVISACASE ENCASE
INVIS-ENC-TXL,Mattress Protection,Encasements & Covers,description: zippered encasement / cover,PROT,ELUXU,TWINXL 360 INVISACASE ENCASE
TERRYPROTFL,Mattress Protection,Mattress Protectors,code: GROUP *PRO,PROT,ELUXU,FULL PREMIUM MATT PROTECTOR
TERRYPROTKG,Mattress Protection,Mattress Protectors,code: GROUP *PRO,PROT,ELUXU,E KING PREMIUM MATT PROTECTOR
TERRYPROTQN,Mattress Protection,Mattress Protectors,code: GROUP *PRO,PROT,ELUXU,QUEEN PREMIUM MATT PROTECTOR
TERRYPROTTW,Mattress Protection,Mattress Protectors,code: GROUP *PRO,PROT,ELUXU,TWIN PREMIUM MATT PROTECTOR
Z1ENAD1PB1-6080,Mattresses,Innerspring,maker: Grenadier / Essex / Allendale / Amesbury wrapped-coil innerspring,MATT,ENGLANDER,QUEEN ALLENDALE GRAND PLUSH ET
Z1ENEX1FT1-6080,Mattresses,Innerspring,maker: Grenadier / Essex / Allendale / Amesbury wrapped-coil innerspring,MATT,ENGLANDER,QUEEN ESSEX FIRM
Z1ENEX1PP1-7284,Mattresses,Innerspring,maker: Grenadier / Essex / Allendale / Amesbury wrapped-coil innerspring,MATT,ENGLANDER,CAKING ESSEX GEL VISCO P/T
Z1ENGR1FT1-3684,Mattresses,Innerspring,maker: Grenadier / Essex / Allendale / Amesbury wrapped-coil innerspring,MATT,ENGLANDER,SPLIT CK GRENADIER HD FIRM
Z1ENGR1FT1-3974,Mattresses,Innerspring,maker: Grenadier / Essex / Allendale / Amesbury wrapped-coil innerspring,MATT,ENGLANDER,TWIN GRENADIER HD FIRM
Z1ENGR1FT1-3980,Mattresses,Innerspring,maker: Grenadier / Essex / Allendale / Amesbury wrapped-coil innerspring,MATT,ENGLANDER,TWINXL GRENADIER HD FIRM
Z1ENGR1FT1-5474,Mattresses,Innerspring,maker: Grenadier / Essex / Allendale / Amesbury wrapped-coil innerspring,MATT,ENGLANDER,FULL GRENADIER HD FIRM
Z1ENGR1FT1-5480XL,Mattresses,Innerspring,maker: Grenadier / Essex / Allendale / Amesbury wrapped-coil innerspring,MATT,ENGLANDER,FULLXL GRENADIER HD FIRM
Z1ENGR1FT1-6080,Mattresses,Innerspring,maker: Grenadier / Essex / Allendale / Amesbury wrapped-coil innerspring,MATT,ENGLANDER,QUEEN GRENADIER HD FIRM
Z1ENGR1FT1-7284,Mattresses,Innerspring,maker: Grenadier / Essex / Allendale / Amesbury wrapped-coil innerspring,MATT,ENGLANDER,CAKING GRENADIER HD FIRM
Z1ENGR1FT1-7680,Mattresses,Innerspring,maker: Grenadier / Essex / Allendale / Amesbury wrapped-coil innerspring,MATT,ENGLANDER,E KING GRENADIER HD FIRM
Z1ENGR1PP1-3684,Mattresses,Innerspring,maker: Grenadier / Essex / Allendale / Amesbury wrapped-coil innerspring,MATT,ENGLANDER,SPLIT CK GRENADIER HD P/T
Z1ENGR1PP1-3974,Mattresses,Innerspring,maker: Grenadier / Essex / Allendale / Amesbury wrapped-coil innerspring,MATT,ENGLANDER,TWIN GRENADIER HD P/T
Z1ENGR1PP1-3980,Mattresses,Innerspring,maker: Grenadier / Essex / Allendale / Amesbury wrapped-coil innerspring,MATT,ENGLANDER,TWINXL GRENADIER HD P/T
Z1ENGR1PP1-5474,Mattresses,Innerspring,maker: Grenadier / Essex / Allendale / Amesbury wrapped-coil innerspring,MATT,ENGLANDER,FULL GRENADIER HD P/T
Z1ENGR1PP1-5480XL,Mattresses,Innerspring,maker: Grenadier / Essex / Allendale / Amesbury wrapped-coil innerspring,MATT,ENGLANDER,FULLXL GRENADIER HD P/T
Z1ENGR1PP1-6080,Mattresses,Innerspring,maker: Grenadier / Essex / Allendale / Amesbury wrapped-coil innerspring,MATT,ENGLANDER,QUEEN GRENADIER HD P/T
Z1ENGR1PP1-7284,Mattresses,Innerspring,maker: Grenadier / Essex / Allendale / Amesbury wrapped-coil innerspring,MATT,ENGLANDER,CAKING GRENADIER HD P/T
Z1ENGR1PP1-7680,Mattresses,Innerspring,maker: Grenadier / Essex / Allendale / Amesbury wrapped-coil innerspring,MATT,ENGLANDER,E KING GRENADIER HD P/T
Z4ENAY1PP1-7680,Mattresses,Innerspring,maker: Grenadier / Essex / Allendale / Amesbury wrapped-coil innerspring,MATT,ENGLANDER,EKING AMESBURY PLUSH PILLOWTOP
BT2000Q,Adjustable Bases,Adjustable Bed Bases,code: sized ADJ group,ADJUST,EREST,QUEEN ADJ BT2000 HEAD/FOOT
BT4000K,Adjustable Bases,Adjustable Bed Bases,code: sized ADJ group,ADJUST,EREST,E KING ADJ BT4000 WALLHUG 1-PC
H100IRQ,Adjustable Bases,Adjustable Bed Bases,code: sized ADJ group,ADJUST,EREST,QUEEN EASY REST ADJ
LUX-1050,Mattresses,Memory Foam,maker: Easy Rest Gel Lux gel memory foam,MATT,EREST,"QUEEN GEL LUX 10"" DISCO"
LUX-1250,Mattresses,Memory Foam,maker: Easy Rest Gel Lux gel memory foam,MATT,EREST,"QUEEN GEL LUX 12"" DISCO"
PC1450,Mattresses,Hybrid,description: pocketed coil bed-in-a-box,MATT,EREST,"QUEEN  DREAM 14"" POCKETED COIL"
SERVICE001,Services & Fees,Delivery & Installation,code: CATG NONINV service,NONINV,EREST,REPLACE MOTOR AND CONTROL BOX
SERVICE002,Services & Fees,Delivery & Installation,code: CATG NONINV service,NONINV,EREST,INSTALL MOTOR & CONTROL BOX
801.0,Pillows,Memory Foam Pillows,"maker: memory-foam pillows (TEMPUR, Rize, Malouf Z, Ameri, bamboo shredded foam)",PILLOW,GUARD,QUEEN BAMBOO PILLOW
CKS,Mattress Protection,Mattress Protectors,code: GROUP *PRO,PROT,GUARD,CAKING SUPREME PROTECTOR
FC,Mattress Protection,Mattress Protectors,code: GROUP *PRO,PROT,GUARD,FULL COOL TOUCH PROTECTOR
FLC,Mattress Protection,Mattress Protectors,code: GROUP *PRO,PROT,GUARD,FULLXL COOL TOUCH PROTECTOR
FLS,Mattress Protection,Mattress Protectors,code: GROUP *PRO,PROT,GUARD,FULLXL SUPREME PROTECTOR
FS,Mattress Protection,Mattress Protectors,code: GROUP *PRO,PROT,GUARD,FULL SUPREME PROTECTOR
KC,Mattress Protection,Mattress Protectors,code: GROUP *PRO,PROT,GUARD,E KING COOL TOUCH PROTECTOR
KCP,Mattress Protection,Pillow Protectors,code: GROUP PILPRO,PROT,GUARD,KING COOLTOUCH PILL. PROTECTOR
KSP,Mattress Protection,Pillow Protectors,code: GROUP PILPRO,PROT,GUARD,KING SUPREME PILLOW PRO
QC,Mattress Protection,Mattress Protectors,code: GROUP *PRO,PROT,GUARD,QUEEN COOL TOUCH PROTECTOR
QCP,Mattress Protection,Pillow Protectors,code: GROUP PILPRO,PROT,GUARD,QU PILL. COOLTOUCH PROTECTOR
QSP,Mattress Protection,Pillow Protectors,code: GROUP PILPRO,PROT,GUARD,QUEEN SUPREME PILLOW PROTECTOR
SCKC,Mattress Protection,Mattress Protectors,code: GROUP *PRO,PROT,GUARD,SPLIT CK COOL TOUCH PROTECTOR
SCKS,Mattress Protection,Mattress Protectors,code: GROUP *PRO,PROT,GUARD,SPLIT CK SUPREME PROTECTER
SG-SZ-T,Mattress Protection,Encasements & Covers,description: zippered encasement / cover,PROT,GUARD,TWIN SF ZIPPER COVER PROTECTOR
TC,Mattress Protection,Mattress Protectors,code: GROUP *PRO,PROT,GUARD,TWIN COOL TOUCH PROTECTOR
TLC,Mattress Protection,Mattress Protectors,code: GROUP *PRO,PROT,GUARD,TWINXL COOL TOUCH PROTECTOR
TLS,Mattress Protection,Mattress Protectors,code: GROUP *PRO,PROT,GUARD,TWINXL SUPREME PROTECTOR
TS,Mattress Protection,Mattress Protectors,code: GROUP *PRO,PROT,GUARD,TWIN SUPREME PROTECTOR
0075-3/3,Foundations & Box Springs,"Standard Profile (8–9"")","description: 8""–9"" foundation",FOUND,HARVEST,"TWIN HARVEST GREEN FND 9"""
0075-36X84,Foundations & Box Springs,"Standard Profile (8–9"")","description: 8""–9"" foundation",FOUND,HARVEST,"SPLIT CK HARVEST GREEN FND 9"""
0075-3X,Foundations & Box Springs,"Standard Profile (8–9"")","description: 8""–9"" foundation",FOUND,HARVEST,"TWINXL HARVEST GREEN FND 9"""
0075-4/6,Foundations & Box Springs,"Standard Profile (8–9"")","description: 8""–9"" foundation",FOUND,HARVEST,"FULL HARVEST GREEN FND 9"""
0075-5/0,Foundations & Box Springs,"Standard Profile (8–9"")","description: 8""–9"" foundation",FOUND,HARVEST,"QUEEN HARVEST GREEN FND 9"""
0076-3/3,Foundations & Box Springs,"Low Profile (4–5"")","description: LP / 4"" / 5""",FOUND,HARVEST,"TWIN LP HARVEST GREEN FND 5"""
0076-3X,Foundations & Box Springs,"Low Profile (4–5"")","description: LP / 4"" / 5""",FOUND,HARVEST,"TWINXL LP HARVEST GREEN FND 5"""
0076-4/6,Foundations & Box Springs,"Low Profile (4–5"")","description: LP / 4"" / 5""",FOUND,HARVEST,"FULL LP HARVEST GREEN FND 5"""
0076-5/0,Foundations & Box Springs,"Low Profile (4–5"")","description: LP / 4"" / 5""",FOUND,HARVEST,"QUEEN LP HARVEST GREEN FND 5"""
1050-6/6,Bedding,Toppers & Mattress Pads,description: topper / pad,TOPBED,HARVEST,E KINGHARVEST GREEN TOPPER - SOFT
1050-6/7,Bedding,Toppers & Mattress Pads,description: topper / pad,TOPBED,HARVEST,CK HARVEST GREEN TOPPER - SOFT
1055-3/3,Mattresses,Latex,"storefront/maker: Harvest Green organic Dunlop latex over coils, sold as Latex",MATT,HARVEST,TWIN HARVESTGREEN ESSENTIALS
1055-3X,Mattresses,Latex,"storefront/maker: Harvest Green organic Dunlop latex over coils, sold as Latex",MATT,HARVEST,TWINXL HARVESTGREEN ESSENTIALS
1055-4/6,Mattresses,Latex,"storefront/maker: Harvest Green organic Dunlop latex over coils, sold as Latex",MATT,HARVEST,FULL HARVESTGREEN ESSENTIALS
1055-5/0,Mattresses,Latex,"storefront/maker: Harvest Green organic Dunlop latex over coils, sold as Latex",MATT,HARVEST,QUEEN HARVESTGREEN ESSENTIALS
1055-6/6,Mattresses,Latex,"storefront/maker: Harvest Green organic Dunlop latex over coils, sold as Latex",MATT,HARVEST,E KING HARVESTGREEN ESSENTIALS
1055-6/7,Mattresses,Latex,"storefront/maker: Harvest Green organic Dunlop latex over coils, sold as Latex",MATT,HARVEST,CAKING HARVESTGREEN ESSENTIALS
1060-3/3,Mattresses,Latex,"storefront/maker: Harvest Green organic Dunlop latex over coils, sold as Latex",MATT,HARVEST,TWIN HARVEST GREEN ORIGINAL
1060-4/6,Mattresses,Latex,"storefront/maker: Harvest Green organic Dunlop latex over coils, sold as Latex",MATT,HARVEST,FULL HARVEST GREEN ORIGINAL
1060-5/0,Mattresses,Latex,"storefront/maker: Harvest Green organic Dunlop latex over coils, sold as Latex",MATT,HARVEST,QUEEN HARVEST GREEN ORIGINAL
1060-6/6,Mattresses,Latex,"storefront/maker: Harvest Green organic Dunlop latex over coils, sold as Latex",MATT,HARVEST,E KING HARVEST GREEN ORIGINAL
1060-6/7,Mattresses,Latex,"storefront/maker: Harvest Green organic Dunlop latex over coils, sold as Latex",MATT,HARVEST,CAKING HARVEST GREEN ORIGINAL
1065-3/3,Mattresses,Latex,"storefront/maker: Harvest Green organic Dunlop latex over coils, sold as Latex",MATT,HARVEST,TWIN HARVEST GREEN P/T
1065-4/6,Mattresses,Latex,"storefront/maker: Harvest Green organic Dunlop latex over coils, sold as Latex",MATT,HARVEST,FULL HARVEST GREEN P/T
1065-5/0,Mattresses,Latex,"storefront/maker: Harvest Green organic Dunlop latex over coils, sold as Latex",MATT,HARVEST,QUEEN HARVEST GREEN P/T
1065-6/6,Mattresses,Latex,"storefront/maker: Harvest Green organic Dunlop latex over coils, sold as Latex",MATT,HARVEST,E KING HARVEST GREEN P/T
1065-6/7,Mattresses,Latex,"storefront/maker: Harvest Green organic Dunlop latex over coils, sold as Latex",MATT,HARVEST,CAKING HARVEST GREEN P/T
1075-5/0,Mattresses,Latex,"storefront/maker: Harvest Green organic Dunlop latex over coils, sold as Latex",MATT,HARVEST,QN HARVEST GREEN P/T (2 SIDED)
HEBS46-5475,Mattresses,Latex,storefront: Birch Natural = Latex Hybrid Mattress,MATT,HELIX,FULL BIRCH NATURAL
HEBS50-6080,Mattresses,Latex,storefront: Birch Natural = Latex Hybrid Mattress,MATT,HELIX,QUEEN BIRCH NATURAL
HEXDUC50-6080,Mattresses,Hybrid,storefront/maker: Helix Midnight/Twilight/Dusk/Sunset/Luxe/Elite hybrids,MATT,HELIX,QUEEN DUSK LUXE - GLACIOTEX
HEXELITEMI_FP-6080,Mattresses,Hybrid,storefront/maker: Helix Midnight/Twilight/Dusk/Sunset/Luxe/Elite hybrids,MATT,HELIX,QUEEN MIDNIGHT-ELITE MEDIUM
HEXELITEMI_FP-7284,Mattresses,Hybrid,storefront/maker: Helix Midnight/Twilight/Dusk/Sunset/Luxe/Elite hybrids,MATT,HELIX,CAKING MIDNIGHT-ELITE MEDIUM
HEXELITEMI_FP-7680,Mattresses,Hybrid,storefront/maker: Helix Midnight/Twilight/Dusk/Sunset/Luxe/Elite hybrids,MATT,HELIX,E KING MIDNIGHT-ELITE MEDIUM
HEXELITETW_FP-6080,Mattresses,Hybrid,storefront/maker: Helix Midnight/Twilight/Dusk/Sunset/Luxe/Elite hybrids,MATT,HELIX,QUEEN TWILIGHT-ELITE FIRM
HEXELITETW_FP-7284,Mattresses,Hybrid,storefront/maker: Helix Midnight/Twilight/Dusk/Sunset/Luxe/Elite hybrids,MATT,HELIX,CAKING TWILIGHT-ELITE FIRM
HEXELITETW_FP-7680,Mattresses,Hybrid,storefront/maker: Helix Midnight/Twilight/Dusk/Sunset/Luxe/Elite hybrids,MATT,HELIX,E KING TWILIGHT-ELITE FIRM
HEXMI66-7680,Mattresses,Hybrid,storefront/maker: Helix Midnight/Twilight/Dusk/Sunset/Luxe/Elite hybrids,MATT,HELIX,E KINGMIDNIGHT LUXE MED TC/LL
HEXMICK66-7680,Mattresses,Hybrid,storefront/maker: Helix Midnight/Twilight/Dusk/Sunset/Luxe/Elite hybrids,MATT,HELIX,E KING MIDNIGHT-LUXE GT/CF
HEXMIC_FP-3975,Mattresses,Hybrid,storefront/maker: Helix Midnight/Twilight/Dusk/Sunset/Luxe/Elite hybrids,MATT,HELIX,TWIN MIDNIGHT-LUXE MEDIUM
HEXMIC_FP-5475,Mattresses,Hybrid,storefront/maker: Helix Midnight/Twilight/Dusk/Sunset/Luxe/Elite hybrids,MATT,HELIX,FULL MIDNIGHT-LUXE MEDIUM
HEXMIC_FP-6080,Mattresses,Hybrid,storefront/maker: Helix Midnight/Twilight/Dusk/Sunset/Luxe/Elite hybrids,MATT,HELIX,QUEEN MIDNIGHT-LUXE MEDIUM
HEXMIC_FP-7284,Mattresses,Hybrid,storefront/maker: Helix Midnight/Twilight/Dusk/Sunset/Luxe/Elite hybrids,MATT,HELIX,CAKING MIDNIGHT-LUXE MEDIUM
HEXMIC_FP-7680,Mattresses,Hybrid,storefront/maker: Helix Midnight/Twilight/Dusk/Sunset/Luxe/Elite hybrids,MATT,HELIX,E KING MIDNIGHT-LUXE MEDIUM
HEXMIL66-7680,Mattresses,Hybrid,storefront/maker: Helix Midnight/Twilight/Dusk/Sunset/Luxe/Elite hybrids,MATT,HELIX,E KINGMIDNIGHT LUXE MED TC/EA
HEXMILC-7680,Mattresses,Hybrid,storefront/maker: Helix Midnight/Twilight/Dusk/Sunset/Luxe/Elite hybrids,MATT,HELIX,E KINGMIDNIGHT LUXE MED-ERGOALIGN
HEXMILC66-7680,Mattresses,Hybrid,storefront/maker: Helix Midnight/Twilight/Dusk/Sunset/Luxe/Elite hybrids,MATT,HELIX,E KINGLUXE GLACIOTEX/ERGO ALIGN
HEXMILC67-7284,Mattresses,Hybrid,storefront/maker: Helix Midnight/Twilight/Dusk/Sunset/Luxe/Elite hybrids,MATT,HELIX,CK MIDNIGHT LUXE MED-ERGOALIGN
HEXMILCK66-7680,Mattresses,Hybrid,storefront/maker: Helix Midnight/Twilight/Dusk/Sunset/Luxe/Elite hybrids,MATT,HELIX,E KINGMIDNIGHT-LUXE MED GT/EA/CF
HEXSMIC66-7680,Mattresses,Hybrid,storefront/maker: Helix Midnight/Twilight/Dusk/Sunset/Luxe/Elite hybrids,MATT,HELIX,E KINGMIDNIGHT MEDIUM - GLACIOTEX
HEXSMIL-7284,Mattresses,Hybrid,storefront/maker: Helix Midnight/Twilight/Dusk/Sunset/Luxe/Elite hybrids,MATT,HELIX,CK MIDNIGHT MED W/ ERGOALIGN
HEXSMIL50-6080,Mattresses,Hybrid,storefront/maker: Helix Midnight/Twilight/Dusk/Sunset/Luxe/Elite hybrids,MATT,HELIX,QN MIDNIGHT MEDIUM - ERGOALIGN
HEXSMI_FP-3975,Mattresses,Hybrid,storefront/maker: Helix Midnight/Twilight/Dusk/Sunset/Luxe/Elite hybrids,MATT,HELIX,TWIN MIDNIGHT MEDIUM
HEXSMI_FP-5475,Mattresses,Hybrid,storefront/maker: Helix Midnight/Twilight/Dusk/Sunset/Luxe/Elite hybrids,MATT,HELIX,FULL MIDNIGHT MEDIUM
HEXSMI_FP-6080,Mattresses,Hybrid,storefront/maker: Helix Midnight/Twilight/Dusk/Sunset/Luxe/Elite hybrids,MATT,HELIX,QUEEN MIDNIGHT MEDIUM
HEXSMI_FP-7284,Mattresses,Hybrid,storefront/maker: Helix Midnight/Twilight/Dusk/Sunset/Luxe/Elite hybrids,MATT,HELIX,CAKING MIDNIGHT MEDIUM
HEXSMI_FP-7680,Mattresses,Hybrid,storefront/maker: Helix Midnight/Twilight/Dusk/Sunset/Luxe/Elite hybrids,MATT,HELIX,E KING MIDNIGHT MEDIUM
HEXSSU_FP-6080,Mattresses,Hybrid,storefront/maker: Helix Midnight/Twilight/Dusk/Sunset/Luxe/Elite hybrids,MATT,HELIX,QUEEN SUNSET (NON-COOLING)
HEXSTW_FP-3975,Mattresses,Hybrid,storefront/maker: Helix Midnight/Twilight/Dusk/Sunset/Luxe/Elite hybrids,MATT,HELIX,TWIN TWILIGHT FIRM
HEXSTW_FP-3980,Mattresses,Hybrid,storefront/maker: Helix Midnight/Twilight/Dusk/Sunset/Luxe/Elite hybrids,MATT,HELIX,TWINXL TWILIGHT FIRM
HEXSTW_FP-5475,Mattresses,Hybrid,storefront/maker: Helix Midnight/Twilight/Dusk/Sunset/Luxe/Elite hybrids,MATT,HELIX,FULL TWILIGHT FIRM
HEXSTW_FP-6080,Mattresses,Hybrid,storefront/maker: Helix Midnight/Twilight/Dusk/Sunset/Luxe/Elite hybrids,MATT,HELIX,QUEEN TWILIGHT FIRM
HEXSTW_FP-7284,Mattresses,Hybrid,storefront/maker: Helix Midnight/Twilight/Dusk/Sunset/Luxe/Elite hybrids,MATT,HELIX,CAKING TWILIGHT FIRM
HEXSTW_FP-7680,Mattresses,Hybrid,storefront/maker: Helix Midnight/Twilight/Dusk/Sunset/Luxe/Elite hybrids,MATT,HELIX,E KING TWILIGHT FIRM
HEXTWC_FP-3975,Mattresses,Hybrid,storefront/maker: Helix Midnight/Twilight/Dusk/Sunset/Luxe/Elite hybrids,MATT,HELIX,TWIN TWILIGHT-LUXE FIRM
HEXTWC_FP-5475,Mattresses,Hybrid,storefront/maker: Helix Midnight/Twilight/Dusk/Sunset/Luxe/Elite hybrids,MATT,HELIX,FULL TWILIGHT-LUXE FIRM
HEXTWC_FP-6080,Mattresses,Hybrid,storefront/maker: Helix Midnight/Twilight/Dusk/Sunset/Luxe/Elite hybrids,MATT,HELIX,QUEEN TWILIGHT-LUXE FIRM
HEXTWC_FP-7284,Mattresses,Hybrid,storefront/maker: Helix Midnight/Twilight/Dusk/Sunset/Luxe/Elite hybrids,MATT,HELIX,CAKING TWILIGHT-LUXE FIRM
HEXTWC_FP-7680,Mattresses,Hybrid,storefront/maker: Helix Midnight/Twilight/Dusk/Sunset/Luxe/Elite hybrids,MATT,HELIX,E KING TWILIGHT-LUXE FIRM
1139-2,Bed Frames,Metal Bed Frames,code: GROUP FRAMES,BED,KNICK,TWIN ENGAUGE BED FRAME
1154-2,Bed Frames,Metal Bed Frames,code: GROUP FRAMES,BED,KNICK,FULL ENGAUGE BED FRAME
1160-2,Bed Frames,Metal Bed Frames,code: GROUP FRAMES,BED,KNICK,QUEEN ENGAUGE BED FRAME
1172-2,Bed Frames,Metal Bed Frames,code: GROUP FRAMES,BED,KNICK,CAKING ENGAUGE BED FRAME
1176-2,Bed Frames,Metal Bed Frames,code: GROUP FRAMES,BED,KNICK,E KING ENGAUGE BED FRAME
2139-1T,Bed Frames,Metal Bed Frames,code: GROUP FRAMES,BED,KNICK,TWIN WHITE emBRACE™ HD FRAME
2139-2T,Bed Frames,Metal Bed Frames,code: GROUP FRAMES,BED,KNICK,TWIN BLACK emBRACE™ HD FRAME
2139-3T,Bed Frames,Metal Bed Frames,code: GROUP FRAMES,BED,KNICK,TWIN BROWN emBRACE™ HD FRAME
2139-4T,Bed Frames,Metal Bed Frames,code: GROUP FRAMES,BED,KNICK,TWIN GRAY emBRACE™ HD FRAME
2139-5T,Bed Frames,Metal Bed Frames,code: GROUP FRAMES,BED,KNICK,TWIN RED emBRACE™ HD FRAME
2139XL-1,Bed Frames,Metal Bed Frames,code: GROUP FRAMES,BED,KNICK,TWINXL WHITE emBRACE™ HD FRAME
2139XL-2,Bed Frames,Metal Bed Frames,code: GROUP FRAMES,BED,KNICK,TWINXL BLACK emBRACE™ HD FRAME
2139XL-3,Bed Frames,Metal Bed Frames,code: GROUP FRAMES,BED,KNICK,TWINXL BROWN emBRACE™ HD FRAME
2139XL-4,Bed Frames,Metal Bed Frames,code: GROUP FRAMES,BED,KNICK,TWINXL GRAY emBRACE™ HD FRAME
2139XL-5,Bed Frames,Metal Bed Frames,code: GROUP FRAMES,BED,KNICK,TWINXL RED emBRACE™ HD FRAME
2154-1F,Bed Frames,Metal Bed Frames,code: GROUP FRAMES,BED,KNICK,FULL WHITE emBRACE™ HD FRAME
2154-2F,Bed Frames,Metal Bed Frames,code: GROUP FRAMES,BED,KNICK,FULL BLACK emBRACE™ HD FRAME
2154-3F,Bed Frames,Metal Bed Frames,code: GROUP FRAMES,BED,KNICK,FULL BROWN emBRACE™ HD FRAME
2154-4F,Bed Frames,Metal Bed Frames,code: GROUP FRAMES,BED,KNICK,FULL GRAY emBRACE™ HD FRAME
2154-5F,Bed Frames,Metal Bed Frames,code: GROUP FRAMES,BED,KNICK,FULL RED emBRACE™ HD FRAME
2160-1Q,Bed Frames,Metal Bed Frames,code: GROUP FRAMES,BED,KNICK,QUEEN WHITE emBRACE™ HD FRAME
2160-2Q,Bed Frames,Metal Bed Frames,code: GROUP FRAMES,BED,KNICK,QUEEN BLACK emBRACE™ HD FRAME
2160-3Q,Bed Frames,Metal Bed Frames,code: GROUP FRAMES,BED,KNICK,QUEEN BROWN emBRACE™ HD FRAME
2160-4Q,Bed Frames,Metal Bed Frames,code: GROUP FRAMES,BED,KNICK,QUEEN GRAY emBRACE™ HD FRAME
2160-5Q,Bed Frames,Metal Bed Frames,code: GROUP FRAMES,BED,KNICK,QUEEN RED emBRACE™ HD FRAME
2172-1CK,Bed Frames,Metal Bed Frames,code: GROUP FRAMES,BED,KNICK,CAKING WHITE emBRACE™ HD FRAME
2172-2CK,Bed Frames,Metal Bed Frames,code: GROUP FRAMES,BED,KNICK,CAKING BLACK emBRACE™ HD FRAME
2172-3CK,Bed Frames,Metal Bed Frames,code: GROUP FRAMES,BED,KNICK,CAKING BROWN emBRACE™ HD FRAME
2172-4CK,Bed Frames,Metal Bed Frames,code: GROUP FRAMES,BED,KNICK,CAKING GRAY emBRACE HD FRAME
2176-1K,Bed Frames,Metal Bed Frames,code: GROUP FRAMES,BED,KNICK,E KING WHITE emBRACE™ HD FRAME
2176-2K,Bed Frames,Metal Bed Frames,code: GROUP FRAMES,BED,KNICK,E KING BLACK emBRACE™ HD FRAME
2176-3K,Bed Frames,Metal Bed Frames,code: GROUP FRAMES,BED,KNICK,E KING BROWN emBRACE™ HD FRAME
2176-4K,Bed Frames,Metal Bed Frames,code: GROUP FRAMES,BED,KNICK,E KING GRAY emBRACE™ HD FRAME
2176-5K,Bed Frames,Metal Bed Frames,code: GROUP FRAMES,BED,KNICK,E KING RED emBRACE™ HD FRAME
38G,Bed Frames,Metal Bed Frames,code: GROUP FRAMES,BED,KNICK,T/F METAL FRAME W/GLIDES
4139-4T,Bed Frames,Metal Bed Frames,code: GROUP FRAMES,BED,KNICK,TWIN GRAY emBRACE360 HD FRAME
4139XL-4,Bed Frames,Metal Bed Frames,code: GROUP FRAMES,BED,KNICK,TWINXL GRY emBRACE360 HD FRAME
4154-2F,Bed Frames,Metal Bed Frames,code: GROUP FRAMES,BED,KNICK,FULL BLK emBRACE360 HD FRAME
4160-1Q,Bed Frames,Metal Bed Frames,code: GROUP FRAMES,BED,KNICK,QUEEN WHT emBRACE360 HD FRAME
4160-2Q,Bed Frames,Metal Bed Frames,code: GROUP FRAMES,BED,KNICK,QUEEN BLK emBRACE360 HD FRAME
4172-2CK,Bed Frames,Metal Bed Frames,code: GROUP FRAMES,BED,KNICK,CAKING BLK emBRACE360 HD FRAME
4176-1EK,Bed Frames,Metal Bed Frames,code: GROUP FRAMES,BED,KNICK,E KING WHT emBRACE360 HD FRAME
4176-2EK,Bed Frames,Metal Bed Frames,code: GROUP FRAMES,BED,KNICK,E KING BLK emBRACE360 HD FRAME
4176-4EK,Bed Frames,Metal Bed Frames,code: GROUP FRAMES,BED,KNICK,E KING GRY emBRACE360 HD FRAME
4650G,Bed Frames,Metal Bed Frames,code: GROUP FRAMES,BED,KNICK,Q/FXL/TXL METAL FRAME W/GLIDES
6078G,Bed Frames,Metal Bed Frames,code: GROUP FRAMES,BED,KNICK,CK/E KINGMETAL FRAME W/GLIDES
BEDBEAM-CK,Bed Frames,Frame Parts & Hardware,description: wheels / slat supports / brackets / rails,BED,KNICK,CAKING BEDBEAM SLAT SUPPORT
BEDBEAM-EK,Bed Frames,Frame Parts & Hardware,description: wheels / slat supports / brackets / rails,BED,KNICK,E KING BEDBEAM SLAT SUPPORT
BEDBEAM-F,Bed Frames,Frame Parts & Hardware,description: wheels / slat supports / brackets / rails,BED,KNICK,FULL BEDBEAM SLAT SUPPORT
BEDBEAM-Q,Bed Frames,Frame Parts & Hardware,description: wheels / slat supports / brackets / rails,BED,KNICK,QUEEN BEDBEAM SLAT SUPPORT
EK-BOLT-IN-RAILS,Bed Frames,Frame Parts & Hardware,description: wheels / slat supports / brackets / rails,BED,KNICK,"""PRODUCT #70"""
K/Q-WHEELS-KNICK,Bed Frames,Frame Parts & Hardware,description: wheels / slat supports / brackets / rails,BED,KNICK,WHEELS ONLY FOR K/Q KNICK 6-PK
KB2007-G,Bed Frames,Metal Bed Frames,code: GROUP FRAMES,BED,KNICK,T/F/Q/K/CK 3-LEG SUPPORT FRAME
KB618,Bed Frames,Metal Bed Frames,code: GROUP FRAMES,BED,KNICK,T/F/Q/K/CK LOW PRO HD FRAME
LAZARBEAM-CK,Bed Frames,Frame Parts & Hardware,description: wheels / slat supports / brackets / rails,BED,KNICK,CAKING LAZARBEAM SLAT SUPPORT
LAZARBEAM-EK,Bed Frames,Frame Parts & Hardware,description: wheels / slat supports / brackets / rails,BED,KNICK,E KING LAZARBEAM SLAT SUPPORT
LAZARBEAM-F,Bed Frames,Frame Parts & Hardware,description: wheels / slat supports / brackets / rails,BED,KNICK,FULL LAZARBEAM SLAT SUPPORT
LAZARBEAM-Q,Bed Frames,Frame Parts & Hardware,description: wheels / slat supports / brackets / rails,BED,KNICK,QUEEN LAZARBEAM SLAT SUPPORT
SM-SC-BIFD-75F,Foundations & Box Springs,"Standard Profile (8–9"")","description: 8""–9"" foundation",FOUND,KNICK,FULL JAYANNA BOX 9'' FND
T/F-WHEELS-KNICK,Bed Frames,Frame Parts & Hardware,description: wheels / slat supports / brackets / rails,BED,KNICK,WHEELS ONLY FOR T/F KNICK 4-PK
WHEEL-KNICK,Bed Frames,Frame Parts & Hardware,description: wheels / slat supports / brackets / rails,BED,KNICK,WHEEL FOR KNICKERBOCKER FRAME
420059,Bed Frames,Metal Bed Frames,code: GROUP FRAMES,BED,LEGG,QUEEN INSTAMATIC FRAME WGLIDES
420221,Bed Frames,Metal Bed Frames,code: GROUP FRAMES,BED,LEGG,79/60-6R T/F/Q/K/CK FRAME
420298,Bed Frames,Metal Bed Frames,code: GROUP FRAMES,BED,LEGG,1004/1001 T/F BRASS BED FRAME
420546,Bed Frames,Frame Parts & Hardware,description: wheels / slat supports / brackets / rails,BED,LEGG,QUEEN/KING W/HOOK ON HB BRKT
426207,Bed Frames,Frame Parts & Hardware,description: wheels / slat supports / brackets / rails,BED,LEGG,PL834G T/F RND HB BRKT
426210,Bed Frames,Frame Parts & Hardware,description: wheels / slat supports / brackets / rails,BED,LEGG,PL860G/RB C/K ONLY RND HB BRKT
434077-6974,Bed Frames,Metal Bed Frames,code: GROUP FRAMES,BED,LEGG,CK 9-LEG BED FRAME HB/FB BRKTS
571083,Bed Frames,Platform & Folding Frames,code: GROUP BEDFRA / platform bed base,BED,LEGG,E KING HOTEL BED BASE BRWN 660
571083-BLACK,Bed Frames,Platform & Folding Frames,code: GROUP BEDFRA / platform bed base,BED,LEGG,PED CKXL 7560XL BLACK BED BASE
QD0120,Mattress Protection,Mattress Protectors,code: GROUP *PRO,PROT,LEGG,TWIN MICRO PLUSH PROTECTOR
QD0121,Mattress Protection,Mattress Protectors,code: GROUP *PRO,PROT,LEGG,TWIN MICRO PLUSH MATTRESS PRO
QD0122,Mattress Protection,Mattress Protectors,code: GROUP *PRO,PROT,LEGG,FULL MICRO PLUSH PROTECTOR
QD0124,Mattress Protection,Mattress Protectors,code: GROUP *PRO,PROT,LEGG,E KING MICRO PLUSH MATTRES PRO
QD0129,Mattress Protection,Mattress Protectors,code: GROUP *PRO,PROT,LEGG,CAKING MICRO PLUSH MATTRES PRO
QD0181,Mattress Protection,Mattress Protectors,code: GROUP *PRO,PROT,LEGG,E KING PLATINUM MATTRESS PRO
QD0182,Mattress Protection,Mattress Protectors,code: GROUP *PRO,PROT,LEGG,CAKING PLATINUM MATTRESS PRO
QD0270,Mattress Protection,Mattress Protectors,code: GROUP *PRO,PROT,LEGG,CAKING CLEAN SHIELD MATT PRO
MA0001UPLCKCH,Bed Frames,Platform & Folding Frames,code: GROUP BEDFRA / platform bed base,BED,MALOUF,CAKING FABRIC HIGHRISE FRAME
MA0001UPLFFCH,Bed Frames,Platform & Folding Frames,code: GROUP BEDFRA / platform bed base,BED,MALOUF,FULL FABRIC HIGHRISE FRAME
MA0001UPLKKCH,Bed Frames,Platform & Folding Frames,code: GROUP BEDFRA / platform bed base,BED,MALOUF,E KING FABRIC HIGHRISE FRAME
MA0001UPLQQCH,Bed Frames,Platform & Folding Frames,code: GROUP BEDFRA / platform bed base,BED,MALOUF,QUEEN FABRIC HIGHRISE FRAME
MA03CKOPTS,Bedding,Sheet Sets,code: GROUP *SHE / description sheets,TOPBED,MALOUF,CAKING TENCEL SHEETS OPAL
MA03FFWHTS,Bedding,Sheet Sets,code: GROUP *SHE / description sheets,TOPBED,MALOUF,FULL TENCEL SHEETS WHITE
MA03KKDUTS,Bedding,Sheet Sets,code: GROUP *SHE / description sheets,TOPBED,MALOUF,E KING TENCEL SHEETS DUSK
MA03KKHATS,Bedding,Sheet Sets,code: GROUP *SHE / description sheets,TOPBED,MALOUF,E KING TENCEL SHEETS HARVEST
MA03KKWHTS,Bedding,Sheet Sets,code: GROUP *SHE / description sheets,TOPBED,MALOUF,E KING TENCEL SHEETS WHITE
MA03QQDUTC,Bedding,Pillowcases,code: GROUP *PCAS,TOPBED,MALOUF,QUEEN TENCEL PILLOW CASE DUSK
MA03QQECTC,Bedding,Pillowcases,code: GROUP *PCAS,TOPBED,MALOUF,QUEEN TENCEL PILLOW CASE ECRU
MA03QQECTS,Bedding,Sheet Sets,code: GROUP *SHE / description sheets,TOPBED,MALOUF,QUEEN TENCEL SHEETS ECRU
MA03QQHATC,Bedding,Pillowcases,code: GROUP *PCAS,TOPBED,MALOUF,QUEEN TENCEL PILL CASE HARVEST
MA03QQHATS,Bedding,Sheet Sets,code: GROUP *SHE / description sheets,TOPBED,MALOUF,QUEEN TENCEL SHEETS HARVEST
MA03QQIVTC,Bedding,Pillowcases,code: GROUP *PCAS,TOPBED,MALOUF,QUEEN TENCEL PILLOW CASE IVORY
MA03QQOPTC,Bedding,Pillowcases,code: GROUP *PCAS,TOPBED,MALOUF,QUEEN TENCEL PILLOW CASE OPAL
MA03QQOPTS,Bedding,Sheet Sets,code: GROUP *SHE / description sheets,TOPBED,MALOUF,QUEEN TENCEL SHEETS OPAL
MA03QQWHTC,Bedding,Pillowcases,code: GROUP *PCAS,TOPBED,MALOUF,QUEEN TENCEL PILLOW CASE WHITE
MA03QQWHTS,Bedding,Sheet Sets,code: GROUP *SHE / description sheets,TOPBED,MALOUF,QUEEN TENCEL SHEETS WHITE
MA03SKDUTS,Bedding,Sheet Sets,code: GROUP *SHE / description sheets,TOPBED,MALOUF,SPLIT E KING TENCEL SHEET DUSK
MA06QQIVCS,Bedding,Sheet Sets,code: GROUP *SHE / description sheets,TOPBED,MALOUF,QUEEN 600 TC SHEETS IVORY
MA12CKSACS,Bedding,Sheet Sets,code: GROUP *SHE / description sheets,TOPBED,MALOUF,CAKING LINEN SHEETS SAND
MA12CKSGCS,Bedding,Sheet Sets,code: GROUP *SHE / description sheets,TOPBED,MALOUF,CAKING LINEN SHEETS SAGE
MA12FFSGCS,Bedding,Sheet Sets,code: GROUP *SHE / description sheets,TOPBED,MALOUF,FULL LINEN SHEET SAGE
MA12FFWHCS,Bedding,Sheet Sets,code: GROUP *SHE / description sheets,TOPBED,MALOUF,FULL LINEN SHEET WHITE
MA12KKSACS,Bedding,Sheet Sets,code: GROUP *SHE / description sheets,TOPBED,MALOUF,E KING LINEN SHEETS SAND
MA12KKSGCS,Bedding,Sheet Sets,code: GROUP *SHE / description sheets,TOPBED,MALOUF,E KING LINEN SHEETS SAGE
MA12KKWHCS,Bedding,Sheet Sets,code: GROUP *SHE / description sheets,TOPBED,MALOUF,E KING LINEN SHEETS WHITE
MA12QQFGCC,Bedding,Pillowcases,code: GROUP *PCAS,TOPBED,MALOUF,QUEEN LINEN PILLOW CASE FOG
MA12QQSACC,Bedding,Pillowcases,code: GROUP *PCAS,TOPBED,MALOUF,QUEEN LINEN PILLOW CASE SAND
MA12QQSACS,Bedding,Sheet Sets,code: GROUP *SHE / description sheets,TOPBED,MALOUF,QUEEN LINEN SHEETS SAND
MA12QQSGCC,Bedding,Pillowcases,code: GROUP *PCAS,TOPBED,MALOUF,QUEEN LINEN PILLOW CASE SAGE
MA12QQWHCC,Bedding,Pillowcases,code: GROUP *PCAS,TOPBED,MALOUF,QUEEN LINEN PILLOW CASE WHITE
MA12QQWHCS,Bedding,Sheet Sets,code: GROUP *SHE / description sheets,TOPBED,MALOUF,QUEEN LINEN SHEETS WHITE
MA12TTSACS,Bedding,Sheet Sets,code: GROUP *SHE / description sheets,TOPBED,MALOUF,TWIN LINEN SHEETS SAND
MA12TTSGCS,Bedding,Sheet Sets,code: GROUP *SHE / description sheets,TOPBED,MALOUF,TWIN LINEN SHEETS SAGE
MA25CKRABS,Bedding,Sheet Sets,code: GROUP *SHE / description sheets,TOPBED,MALOUF,CAKING BAMBOO SHEETS RAIN
MA25CKWHBS,Bedding,Sheet Sets,code: GROUP *SHE / description sheets,TOPBED,MALOUF,CAKING BAMBOO SHEETS WHITE
MA25FFWHBS,Bedding,Sheet Sets,code: GROUP *SHE / description sheets,TOPBED,MALOUF,FULL BAMBOO SHEETS WHITE
MA25KKDRBS,Bedding,Sheet Sets,code: GROUP *SHE / description sheets,TOPBED,MALOUF,E KING BAMBOO SHEETS DRIFTWOOD
MA25KKRABS,Bedding,Sheet Sets,code: GROUP *SHE / description sheets,TOPBED,MALOUF,E KING BAMBOO SHEETS RAIN
MA25KKWHBS,Bedding,Sheet Sets,code: GROUP *SHE / description sheets,TOPBED,MALOUF,E KING BAMBOO SHEETS WHITE
MA25QQASBC,Bedding,Pillowcases,code: GROUP *PCAS,TOPBED,MALOUF,QUEEN BAMBOO PILLOW CASE ASH
MA25QQASBS,Bedding,Sheet Sets,code: GROUP *SHE / description sheets,TOPBED,MALOUF,QUEEN BAMBOO SHEETS ASH
MA25QQDRBC,Bedding,Pillowcases,code: GROUP *PCAS,TOPBED,MALOUF,QU BAMBOO PILLOW CAS DRIFTWOOD
MA25QQDRBS,Bedding,Sheet Sets,code: GROUP *SHE / description sheets,TOPBED,MALOUF,QUEEN BAMBOO SHEETS DRIFTWOOD
MA25QQIVBC,Bedding,Pillowcases,code: GROUP *PCAS,TOPBED,MALOUF,QUEEN BAMBOO PILLOW CASE IVORY
MA25QQRABC,Bedding,Pillowcases,code: GROUP *PCAS,TOPBED,MALOUF,QUEEN BAMBOO PILLOW CASE RAIN
MA25QQWHBC,Bedding,Pillowcases,code: GROUP *PCAS,TOPBED,MALOUF,QUEEN BAMBOO PILLOW CASE WHITE
MA25QQWHBS,Bedding,Sheet Sets,code: GROUP *SHE / description sheets,TOPBED,MALOUF,QUEEN BAMBOO SHEETS WHITE
MA25SKWHBS,Bedding,Sheet Sets,code: GROUP *SHE / description sheets,TOPBED,MALOUF,SPLIT E KINGBAMBOO SHEETS WHITE
MA25TXWHBS,Bedding,Sheet Sets,code: GROUP *SHE / description sheets,TOPBED,MALOUF,TWINXL BAMBOO SHEETS WHITE
MA90CKDRMS,Bedding,Sheet Sets,code: GROUP *SHE / description sheets,TOPBED,MALOUF,CK MICROFIBER SHEETS DRIFTWOOD
MA90CKWHMS,Bedding,Sheet Sets,code: GROUP *SHE / description sheets,TOPBED,MALOUF,CAKING MICROFIBER SHEETS WHITE
MA90FFASMS,Bedding,Sheet Sets,code: GROUP *SHE / description sheets,TOPBED,MALOUF,FULL MICROFIBER SHEETS ASH
MA90FFWHMS,Bedding,Sheet Sets,code: GROUP *SHE / description sheets,TOPBED,MALOUF,FULL MICROFIBER SHEETS WHITE
MA90KKDRMS,Bedding,Sheet Sets,code: GROUP *SHE / description sheets,TOPBED,MALOUF,E KINGMICROFIBER SHEETS DRIFTWOOD
MA90KKFEMS,Bedding,Sheet Sets,code: GROUP *SHE / description sheets,TOPBED,MALOUF,E KING MICROFIBER SHEETS FERN
MA90KKPAMS,Bedding,Sheet Sets,code: GROUP *SHE / description sheets,TOPBED,MALOUF,E KINGMICROFIBER SHEETS PACIFIC
MA90KKWHMS,Bedding,Sheet Sets,code: GROUP *SHE / description sheets,TOPBED,MALOUF,E KING MICROFIBER SHEETS WHITE
MA90QQASMS,Bedding,Sheet Sets,code: GROUP *SHE / description sheets,TOPBED,MALOUF,QUEEN MICROFIBER SHEETS ASH
MA90QQASPC,Bedding,Pillowcases,code: GROUP *PCAS,TOPBED,MALOUF,QUEEN MICROFIBER PILLOW CS ASH
MA90QQBHPC,Bedding,Pillowcases,code: GROUP *PCAS,TOPBED,MALOUF,QU MICROFIBER PILLOW CAS BLUSH
MA90QQDRMS,Bedding,Sheet Sets,code: GROUP *SHE / description sheets,TOPBED,MALOUF,QU MICROFIBER SHEETS DRIFTWOOD
MA90QQDRPC,Bedding,Pillowcases,code: GROUP *PCAS,TOPBED,MALOUF,QU MICROFIBER PILLOW DRIFTWOOD
MA90QQFEMS,Bedding,Sheet Sets,code: GROUP *SHE / description sheets,TOPBED,MALOUF,QUEEN MICROFIBER SHEETS FERN
MA90QQFEPC,Bedding,Pillowcases,code: GROUP *PCAS,TOPBED,MALOUF,QUEEN MICROFIBER PILLOW C FERN
MA90QQPAMS,Bedding,Sheet Sets,code: GROUP *SHE / description sheets,TOPBED,MALOUF,QU. MICROFIBER SHEETS PACIFIC
MA90QQPAPC,Bedding,Pillowcases,code: GROUP *PCAS,TOPBED,MALOUF,QU MICROFIBER PILLOW C PACIFIC
MA90QQWHMS,Bedding,Sheet Sets,code: GROUP *SHE / description sheets,TOPBED,MALOUF,QUEEN MICROFIBER SHEETS WHITE
MA90QQWHPC,Bedding,Pillowcases,code: GROUP *PCAS,TOPBED,MALOUF,QU. MICROFIBER PILLOW CS WHITE
MA90TTPAMS,Bedding,Sheet Sets,code: GROUP *SHE / description sheets,TOPBED,MALOUF,TWIN MICROFIBER SHEETS PACIFIC
MA90TTWHMS,Bedding,Sheet Sets,code: GROUP *SHE / description sheets,TOPBED,MALOUF,TWIN MICROFIBER SHEETS WHITE
MAS6CKCCSS,Bedding,Sheet Sets,code: GROUP *SHE / description sheets,TOPBED,MALOUF,CAKING SUPIMA SHEETS CHARCOAL
MAS6CKFLSS,Bedding,Sheet Sets,code: GROUP *SHE / description sheets,TOPBED,MALOUF,CAKING SUPIMA SHEETS FLAX
MAS6CKWHSS,Bedding,Sheet Sets,code: GROUP *SHE / description sheets,TOPBED,MALOUF,CAKING SUPIMA SHEETS WHITE
MAS6FFCCSS,Bedding,Sheet Sets,code: GROUP *SHE / description sheets,TOPBED,MALOUF,FULL SUPIMA SHEETS CHARCOAL
MAS6FFFLSS,Bedding,Sheet Sets,code: GROUP *SHE / description sheets,TOPBED,MALOUF,FULL SUPIMA SHEETS FLAX
MAS6FFSMSS,Bedding,Sheet Sets,code: GROUP *SHE / description sheets,TOPBED,MALOUF,FULL SUPIMA SHEETS SMOKE
MAS6FFWHSS,Bedding,Sheet Sets,code: GROUP *SHE / description sheets,TOPBED,MALOUF,FULL SUPIMA SHEETS WHITE
MAS6KKSMSS,Bedding,Sheet Sets,code: GROUP *SHE / description sheets,TOPBED,MALOUF,E KING SUPIMA SHEETS SMOKE
MAS6KKWHSS,Bedding,Sheet Sets,code: GROUP *SHE / description sheets,TOPBED,MALOUF,E KING SUPIMA SHEETS WHITE
MAS6QQCCPC,Bedding,Pillowcases,code: GROUP *PCAS,TOPBED,MALOUF,QUEEN SUPIMA PILLOW C CHARCOAL
MAS6QQCCSS,Bedding,Sheet Sets,code: GROUP *SHE / description sheets,TOPBED,MALOUF,QUEEN SUPIMA SHEETS CHARCOAL
MAS6QQFLPC,Bedding,Pillowcases,code: GROUP *PCAS,TOPBED,MALOUF,QUEEN SUPIMA PILLOW CASE FLAX
MAS6QQFLSS,Bedding,Sheet Sets,code: GROUP *SHE / description sheets,TOPBED,MALOUF,QUEEN SUPIMA SHEETS FLAX
MAS6QQSMPC,Bedding,Pillowcases,code: GROUP *PCAS,TOPBED,MALOUF,QUEEN SUPIMA PILLOW CASE SMOKE
MAS6QQSMSS,Bedding,Sheet Sets,code: GROUP *SHE / description sheets,TOPBED,MALOUF,QUEEN SUPIMA SHEETS SMOKE
MAS6QQWHPC,Bedding,Pillowcases,code: GROUP *PCAS,TOPBED,MALOUF,QUEEN SUPIMA PILLOW CASE WHITE
MAS6TXCCSS,Bedding,Sheet Sets,code: GROUP *SHE / description sheets,TOPBED,MALOUF,TWINXL SUPIMA SHEETS CHARCOAL
MAS6TXFLSS,Bedding,Sheet Sets,code: GROUP *SHE / description sheets,TOPBED,MALOUF,TWINXL SUPIMA SHEETS FLAX
MAS6TXWHSS,Bedding,Sheet Sets,code: GROUP *SHE / description sheets,TOPBED,MALOUF,TWINXL SUPIMA SHEETS WHITE
PCUB-B,Pillows,Specialty & Kids Pillows,description: body pillow / pillow cub / decorative,PILLOW,MALOUF,BRAVERY BEAR PILLOW CUB
PCUB-SL,Pillows,Specialty & Kids Pillows,description: body pillow / pillow cub / decorative,PILLOW,MALOUF,SLEEPY SLOTH PILLOW CUB
STCKCHEASTPL,Bedroom Furniture,Beds & Bed Pieces,"description: bed, footboard, rails, decking, panel",FURN,MALOUF,CK EASTMAN PLATFORM CHARCOAL
STCKOAEASTPL,Bedroom Furniture,Beds & Bed Pieces,"description: bed, footboard, rails, decking, panel",FURN,MALOUF,CK EASTMAN PLATFORM BED -OAT
STCKOAWATSPL,Bedroom Furniture,Beds & Bed Pieces,"description: bed, footboard, rails, decking, panel",FURN,MALOUF,CA KING WATSON PLATFORM BED
STDUNCUPLQQCH,Bedroom Furniture,Beds & Bed Pieces,"description: bed, footboard, rails, decking, panel",FURN,MALOUF,QN DUNCAN PLATFRM BED CHARCOAL
STDUNCUPLQQST,Bedroom Furniture,Beds & Bed Pieces,"description: bed, footboard, rails, decking, panel",FURN,MALOUF,QN DUNCAN PLATFORM BED STONE
STFFDECARLHB,Bedroom Furniture,Headboards,description: HB / headboard,FURN,MALOUF,FULL CARLISLE HB DESERT
STFFSTBLWBHB,Bedroom Furniture,Headboards,description: HB / headboard,FURN,MALOUF,FULL BLACKWELL HB STONE
STKKCHBLWBHB,Bedroom Furniture,Headboards,description: HB / headboard,FURN,MALOUF,EK/CK BLACKWELL HB CHARCOAL
STKKCHCARLHB,Bedroom Furniture,Headboards,description: HB / headboard,FURN,MALOUF,KING CARLISLE HB CHARCOAL
STKKCHSCORHB,Bedroom Furniture,Headboards,description: HB / headboard,FURN,MALOUF,KING SCORESBY HB CHARCOAL
STKKOACARLHB,Bedroom Furniture,Headboards,description: HB / headboard,FURN,MALOUF,KING CARLISLE HB OAT
STKKSTCARLHB,Bedroom Furniture,Headboards,description: HB / headboard,FURN,MALOUF,KING CARLISLE HB STONE
STKKSTEASTPL,Bedroom Furniture,Beds & Bed Pieces,"description: bed, footboard, rails, decking, panel",FURN,MALOUF,KING EASTMAN PLATFORM STONE
STKKSTHENNHB,Bedroom Furniture,Headboards,description: HB / headboard,FURN,MALOUF,KING HENNESSEY HB STONE
STKKSTSCORHB,Bedroom Furniture,Headboards,description: HB / headboard,FURN,MALOUF,KING SCORESBY HB STONE
STQQCHBLWBHB,Bedroom Furniture,Headboards,description: HB / headboard,FURN,MALOUF,QN BLACKWELL HB CHARCOAL
STQQCHCARLHB,Bedroom Furniture,Headboards,description: HB / headboard,FURN,MALOUF,QN CARLISLE HB CHARCOAL
STQQCHEASTPL,Bedroom Furniture,Beds & Bed Pieces,"description: bed, footboard, rails, decking, panel",FURN,MALOUF,QN EASTMAN PLATFORM BED CHAR
STQQCHHENNHB,Bedroom Furniture,Headboards,description: HB / headboard,FURN,MALOUF,QN HENNESSEY HB CHARCOAL
STQQCHSCORHB,Bedroom Furniture,Headboards,description: HB / headboard,FURN,MALOUF,QN SCORESBY HB CHARCOAL
STQQOABLWBHB,Bedroom Furniture,Headboards,description: HB / headboard,FURN,MALOUF,QN BLACKWELL HB OAT
STQQOACARLHB,Bedroom Furniture,Headboards,description: HB / headboard,FURN,MALOUF,QN CARLISLE HB OAT
STQQOAEASTPL,Bedroom Furniture,Beds & Bed Pieces,"description: bed, footboard, rails, decking, panel",FURN,MALOUF,QN EASTMAN PLATFORM BED OAT
STQQOAHENNHB,Bedroom Furniture,Headboards,description: HB / headboard,FURN,MALOUF,QN HENNESSEY HB OAT
STQQOASCORHB,Bedroom Furniture,Headboards,description: HB / headboard,FURN,MALOUF,QN SCORESBY HB OAT
STQQSTBLWBHB,Bedroom Furniture,Headboards,description: HB / headboard,FURN,MALOUF,QN BLACKWELL HB STONE
STQQSTCARLHB,Bedroom Furniture,Headboards,description: HB / headboard,FURN,MALOUF,QN CARLISLE HB STONE
STQQSTHENNHB,Bedroom Furniture,Headboards,description: HB / headboard,FURN,MALOUF,QN HENNESSEY HB STONE
STQQSTSCORHB,Bedroom Furniture,Headboards,description: HB / headboard,FURN,MALOUF,QN SCORESBY HB STONE
STQQSTWATSPL,Bedroom Furniture,Beds & Bed Pieces,"description: bed, footboard, rails, decking, panel",FURN,MALOUF,QN WATSON PLATFORM BED - STONE
STS755QQAB,Adjustable Bases,Adjustable Bed Bases,code: sized ADJ group,ADJUST,MALOUF,QUEEN ADJUST S755 SMART BASE
STS755SCAB,Adjustable Bases,Adjustable Bed Bases,code: sized ADJ group,ADJUST,MALOUF,SPLIT CK ADJ S755 SMART BASE
STTTSTCARLHB,Bedroom Furniture,Headboards,description: HB / headboard,FURN,MALOUF,TWIN CARLISLE HB STONE
STTTSTHENNHB,Bedroom Furniture,Headboards,description: HB / headboard,FURN,MALOUF,TWIN HENNESSEY HB STONE
WK02FFCHCS,Bedding,Sheet Sets,code: GROUP *SHE / description sheets,TOPBED,MALOUF,FULL COTTON SHEETS GRAY
WO162CKWHLS,Bedding,Sheet Sets,code: GROUP *SHE / description sheets,TOPBED,MALOUF,CAKING FR. LINEN SHEETS WHITE
ZZKK00GM,Pillows,Down & Down-Alternative Pillows,description: down / down-alternative / microfiber,PILLOW,MALOUF,KING GELLED MICROFIBER PILLOW
ZZKK3L90DD,Pillows,Down & Down-Alternative Pillows,description: down / down-alternative / microfiber,PILLOW,MALOUF,KING Z-TRIPLELAYER DOWN PILLO
ZZKKX2QC,Pillows,Memory Foam Pillows,"maker: memory-foam pillows (TEMPUR, Rize, Malouf Z, Ameri, bamboo shredded foam)",PILLOW,MALOUF,KING QUILT CONVOLUTION PILLOW
ZZQQ00GM,Pillows,Down & Down-Alternative Pillows,description: down / down-alternative / microfiber,PILLOW,MALOUF,QUEEN GELLED MICROFIBER PILLOW
ZZQQ3L90DD,Pillows,Down & Down-Alternative Pillows,description: down / down-alternative / microfiber,PILLOW,MALOUF,QUEEN Z-TRIPLELAYER DOWN PILLO
ZZQQMPCCLT,Pillows,Memory Foam Pillows,"maker: memory-foam pillows (TEMPUR, Rize, Malouf Z, Ameri, bamboo shredded foam)",PILLOW,MALOUF,QUEEN Z-CARBONCOOL LT PILLOW
ZZQQX2QC,Pillows,Memory Foam Pillows,"maker: memory-foam pillows (TEMPUR, Rize, Malouf Z, Ameri, bamboo shredded foam)",PILLOW,MALOUF,QUEEN QUILT CONVOLUTION PILLOW
1M-Q80-1,Adjustable Bases,Adjustable Bed Bases,code: sized ADJ group,ADJUST,MBG,QUEEN ADJUST SOLUTIONS 1
CTLR-WIRE,Adjustable Bases,Base Accessories & Parts,"code: GROUP ADJBAS (remotes, legs, brackets, covers, cables)",ADJUST,MBG,CORDED CONTROLLER 6000 SERIES
CVKF-75,Adjustable Bases,Base Accessories & Parts,"code: GROUP ADJBAS (remotes, legs, brackets, covers, cables)",ADJUST,MBG,FULL COVER KIT
CVKF-80,Adjustable Bases,Base Accessories & Parts,"code: GROUP ADJBAS (remotes, legs, brackets, covers, cables)",ADJUST,MBG,FULLXL COVER KIT
CVKQ-80,Adjustable Bases,Base Accessories & Parts,"code: GROUP ADJBAS (remotes, legs, brackets, covers, cables)",ADJUST,MBG,QUEEN COVER KIT
CVKT-75,Adjustable Bases,Base Accessories & Parts,"code: GROUP ADJBAS (remotes, legs, brackets, covers, cables)",ADJUST,MBG,TWIN COVER KIT
CVKT-80,Adjustable Bases,Base Accessories & Parts,"code: GROUP ADJBAS (remotes, legs, brackets, covers, cables)",ADJUST,MBG,TWINXL COVER KIT
CVKT-84,Adjustable Bases,Base Accessories & Parts,"code: GROUP ADJBAS (remotes, legs, brackets, covers, cables)",ADJUST,MBG,SPLIT CK COVER KIT
EBQN-80-02,Adjustable Bases,Adjustable Bed Bases,code: sized ADJ group,ADJUST,MBG,QUEEN BASIC DECK ADJUSTABLE
EBQN-80-RHMT-03,Adjustable Bases,Adjustable Bed Bases,code: sized ADJ group,ADJUST,MBG,QUEEN BASIC DECK WIRELESS/MASG
EBTW-84-RHMT-03,Adjustable Bases,Adjustable Bed Bases,code: sized ADJ group,ADJUST,MBG,SPLIT CK BASIC DECK W/MASSAGE
ETFL-75-RHMT-01,Adjustable Bases,Adjustable Bed Bases,code: sized ADJ group,ADJUST,MBG,FULL ADJ EXPRESS WIRED
ETFL-75-RHMT-02,Adjustable Bases,Adjustable Bed Bases,code: sized ADJ group,ADJUST,MBG,FULL ADJ EXPRESS WIRELESS
ETFL-75-RHMT-03,Adjustable Bases,Adjustable Bed Bases,code: sized ADJ group,ADJUST,MBG,FULL EXPRESS W/MASSAGE ADJ
ETFL-80-RHMT-01,Adjustable Bases,Adjustable Bed Bases,code: sized ADJ group,ADJUST,MBG,FULLXL ADJ EXPRESS WIRED
ETFL-80-RHMT-02,Adjustable Bases,Adjustable Bed Bases,code: sized ADJ group,ADJUST,MBG,FULLXL ADJ EXPRESS WIRELESS
ETFL-80-RHMT-03,Adjustable Bases,Adjustable Bed Bases,code: sized ADJ group,ADJUST,MBG,FULLXL ADJ EXPRESS MSG/WIRELES
ETQN-80-RHMT-01,Adjustable Bases,Adjustable Bed Bases,code: sized ADJ group,ADJUST,MBG,QUEEN ADJ EXPRESS WIRED
ETQN-80-RHMT-02,Adjustable Bases,Adjustable Bed Bases,code: sized ADJ group,ADJUST,MBG,QUEEN EXPRESS WIRELESS ADJ
ETQN-80-RHMT-03,Adjustable Bases,Adjustable Bed Bases,code: sized ADJ group,ADJUST,MBG,QUEEN EXPRESS W/MASSAGE ADJ
ETTW-75-RHMT-01,Adjustable Bases,Adjustable Bed Bases,code: sized ADJ group,ADJUST,MBG,TWIN WHITE ADJ EXPRESS WIRED
ETTW-75-RHMT-02,Adjustable Bases,Adjustable Bed Bases,code: sized ADJ group,ADJUST,MBG,TWIN ADJ EXPRESS WIRELESS
ETTW-75-RHMT-03,Adjustable Bases,Adjustable Bed Bases,code: sized ADJ group,ADJUST,MBG,TWIN ADJ EXPRESS MSG/WIRELESS
ETTW-80-RHMT-01,Adjustable Bases,Adjustable Bed Bases,code: sized ADJ group,ADJUST,MBG,TWINXL WHITE ADJ EXPRESS WIRED
ETTW-80-RHMT-01-BRWN,Adjustable Bases,Adjustable Bed Bases,code: sized ADJ group,ADJUST,MBG,TWINXL BROWN ADJ EXPRESS WIRED
ETTW-80-RHMT-01-GRAY,Adjustable Bases,Adjustable Bed Bases,code: sized ADJ group,ADJUST,MBG,TWINXL GRAY ADJ EXPRESS WIRED
ETTW-80-RHMT-02,Adjustable Bases,Adjustable Bed Bases,code: sized ADJ group,ADJUST,MBG,TXL WHITE EXPRESS WIRELESS ADJ
ETTW-80-RHMT-03,Adjustable Bases,Adjustable Bed Bases,code: sized ADJ group,ADJUST,MBG,TXL WHITE EXPRESS W/MASG ADJ
ETTW-80-RHMT-03-GREY,Adjustable Bases,Adjustable Bed Bases,code: sized ADJ group,ADJUST,MBG,TXL GREY EXPRESS W/MSG & LED
ETTW-84-RHMT-01,Adjustable Bases,Adjustable Bed Bases,code: sized ADJ group,ADJUST,MBG,SPLIT CK ADJ. EXPRESS WIRED
ETTW-84-RHMT-02,Adjustable Bases,Adjustable Bed Bases,code: sized ADJ group,ADJUST,MBG,SPLIT CK ADJ. EXPRESS WIRELESS
ETTW-84-RHMT-03,Adjustable Bases,Adjustable Bed Bases,code: sized ADJ group,ADJUST,MBG,SPLIT CK ADJ. EXPRESS MASSAGE
ETTW-84-RHMT-03-BLUE,Adjustable Bases,Adjustable Bed Bases,code: sized ADJ group,ADJUST,MBG,SPLIT CK ADJ.EXPRESS BLUETOOTH
FFL-60,Bed Frames,Platform & Folding Frames,code: GROUP BEDFRA / platform bed base,BED,MBG,QUEEN FOLDING ATLAS FRAME
GREY-ETTW-80-RHMT-02,Adjustable Bases,Adjustable Bed Bases,code: sized ADJ group,ADJUST,MBG,TXL GREY EXPRESS WIRELESS ADJ
HDBB-1,Adjustable Bases,Base Accessories & Parts,"code: GROUP ADJBAS (remotes, legs, brackets, covers, cables)",ADJUST,MBG,HEADBOARD BRACKETS ALL SIZES
HJC8-BT,Adjustable Bases,Base Accessories & Parts,"code: GROUP ADJBAS (remotes, legs, brackets, covers, cables)",ADJUST,MBG,EXPRESS ADJ BLUETOOTH CONTROL
HL-F75-2-FL,Adjustable Bases,Adjustable Bed Bases,code: sized ADJ group,ADJUST,MBG,FULL ADJUST SOLUTIONS II
HL-F75-3-F,Adjustable Bases,Adjustable Bed Bases,code: sized ADJ group,ADJUST,MBG,FULL ADJUST SOLUTIONS III
HL-K72-2-CK,Adjustable Bases,Adjustable Bed Bases,code: sized ADJ group,ADJUST,MBG,CAKING 1PC ADJUST SOLUTIONS II
HL-K72-3-CK,Adjustable Bases,Adjustable Bed Bases,code: sized ADJ group,ADJUST,MBG,CAKING 1-PC ADJ. SOLUTIONS III
HL-K76-2-EK,Adjustable Bases,Adjustable Bed Bases,code: sized ADJ group,ADJUST,MBG,E KING 1PC ADJUST SOLUTIONS II
HL-K76-3-EK,Adjustable Bases,Adjustable Bed Bases,code: sized ADJ group,ADJUST,MBG,E KING1-PC ADJUST SOLUTION III
HL-Q80-2-Q,Adjustable Bases,Adjustable Bed Bases,code: sized ADJ group,ADJUST,MBG,QUEEN ADJUST SOLUTIONS II
HL-Q80-3-Q,Adjustable Bases,Adjustable Bed Bases,code: sized ADJ group,ADJUST,MBG,QUEEN ADJUST SOLUTIONS III
HL-T75-2-T,Adjustable Bases,Adjustable Bed Bases,code: sized ADJ group,ADJUST,MBG,TWIN ADJ SOLUTIONS II
HL-T80-2-TXL,Adjustable Bases,Adjustable Bed Bases,code: sized ADJ group,ADJUST,MBG,TWINXL ADJUST SOLUTIONS II
HL-T80-2-TXL1,Adjustable Bases,Adjustable Bed Bases,code: sized ADJ group,ADJUST,MBG,TXL SOLUTIONS II (2020 MODEL)
HL-T80-3-T,Adjustable Bases,Adjustable Bed Bases,code: sized ADJ group,ADJUST,MBG,TWIN ADJ SOLUTIONS III
HL-T80-3-TXL,Adjustable Bases,Adjustable Bed Bases,code: sized ADJ group,ADJUST,MBG,TWINXL ADJUST SOLUTIONS III
HL-T84-2-SCK,Adjustable Bases,Adjustable Bed Bases,code: sized ADJ group,ADJUST,MBG,SPLIT CK ADJUST SOLUTIONS II
HL-T84-3-SCK,Adjustable Bases,Adjustable Bed Bases,code: sized ADJ group,ADJUST,MBG,SPLIT CK ADJUST SOLUTIONS III
HU-CKG-RHMT-01,Adjustable Bases,Adjustable Bed Bases,code: sized ADJ group,ADJUST,MBG,CAKING HEAD UP WIRED ADJUST.
HU-CKG-RHMT-02,Adjustable Bases,Adjustable Bed Bases,code: sized ADJ group,ADJUST,MBG,CAKING HEAD UP WIRELESS ADJUST
HU-EKG-RHMT-01,Adjustable Bases,Adjustable Bed Bases,code: sized ADJ group,ADJUST,MBG,E KING HEAD UP WIRED ADJUST.
HU-EKG-RHMT-02,Adjustable Bases,Adjustable Bed Bases,code: sized ADJ group,ADJUST,MBG,E KING HEAD UP WIRELESS ADJUST
HU-QEN-RHMT-02,Adjustable Bases,Adjustable Bed Bases,code: sized ADJ group,ADJUST,MBG,QUEEN HEAD UP WIRELESS ADJUST.
HUFF-72,Adjustable Bases,Adjustable Bed Bases,code: sized ADJ group,ADJUST,MBG,CAKING Head Up Adjustable base
LED-UBL,Adjustable Bases,Base Accessories & Parts,"code: GROUP ADJBAS (remotes, legs, brackets, covers, cables)",ADJUST,MBG,EXPRESS LED LIGHTING(SET OF 2)
SAB-QEN,Adjustable Bases,Adjustable Bed Bases,code: sized ADJ group,ADJUST,MBG,QUEEN ADJ BED BASE TILT-2
SHQ-80,Adjustable Bases,Adjustable Bed Bases,code: sized ADJ group,ADJUST,MBG,QUEEN HEAD SPLIT
SMF-75-WIRELESS,Adjustable Bases,Adjustable Bed Bases,code: sized ADJ group,ADJUST,MBG,FULL MBG ADJ W/REMOTE
SMQ-80-WIRED,Adjustable Bases,Adjustable Bed Bases,code: sized ADJ group,ADJUST,MBG,QUEEN MBG ADJ WIRED
SMT-75-WIRELESS,Adjustable Bases,Adjustable Bed Bases,code: sized ADJ group,ADJUST,MBG,TWIN BLACK MBG ADJ W/REMOTE
SMT-84-WIRELESS,Adjustable Bases,Adjustable Bed Bases,code: sized ADJ group,ADJUST,MBG,SPLIT CK MBG ADJ W/REMOTE
SOLUTIONS-3PC-LEG,Adjustable Bases,Base Accessories & Parts,"code: GROUP ADJBAS (remotes, legs, brackets, covers, cables)",ADJUST,MBG,"SOLUTIONS 6''/9""/12"" LEGS (6X)"
SOLUTIONS-6INCH-LEG,Adjustable Bases,Base Accessories & Parts,"code: GROUP ADJBAS (remotes, legs, brackets, covers, cables)",ADJUST,MBG,SOLUTIONS 6'' LEGS (6X)
TFB-TCK,Adjustable Bases,Adjustable Bed Bases,code: sized ADJ group,ADJUST,MBG,SPLIT CAKING ADJ BED BASE
WIRELESS-REMOTE,Adjustable Bases,Base Accessories & Parts,"code: GROUP ADJBAS (remotes, legs, brackets, covers, cables)",ADJUST,MBG,REMOTE FOR WIRLESS MBG BASES
YCABLE,Adjustable Bases,Base Accessories & Parts,"code: GROUP ADJBAS (remotes, legs, brackets, covers, cables)",ADJUST,MBG,"MBG ""Y"" SYNC CABLE"
BAM0142,Mattress Protection,Mattress Protectors,code: GROUP *PRO,PROT,PABED,E KING BAMBOO PROTECTOR
BOM1109,Mattress Protection,Encasements & Covers,description: zippered encasement / cover,PROT,PABED,"TWIN ALLER ZIP 9"" PROTECTOR"
BOM1209,Mattress Protection,Encasements & Covers,description: zippered encasement / cover,PROT,PABED,"TWINXL ALLER ZIP 9"" PROTECTOR"
BOM1213,Mattress Protection,Encasements & Covers,description: zippered encasement / cover,PROT,PABED,"TWINXL ALLER ZIP 13"" PROTECTOR"
BOM1236,Mattress Protection,Encasements & Covers,description: zippered encasement / cover,PROT,PABED,SPLIT CK ALLER ZIP 9 PROTECTOR
P0128,Mattress Protection,Mattress Protectors,code: GROUP *PRO,PROT,PABED,FULL PREMIUM MATT PROTECTOR
P0142,Mattress Protection,Mattress Protectors,code: GROUP *PRO,PROT,PABED,E KING PREMIUM MATT PROTECTOR
P0159,Mattress Protection,Mattress Protectors,code: GROUP *PRO,PROT,PABED,CAKING PREMIUM MATT PROTECTOR
P0197,Mattress Protection,Mattress Protectors,code: GROUP *PRO,PROT,PABED,TWINXL PREMIUM MATT PROTECTOR
TSP0111,Mattress Protection,Mattress Protectors,code: GROUP *PRO,PROT,PABED,TWIN COOL MATTRESS PROTECTOR
TSP0128,Mattress Protection,Mattress Protectors,code: GROUP *PRO,PROT,PABED,FULL COOL MATTRESS PROTECTOR
TSP0135,Mattress Protection,Mattress Protectors,code: GROUP *PRO,PROT,PABED,QUEEN COOL MATTRESS PROTECTOR
TSP0142,Mattress Protection,Mattress Protectors,code: GROUP *PRO,PROT,PABED,E KING COOL MATTRESS PROTECTOR
TSP0159,Mattress Protection,Mattress Protectors,code: GROUP *PRO,PROT,PABED,CAKING COOL MATTRESS PROTECTOR
TSP0159S,Mattress Protection,Mattress Protectors,code: GROUP *PRO,PROT,PABED,SPLIT CK COOL MATT PROTECTOR
TSP0197,Mattress Protection,Mattress Protectors,code: GROUP *PRO,PROT,PABED,TWINXL COOL MATTRESS PROTECTOR
TSP0232,Mattress Protection,Mattress Protectors,code: GROUP *PRO,PROT,PABED,FULLXL COOL MATTRESS PROTECTOR
TSS0128,Mattress Protection,Mattress Protectors,code: GROUP *PRO,PROT,PABED,FULL SNOW MATTRESS PROTECTOR
TSS0142,Mattress Protection,Mattress Protectors,code: GROUP *PRO,PROT,PABED,E KING SNOW MATTRESS PROTECTOR
3-IN-1-LEGS,Adjustable Bases,Base Accessories & Parts,"code: GROUP ADJBAS (remotes, legs, brackets, covers, cables)",ADJUST,REV,"12"" 3-IN-1 STEEL LEGS (6-PC)"
9T24.04-E63-F100.2-Q,Adjustable Bases,Adjustable Bed Bases,code: sized ADJ group,ADJUST,REV,QUEEN ADJUST 9T
ABL300,Adjustable Bases,Base Accessories & Parts,"code: GROUP ADJBAS (remotes, legs, brackets, covers, cables)",ADJUST,REV,3” LEG EXTENSIONS (SET OF 4)
AM-BT-S01,Adjustable Bases,Base Accessories & Parts,"code: GROUP ADJBAS (remotes, legs, brackets, covers, cables)",ADJUST,REV,ELATION SPEAKERS
POP-KSK-001,Store Supplies & Equipment,Showroom & Signage,description: retail kiosk display,ADJUST,REV,RETAIL KIOSK
R400-Q,Adjustable Bases,Adjustable Bed Bases,code: sized ADJ group,ADJUST,REV,QUEEN ADJUST. R400
R400-SCK,Adjustable Bases,Adjustable Bed Bases,code: sized ADJ group,ADJUST,REV,SPLIT CK ADJUST. R400
R650-Q,Adjustable Bases,Adjustable Bed Bases,code: sized ADJ group,ADJUST,REV,QUEEN ADJUST R650 FULL-TILT
1000004,Bed Frames,Metal Bed Frames,code: GROUP FRAMES,BED,RIZE,INSTALOCK Q-CK-K METAL FRAME
1310047,Adjustable Bases,Adjustable Bed Bases,code: sized ADJ group,ADJUST,RIZE,QUEEN ADJUST AVIADA
1310110,Adjustable Bases,Adjustable Bed Bases,code: sized ADJ group,ADJUST,RIZE,TWIN ADJUST TRANQUILITY II
1310111,Adjustable Bases,Adjustable Bed Bases,code: sized ADJ group,ADJUST,RIZE,TWINXL ADJUST TRANQUILITY II
1310114,Adjustable Bases,Adjustable Bed Bases,code: sized ADJ group,ADJUST,RIZE,QUEEN ADJUST TRANQUILITY II
1310120,Adjustable Bases,Adjustable Bed Bases,code: sized ADJ group,ADJUST,RIZE,QUEEN ADJUST CLARITY II
1310122,Adjustable Bases,Adjustable Bed Bases,code: sized ADJ group,ADJUST,RIZE,E KING 1-PC ADJUST CLARITY II
1310164,Adjustable Bases,Adjustable Bed Bases,code: sized ADJ group,ADJUST,RIZE,QUEEN ADJUST REMEDY III
1310172,Adjustable Bases,Adjustable Bed Bases,code: sized ADJ group,ADJUST,RIZE,TWINXL ADJUST CONTEMPO IV
1310174,Adjustable Bases,Adjustable Bed Bases,code: sized ADJ group,ADJUST,RIZE,QUEEN ADJUST CONTEMPO IV
1310176,Adjustable Bases,Adjustable Bed Bases,code: sized ADJ group,ADJUST,RIZE,E KING 1-PC ADJUST CONTEMPO IV
1310181,Adjustable Bases,Adjustable Bed Bases,maker: head-up adjustable base kit,ADJUST,RIZE,QUEEN RIZER KIT
1350002,Bedroom Furniture,Headboards,description: HB / headboard,FURN,RIZE,QN FARMHOUSE HEADBOARD - WHITE
1350225,Bedroom Furniture,Headboards,description: HB / headboard,FURN,RIZE,QN WAINSCOTT HEADBOARD - WHITE
1350232,Bedroom Furniture,Headboards,description: HB / headboard,FURN,RIZE,QN WAINSCOTT HEADBOARD - BLACK
2310014,Adjustable Bases,Base Accessories & Parts,"code: GROUP ADJBAS (remotes, legs, brackets, covers, cables)",ADJUST,RIZE,HEADBOARD BRACKETS FOR RIZE
2310081,Adjustable Bases,Base Accessories & Parts,"code: GROUP ADJBAS (remotes, legs, brackets, covers, cables)",ADJUST,RIZE,"8-3-2"" PLASTIC LEG WITH CAP"
4760002,Mattress Protection,Mattress Protectors,code: GROUP *PRO,PROT,RIZE,FULL TERRY PROTECTOR
4760004,Mattress Protection,Mattress Protectors,code: GROUP *PRO,PROT,RIZE,CAKING TERRY PROTECTOR
DQKG6,Bed Frames,Metal Bed Frames,code: GROUP FRAMES,BED,RIZE,QN/EK/CK FRAME W/ GLIDES
DTQG5,Bed Frames,Metal Bed Frames,code: GROUP FRAMES,BED,RIZE,TW/FL/QN FRAME W/ GLIDES
DTQSG4,Bed Frames,Metal Bed Frames,code: GROUP FRAMES,BED,RIZE,TW/FL/QN FRAME W/ GLIDES
I-CS374PG,Bed Frames,Metal Bed Frames,code: GROUP FRAMES,BED,RIZE,INSTALOCK Q-CK-K METAL FRAME
I-PK165,Bed Frames,Metal Bed Frames,code: GROUP FRAMES,BED,RIZE,INSTALOCK Q-CK-K METAL FRAME
MP100-CK,Mattress Protection,Mattress Protectors,code: GROUP *PRO,PROT,RIZE,CAKING SMOOTH PROTECTOR
MP100-F,Mattress Protection,Mattress Protectors,code: GROUP *PRO,PROT,RIZE,FULL SMOOTH PROTECTOR
MP100-K,Mattress Protection,Mattress Protectors,code: GROUP *PRO,PROT,RIZE,E KING SMOOTH PROTECTOR
MP100-Q,Mattress Protection,Mattress Protectors,code: GROUP *PRO,PROT,RIZE,QUEEN SMOOTH PROTECTOR
MP100-T,Mattress Protection,Mattress Protectors,code: GROUP *PRO,PROT,RIZE,TWIN SMOOTH PROTECTOR
MP100-TXL,Mattress Protection,Mattress Protectors,code: GROUP *PRO,PROT,RIZE,TWINXL SMOOTH PROTECTOR
MP200-Q,Mattress Protection,Mattress Protectors,code: GROUP *PRO,PROT,RIZE,QUEEN ULTRA-SOFT PROTECTOR
MP200-T,Mattress Protection,Mattress Protectors,code: GROUP *PRO,PROT,RIZE,TWIN TERRY PROTECTOR
MP200-TXL,Mattress Protection,Mattress Protectors,code: GROUP *PRO,PROT,RIZE,TWINXL TERRY PROTECTOR
RZ-CLOUD-Q,Pillows,Memory Foam Pillows,"maker: memory-foam pillows (TEMPUR, Rize, Malouf Z, Ameri, bamboo shredded foam)",PILLOW,RIZE,RZ CLOUD CURVED PILLOW
RZ-CONTOUR-K,Pillows,Memory Foam Pillows,"maker: memory-foam pillows (TEMPUR, Rize, Malouf Z, Ameri, bamboo shredded foam)",PILLOW,RIZE,KING RZ CONTOUR COOL PILLOW
RZ-CONTOUR-Q,Pillows,Memory Foam Pillows,"maker: memory-foam pillows (TEMPUR, Rize, Malouf Z, Ameri, bamboo shredded foam)",PILLOW,RIZE,QUEEN RZ CONTOUR COOL PILLOW
RZ-PUFF-Q,Pillows,Memory Foam Pillows,"maker: memory-foam pillows (TEMPUR, Rize, Malouf Z, Ameri, bamboo shredded foam)",PILLOW,RIZE,QUEEN RZ PUFF COOL PILLOW
STFG4,Bed Frames,Metal Bed Frames,code: GROUP FRAMES,BED,RIZE,TWIN/FULL FRAME W/ GLIDES
TFQ9903,Bed Frames,Metal Bed Frames,code: GROUP FRAMES,BED,RIZE,TWIN/FULL/QUEEN METAL FRAME
MLPK,Pillows,Latex Pillows,"description/maker: latex (Savvy Rest, Sleep & Beyond myLatex, S&F Studio latex, S&F Lux Estate down-blend/latex)",PILLOW,S&B,KING  myLATEX PILLOW
MLPQ,Pillows,Latex Pillows,"description/maker: latex (Savvy Rest, Sleep & Beyond myLatex, S&F Studio latex, S&F Lux Estate down-blend/latex)",PILLOW,S&B,QUEEN myLATEX PILLOW
MLPS,Pillows,Latex Pillows,"description/maker: latex (Savvy Rest, Sleep & Beyond myLatex, S&F Studio latex, S&F Lux Estate down-blend/latex)",PILLOW,S&B,STANDARD myLATEX PILLOW
MPCK,Mattress Protection,Mattress Protectors,code: GROUP *PRO,PROT,S&B,CAKING myPROTECTOR
MPF,Mattress Protection,Mattress Protectors,code: GROUP *PRO,PROT,S&B,FULL  myPROTECTOR
MPK,Mattress Protection,Mattress Protectors,code: GROUP *PRO,PROT,S&B,E KING  myPROTECTOR
MPQ,Mattress Protection,Mattress Protectors,code: GROUP *PRO,PROT,S&B,QUEEN  myPROTECTOR
MPSCK,Mattress Protection,Mattress Protectors,code: GROUP *PRO,PROT,S&B,SPLIT CK  myPROTECTOR 1-PC
MPT,Mattress Protection,Mattress Protectors,code: GROUP *PRO,PROT,S&B,TWIN  myPROTECTOR
MPTXL,Mattress Protection,Mattress Protectors,code: GROUP *PRO,PROT,S&B,TWINXL  myPROTECTOR
MWLTTX,Bedding,Toppers & Mattress Pads,description: topper / pad,TOPBED,S&B,"TXL my WOOLLY LATEX TOPPER 3"""
OCPCK,Mattress Protection,Mattress Protectors,code: GROUP *PRO,PROT,S&B,CAKING ORGANIC PROTECTOR
OCPF,Mattress Protection,Mattress Protectors,code: GROUP *PRO,PROT,S&B,FULL  ORGANIC PROTECTOR
OCPT,Mattress Protection,Mattress Protectors,code: GROUP *PRO,PROT,S&B,TWIN  ORGANIC PROTECTOR
OSKSSW,Bedding,Sheet Sets,code: GROUP *SHE / description sheets,TOPBED,S&B,SPLIT E KINGOC SATEEN SHEET SET
OSZP,Mattress Protection,Pillow Protectors,code: GROUP PILPRO,PROT,S&B,STD ORGANIC PILLOW ENCASEMENT
SPLQ,Pillows,Latex Pillows,"description/maker: latex (Savvy Rest, Sleep & Beyond myLatex, S&F Studio latex, S&F Lux Estate down-blend/latex)",PILLOW,S&B,QUEEN myLATEX SIDE-PILLOW
SPLS,Pillows,Latex Pillows,"description/maker: latex (Savvy Rest, Sleep & Beyond myLatex, S&F Studio latex, S&F Lux Estate down-blend/latex)",PILLOW,S&B,STANDARD myLATEX SIDE-PILLOW
WCKMT,Bedding,Toppers & Mattress Pads,description: topper / pad,TOPBED,S&B,"CAKING myTOPPER 1.5"""
WQMT,Bedding,Toppers & Mattress Pads,description: topper / pad,TOPBED,S&B,"QUEEN myTOPPER 1.5"""
CK-CSHEET,Bedding,Sheet Sets,code: GROUP *SHE / description sheets,TOPBED,SAVVY,CAKING OG COTTON SHEET SET
CK-SEREN-ALLDUN,Mattresses,Latex,maker: Savvy Rest organic Dunlop/Talalay latex (layers and Serenity builds),MATT,SAVVY,"CAKING SERENITY MATTRESS 10"""
K-CMP,Bedding,Toppers & Mattress Pads,description: mattress pad,PROT,SAVVY,E KING COTTON MATTRESS PAD
K-MOS10,Mattresses,Latex,maker: Savvy Rest organic Dunlop/Talalay latex (layers and Serenity builds),MATT,SAVVY,"E KING MATTRESS 10"""
K-WMP,Bedding,Toppers & Mattress Pads,description: mattress pad,PROT,SAVVY,E KING WOOL MATTRESS PAD
Q-BR1,Bedding,Toppers & Mattress Pads,maker: Savvy Rest wool mattress rug is a topper,MATT,SAVVY,"QUEEN BED RUG 1"""
Q-F-DUNLOP,Mattresses,Latex,maker: Savvy Rest organic Dunlop/Talalay latex (layers and Serenity builds),MATT,SAVVY,QUEEN FIRM DUNLOP
Q-LWP,Pillows,Latex Pillows,"description/maker: latex (Savvy Rest, Sleep & Beyond myLatex, S&F Studio latex, S&F Lux Estate down-blend/latex)",PILLOW,SAVVY,QUEEN LATEX-WOOL PILLOW
Q-M-DUNLOP,Mattresses,Latex,maker: Savvy Rest organic Dunlop/Talalay latex (layers and Serenity builds),MATT,SAVVY,QUEEN MEDIUM DUNLOP
Q-MDATFOUN9,Foundations & Box Springs,"Standard Profile (8–9"")","description: 8""–9"" foundation",FOUND,SAVVY,"QUEEN SAVVY FND 9"""
Q-OSM25D5T10,Mattresses,Latex,maker: Savvy Rest organic Dunlop/Talalay latex (layers and Serenity builds),MATT,SAVVY,QUEEN ORGANIC SERENITY 10
Q-SEREN-ALLDUN,Mattresses,Latex,maker: Savvy Rest organic Dunlop/Talalay latex (layers and Serenity builds),MATT,SAVVY,"QUEEN SERENITY MATTRESS 10"""
Q-SR-PLTBD,Bedroom Furniture,Beds & Bed Pieces,"description: bed, footboard, rails, decking, panel",FURN,SAVVY,QU AFTON PLAT BED (UNTREATED)
Q-SRCP,Pillows,Latex Pillows,"description/maker: latex (Savvy Rest, Sleep & Beyond myLatex, S&F Studio latex, S&F Lux Estate down-blend/latex)",PILLOW,SAVVY,QUEEN CONTOUR PILLOW
Q-SRSSP,Pillows,Latex Pillows,"description/maker: latex (Savvy Rest, Sleep & Beyond myLatex, S&F Studio latex, S&F Lux Estate down-blend/latex)",PILLOW,SAVVY,QUEEN SOAP SHAPE PILLOW
Q-SWT,Bedding,Toppers & Mattress Pads,description: topper / pad,TOPBED,SAVVY,QUEEN ORGANIC SAVVY WOOLSY
Q-TPKC,Pillows,Latex Pillows,"description/maker: latex (Savvy Rest, Sleep & Beyond myLatex, S&F Studio latex, S&F Lux Estate down-blend/latex)",PILLOW,SAVVY,QUEEN TALALAY PILLOW
SCAK-M-TALALAY,Mattresses,Latex,maker: Savvy Rest organic Dunlop/Talalay latex (layers and Serenity builds),MATT,SAVVY,SPLIT CK MEDIUM TALALAY
SCAK-S-DUNLOP,Mattresses,Latex,maker: Savvy Rest organic Dunlop/Talalay latex (layers and Serenity builds),MATT,SAVVY,SPLIT CK SOFT DUNLOP
SCAK-S-TALALAY,Mattresses,Latex,maker: Savvy Rest organic Dunlop/Talalay latex (layers and Serenity builds),MATT,SAVVY,SPLIT CK  SOFT TALALAY
SQ-F-DUNLOP,Mattresses,Latex,maker: Savvy Rest organic Dunlop/Talalay latex (layers and Serenity builds),MATT,SAVVY,SPLIT QUEEN FIRM DUNLOP
SQ-F-TALALAY,Mattresses,Latex,maker: Savvy Rest organic Dunlop/Talalay latex (layers and Serenity builds),MATT,SAVVY,SPLIT QUEEN FIRM TALALY
SQ-M-DUNLOP,Mattresses,Latex,maker: Savvy Rest organic Dunlop/Talalay latex (layers and Serenity builds),MATT,SAVVY,SPLIT QUEEN MEDIUM DUNLOP
SQ-M-TALALAY,Mattresses,Latex,maker: Savvy Rest organic Dunlop/Talalay latex (layers and Serenity builds),MATT,SAVVY,SPLIT QUEEN MEDIUM TALALY
TL-CMP,Bedding,Toppers & Mattress Pads,description: mattress pad,PROT,SAVVY,TWINXL COTTON MATTRESS PAD
TL-NTFOUN9,Foundations & Box Springs,"Standard Profile (8–9"")","description: 8""–9"" foundation",FOUND,SAVVY,"TWINXL FOUNDATION 9"""
TL-OSM10,Mattresses,Latex,maker: Savvy Rest organic Dunlop/Talalay latex (layers and Serenity builds),MATT,SAVVY,TWIN LONG ORGANIC SERENITY 10
TL-OSM2D1T10,Mattresses,Latex,maker: Savvy Rest organic Dunlop/Talalay latex (layers and Serenity builds),MATT,SAVVY,TWIN LONG ORGANIC SERENITY 10
TXL-F-DUNLOP,Mattresses,Latex,maker: Savvy Rest organic Dunlop/Talalay latex (layers and Serenity builds),MATT,SAVVY,TWINXL FIRM DUNLOP
TXL-F-TALALAY,Mattresses,Latex,maker: Savvy Rest organic Dunlop/Talalay latex (layers and Serenity builds),MATT,SAVVY,TWINXL FIRM TALALAY
TXL-M-DUNLOP,Mattresses,Latex,maker: Savvy Rest organic Dunlop/Talalay latex (layers and Serenity builds),MATT,SAVVY,TWINXL MEDIUM DUNLOP
TXL-OSM2D1T10,Mattresses,Latex,maker: Savvy Rest organic Dunlop/Talalay latex (layers and Serenity builds),MATT,SAVVY,TWINXL ORGANIC SERENITY 10
TXL-OSMPT4T,Mattresses,Latex,maker: Savvy Rest organic Dunlop/Talalay latex (layers and Serenity builds),MATT,SAVVY,TWINXL ORGANIC SERENITY PT 13
TXL-S-DUNLOP,Mattresses,Latex,maker: Savvy Rest organic Dunlop/Talalay latex (layers and Serenity builds),MATT,SAVVY,TWINXL SOFT DUNLOP
TXL-S-TALALAY,Mattresses,Latex,maker: Savvy Rest organic Dunlop/Talalay latex (layers and Serenity builds),MATT,SAVVY,TWINXL SOFT TALALAY
63017740,Adjustable Bases,Adjustable Bed Bases,code: sized ADJ group,ADJUST,SEALY,FULL ADJUST EASE 4.0
S40103,Store Supplies & Equipment,Showroom & Signage,description: showroom / signage,SUPPLY,SEALY,SEALY PILLOW GUARD (BOX OF 75)
SEALYBOX-STD-Q,Foundations & Box Springs,"Standard Profile (8–9"")","description: 8""–9"" foundation",FOUND,SEALY,"QUEEN SEALY FND 9"""
SEALYBOX-STD-TXL,Foundations & Box Springs,"Standard Profile (8–9"")","description: 8""–9"" foundation",FOUND,SEALY,"TWINXL SEALY FND 9"""
500826619-7550,Adjustable Bases,Adjustable Bed Bases,code: sized ADJ group,ADJUST,SERTA,QUEEN MOTION ESSENTIALS III
4000941-1070,Mattresses,Latex,storefront: Christelle II Natural Latex (Stress-O-Pedic/Restonic) listed under Latex,MATT,SOP,CAKING CHRISTELLE II XFIRM
999220-5010,Foundations & Box Springs,"Standard Profile (8–9"")","description: 8""–9"" foundation",FOUND,SOP,"TWIN BLACK FND 9"""
25SBCOBEF_FP-3975,Mattresses,Innerspring,"storefront/maker: Cobalt, Prelude II, Ovation innerspring",MATT,SOUTH,TWIN COBALT EXTRA-FIRM
25SBCOBEF_FP-5475,Mattresses,Innerspring,"storefront/maker: Cobalt, Prelude II, Ovation innerspring",MATT,SOUTH,FULL COBALT EXTRA-FIRM
25SBCOBEF_FP-6080,Mattresses,Innerspring,"storefront/maker: Cobalt, Prelude II, Ovation innerspring",MATT,SOUTH,QUEEN COBALT EXTRA-FIRM
25SBCOBEF_FP-7284,Mattresses,Innerspring,"storefront/maker: Cobalt, Prelude II, Ovation innerspring",MATT,SOUTH,CAKING COBALT EXTRA-FIRM
25SBCOBEF_FP-7680,Mattresses,Innerspring,"storefront/maker: Cobalt, Prelude II, Ovation innerspring",MATT,SOUTH,E KING COBALT EXTRA-FIRM
25SBCOBET-5475,Mattresses,Innerspring,"storefront/maker: Cobalt, Prelude II, Ovation innerspring",MATT,SOUTH,FULL COBALT EUROTOP
25SBCOBET_FP-5475,Mattresses,Innerspring,"storefront/maker: Cobalt, Prelude II, Ovation innerspring",MATT,SOUTH,FULL COBALT EUROTOP
25SBCOBET_FP-6080,Mattresses,Innerspring,"storefront/maker: Cobalt, Prelude II, Ovation innerspring",MATT,SOUTH,QUEEN COBALT EUROTOP
25SBCOBET_FP-7284,Mattresses,Innerspring,"storefront/maker: Cobalt, Prelude II, Ovation innerspring",MATT,SOUTH,CAKING COBALT EUROTOP
25SBCOBET_FP-7680,Mattresses,Innerspring,"storefront/maker: Cobalt, Prelude II, Ovation innerspring",MATT,SOUTH,E KING COBALT EUROTOP
25SBCOBF_FP-3975,Mattresses,Innerspring,"storefront/maker: Cobalt, Prelude II, Ovation innerspring",MATT,SOUTH,TWIN COBALT FIRM
25SBCOBF_FP-3980,Mattresses,Innerspring,"storefront/maker: Cobalt, Prelude II, Ovation innerspring",MATT,SOUTH,TWINXL COBALT FIRM
25SBCOBF_FP-5475,Mattresses,Innerspring,"storefront/maker: Cobalt, Prelude II, Ovation innerspring",MATT,SOUTH,FULL COBALT FIRM
25SBCOBF_FP-6080,Mattresses,Innerspring,"storefront/maker: Cobalt, Prelude II, Ovation innerspring",MATT,SOUTH,QUEEN COBALT FIRM
25SBCOBF_FP-7284,Mattresses,Innerspring,"storefront/maker: Cobalt, Prelude II, Ovation innerspring",MATT,SOUTH,CAKING COBALT FIRM
25SBCOBF_FP-7680,Mattresses,Innerspring,"storefront/maker: Cobalt, Prelude II, Ovation innerspring",MATT,SOUTH,E KING COBALT FIRM
25SBCOBM-6080,Mattresses,Innerspring,"storefront/maker: Cobalt, Prelude II, Ovation innerspring",MATT,SOUTH,QUEEN COBALT MEDIUM
25SBCOBM_FP-3975,Mattresses,Innerspring,"storefront/maker: Cobalt, Prelude II, Ovation innerspring",MATT,SOUTH,TWIN COBALT MEDIUM
25SBCOBM_FP-3980,Mattresses,Innerspring,"storefront/maker: Cobalt, Prelude II, Ovation innerspring",MATT,SOUTH,TWINXL COBALT MEDIUM
25SBCOBM_FP-5475,Mattresses,Innerspring,"storefront/maker: Cobalt, Prelude II, Ovation innerspring",MATT,SOUTH,FULL COBALT MEDIUM
25SBCOBM_FP-6080,Mattresses,Innerspring,"storefront/maker: Cobalt, Prelude II, Ovation innerspring",MATT,SOUTH,QUEEN COBALT MEDIUM
25SBCOBM_FP-7284,Mattresses,Innerspring,"storefront/maker: Cobalt, Prelude II, Ovation innerspring",MATT,SOUTH,CAKING COBALT MEDIUM
25SBCOBM_FP-7680,Mattresses,Innerspring,"storefront/maker: Cobalt, Prelude II, Ovation innerspring",MATT,SOUTH,E KING COBALT MEDIUM
AC-2INCASTER-4PACK,Adjustable Bases,Base Accessories & Parts,"code: GROUP ADJBAS (remotes, legs, brackets, covers, cables)",ADJUST,SOUTH,"HD 2"" SCREW IN CASTER (SETx4)"
AC-HS-2INLEG-4PACK,Adjustable Bases,Base Accessories & Parts,"code: GROUP ADJBAS (remotes, legs, brackets, covers, cables)",ADJUST,SOUTH,"2"" SCREW IN LEG SET OF FOUR"
AC-HS980074-HB-BRKT,Adjustable Bases,Base Accessories & Parts,"code: GROUP ADJBAS (remotes, legs, brackets, covers, cables)",ADJUST,SOUTH,HEADBOARD BRACKET KIT
AC-LM-RF-ZG26-WHT,Adjustable Bases,Base Accessories & Parts,"code: GROUP ADJBAS (remotes, legs, brackets, covers, cables)",ADJUST,SOUTH,WIRELESS REMOTE FOR B26 BASE
IMC26HF0SBLK-3080,Adjustable Bases,Adjustable Bed Bases,code: sized ADJ group,ADJUST,SOUTH,SPLIT QUEEN ADJUST B26 BASE
IMC26HF0SBLK-3684,Adjustable Bases,Adjustable Bed Bases,code: sized ADJ group,ADJUST,SOUTH,SPLIT CK ADJUST SERIES B26
IMC26HF0SBLK-3974,Adjustable Bases,Adjustable Bed Bases,code: sized ADJ group,ADJUST,SOUTH,TWIN ADJUST SERIES B26
IMC26HF0SBLK-3980,Adjustable Bases,Adjustable Bed Bases,code: sized ADJ group,ADJUST,SOUTH,TWINXL ADJUST SERIES B26
IMC26HF0SBLK-5474,Adjustable Bases,Adjustable Bed Bases,code: sized ADJ group,ADJUST,SOUTH,FULL ADJUST SERIES B26
IMC26HF0SBLK-5480,Adjustable Bases,Adjustable Bed Bases,code: sized ADJ group,ADJUST,SOUTH,FULLXL ADJUST SERIES B26
IMC26HF0SBLK-6080,Adjustable Bases,Adjustable Bed Bases,code: sized ADJ group,ADJUST,SOUTH,QUEEN ADJUST SERIES B26
IMC26HF0SBLK-7284,Adjustable Bases,Adjustable Bed Bases,code: sized ADJ group,ADJUST,SOUTH,CAKING 1-PC ADJUST SERIES B26
IMC26HF0SBLK-7680,Adjustable Bases,Adjustable Bed Bases,code: sized ADJ group,ADJUST,SOUTH,E KING 1-PC ADJUST SERIES B26
IMC94WH2BLK-6080,Adjustable Bases,Adjustable Bed Bases,code: sized ADJ group,ADJUST,SOUTH,QUEEN ADJUST G94
IMC94WH2SBLK-3684,Adjustable Bases,Adjustable Bed Bases,code: sized ADJ group,ADJUST,SOUTH,SPLIT CAKING ADJUST G94
IMC94WH2SBLK-3974,Adjustable Bases,Adjustable Bed Bases,code: sized ADJ group,ADJUST,SOUTH,TWIN ADJUST G94
IMC94WH2SBLK-3980,Adjustable Bases,Adjustable Bed Bases,code: sized ADJ group,ADJUST,SOUTH,TWINXL ADJUST G94
OVATION,Mattresses,Innerspring,"storefront/maker: Cobalt, Prelude II, Ovation innerspring",MATT,SOUTH,QUEEN OVATION TT
SOUTHPROTOTYPE,Mattresses,,inferred: placeholder / prototype / unknown maker,MATT,SOUTH,QUEEN SOUTHERLAND PROTOTYPE
Z0LAPE2ET1-3684,Mattresses,Innerspring,"storefront/maker: Cobalt, Prelude II, Ovation innerspring",MATT,SOUTH,SPLIT CK PRELUDE II E/T
Z0LAPE2ET1-3974,Mattresses,Innerspring,"storefront/maker: Cobalt, Prelude II, Ovation innerspring",MATT,SOUTH,TWIN PRELUDE II E/T
Z0LAPE2ET1-3980,Mattresses,Innerspring,"storefront/maker: Cobalt, Prelude II, Ovation innerspring",MATT,SOUTH,TWINXL PRELUDE II E/T
Z0LAPE2ET1-5474,Mattresses,Innerspring,"storefront/maker: Cobalt, Prelude II, Ovation innerspring",MATT,SOUTH,FULL PRELUDE II E/T
Z0LAPE2ET1-5480XL,Mattresses,Innerspring,"storefront/maker: Cobalt, Prelude II, Ovation innerspring",MATT,SOUTH,FULLXL PRELUDE II E/T
Z0LAPE2ET1-6080,Mattresses,Innerspring,"storefront/maker: Cobalt, Prelude II, Ovation innerspring",MATT,SOUTH,QUEEN PRELUDE II E/T
Z0LAPE2ET1-7284,Mattresses,Innerspring,"storefront/maker: Cobalt, Prelude II, Ovation innerspring",MATT,SOUTH,CAKING PRELUDE II E/T
Z0LAPE2ET1-7680,Mattresses,Innerspring,"storefront/maker: Cobalt, Prelude II, Ovation innerspring",MATT,SOUTH,E KING PRELUDE II E/T
Z0LAPE2FT1-3974,Mattresses,Innerspring,"storefront/maker: Cobalt, Prelude II, Ovation innerspring",MATT,SOUTH,TWIN PRELUDE II FIRM
Z0LAPE2FT1-3980,Mattresses,Innerspring,"storefront/maker: Cobalt, Prelude II, Ovation innerspring",MATT,SOUTH,TWINXL PRELUDE II FIRM
Z0LAPE2FT1-5474,Mattresses,Innerspring,"storefront/maker: Cobalt, Prelude II, Ovation innerspring",MATT,SOUTH,FULL PRELUDE II FIRM
Z0LAPE2FT1-5480XL,Mattresses,Innerspring,"storefront/maker: Cobalt, Prelude II, Ovation innerspring",MATT,SOUTH,FULLXL PRELUDE II FIRM
Z0LAPE2FT1-6080,Mattresses,Innerspring,"storefront/maker: Cobalt, Prelude II, Ovation innerspring",MATT,SOUTH,QUEEN PRELUDE II FIRM
Z0LAPE2FT1-7284,Mattresses,Innerspring,"storefront/maker: Cobalt, Prelude II, Ovation innerspring",MATT,SOUTH,CAKING PRELUDE II FIRM
Z0LAPE2FT1-7680,Mattresses,Innerspring,"storefront/maker: Cobalt, Prelude II, Ovation innerspring",MATT,SOUTH,E KING PRELUDE II FIRM
Z0SGTT1PT1-6080,Mattresses,Hybrid,description: HYBRID (Tobert),MATT,SOUTH,QUEEN TOBERT ULTRA HYBRID
Z0WBBXX1W4-3080,Foundations & Box Springs,"Low Profile (4–5"")","description: LP / 4"" / 5""",FOUND,SOUTH,"SPLIT QU LP WILLETT BLK FND 4"""
Z0WBBXX1W4-3684,Foundations & Box Springs,"Low Profile (4–5"")","description: LP / 4"" / 5""",FOUND,SOUTH,"SPLIT CK LP WILLETT BLK FND 4"""
Z0WBBXX1W4-3974,Foundations & Box Springs,"Low Profile (4–5"")","description: LP / 4"" / 5""",FOUND,SOUTH,"TWIN LP WILLETT BLACK FND 4"""
Z0WBBXX1W4-3980,Foundations & Box Springs,"Low Profile (4–5"")","description: LP / 4"" / 5""",FOUND,SOUTH,"TWINXL LP WILLETT BLACK FND 4"""
Z0WBBXX1W4-5475,Foundations & Box Springs,"Low Profile (4–5"")","description: LP / 4"" / 5""",FOUND,SOUTH,"FULL LP WILLETT BLACK FND 4"""
Z0WBBXX1W4-5480,Foundations & Box Springs,"Low Profile (4–5"")","description: LP / 4"" / 5""",FOUND,SOUTH,"FULLXL WILLETT LP BLACK FND 4"""
Z0WBBXX1W4-6080,Foundations & Box Springs,"Low Profile (4–5"")","description: LP / 4"" / 5""",FOUND,SOUTH,"QUEEN LP WILLETT BLACK FND 4"""
Z0WBBXX1W9-3080,Foundations & Box Springs,"Standard Profile (8–9"")","description: 8""–9"" foundation",FOUND,SOUTH,"SPLIT QU WILLETT BLACK FND 9"""
Z0WBBXX1W9-3684,Foundations & Box Springs,"Standard Profile (8–9"")","description: 8""–9"" foundation",FOUND,SOUTH,"SPLIT CK WILLETT BLACK FND 9"""
Z0WBBXX1W9-3974,Foundations & Box Springs,"Standard Profile (8–9"")","description: 8""–9"" foundation",FOUND,SOUTH,"TWIN WILLETT BLACK FND 9"""
Z0WBBXX1W9-3980,Foundations & Box Springs,"Standard Profile (8–9"")","description: 8""–9"" foundation",FOUND,SOUTH,"TWINXL WILLETT BLACK FND 9"""
Z0WBBXX1W9-5474,Foundations & Box Springs,"Standard Profile (8–9"")","description: 8""–9"" foundation",FOUND,SOUTH,"FULL WILLETT BLACK FND 9"""
Z0WBBXX1W9-5480,Foundations & Box Springs,"Standard Profile (8–9"")","description: 8""–9"" foundation",FOUND,SOUTH,"FULLXL WILLETT BLACK FND 9"""
Z0WBBXX1W9-6080,Foundations & Box Springs,"Standard Profile (8–9"")","description: 8""–9"" foundation",FOUND,SOUTH,"QUEEN WILLETT BLACK FND 9"""
Z1ENGR1PP1-1824,Store Supplies & Equipment,Showroom & Signage,description: showroom / signage,SUPPLY,SOUTH,18X24 GRENADIER PT (DISPLAY)
Z2SAAY4PB1-3684,Mattresses,Latex,storefront: Scandinavian Collection natural latex line = Latex,MATT,SOUTH,SPLIT CK ANNIVERSARY LATEX BT
Z2SAAY4PB1-3974,Mattresses,Latex,storefront: Scandinavian Collection natural latex line = Latex,MATT,SOUTH,TWIN ANNIVERSARY LATEX BT
Z2SAAY4PB1-3980,Mattresses,Latex,storefront: Scandinavian Collection natural latex line = Latex,MATT,SOUTH,TWINXL ANNIVERSARY LATEX BT
Z2SAAY4PB1-5474,Mattresses,Latex,storefront: Scandinavian Collection natural latex line = Latex,MATT,SOUTH,FULL ANNIVERSARY LATEX BT
Z2SAAY4PB1-6080,Mattresses,Latex,storefront: Scandinavian Collection natural latex line = Latex,MATT,SOUTH,QUEEN ANNIVERSARY LATEX BT
Z2SAAY4PB1-7284,Mattresses,Latex,storefront: Scandinavian Collection natural latex line = Latex,MATT,SOUTH,CAKING ANNIVERSARY LATEX BT
Z2SAAY4PB1-7680,Mattresses,Latex,storefront: Scandinavian Collection natural latex line = Latex,MATT,SOUTH,E KING ANNIVERSARY LATEX BT
Z2SACC4PE1-6080,Mattresses,Memory Foam,maker: Scandinavian Cool Comfort foam-core (Omni HD foam + copper latex + gel memory foam),MATT,SOUTH,QUEEN COOL COMFORT PLUSH
Z2SASM4FE1-3974,Mattresses,Latex,storefront: Scandinavian Collection natural latex line = Latex,MATT,SOUTH,TWIN STOCKHOLM LATEX FM
Z2SASM4FE1-3980,Mattresses,Latex,storefront: Scandinavian Collection natural latex line = Latex,MATT,SOUTH,TWINXL STOCKHOLM LATEX FM
Z2SASM4FE1-5474,Mattresses,Latex,storefront: Scandinavian Collection natural latex line = Latex,MATT,SOUTH,FULL STOCKHOLM LATEX FM
Z2SASM4FE1-6080,Mattresses,Latex,storefront: Scandinavian Collection natural latex line = Latex,MATT,SOUTH,QUEEN STOCKHOLM LATEX FM
Z2SASM4FE1-7284,Mattresses,Latex,storefront: Scandinavian Collection natural latex line = Latex,MATT,SOUTH,CAKING STOCKHOLM LATEX FM
Z2SASM4FE1-7680,Mattresses,Latex,storefront: Scandinavian Collection natural latex line = Latex,MATT,SOUTH,E KING STOCKHOLM LATEX FM
Z2SASM4PB1-3684,Mattresses,Latex,storefront: Scandinavian Collection natural latex line = Latex,MATT,SOUTH,SPLIT CK SANDMAHN LATEX B/T
Z2SASM4PB1-3974,Mattresses,Latex,storefront: Scandinavian Collection natural latex line = Latex,MATT,SOUTH,TWIN SANDMAHN LATEX B/T
Z2SASM4PB1-3980,Mattresses,Latex,storefront: Scandinavian Collection natural latex line = Latex,MATT,SOUTH,TWINXL SANDMAHN LATEX B/T
Z2SASM4PB1-5474,Mattresses,Latex,storefront: Scandinavian Collection natural latex line = Latex,MATT,SOUTH,FULL SANDMAHN LATEX B/T
Z2SASM4PB1-6080,Mattresses,Latex,storefront: Scandinavian Collection natural latex line = Latex,MATT,SOUTH,QUEEN SANDMAHN LATEX B/T
Z2SASM4PB1-7284,Mattresses,Latex,storefront: Scandinavian Collection natural latex line = Latex,MATT,SOUTH,CAKING SANDMAHN LATEX B/T
Z2SASM4PB1-7680,Mattresses,Latex,storefront: Scandinavian Collection natural latex line = Latex,MATT,SOUTH,E KING SANDMAHN LATEX B/T
Z6SBBXX1S4-3080,Foundations & Box Springs,"Low Profile (4–5"")","description: LP / 4"" / 5""",FOUND,SOUTH,"SPLIT QU SMOKEY BLACK FND 5"""
Z6SBBXX1S4-3684,Foundations & Box Springs,"Low Profile (4–5"")","description: LP / 4"" / 5""",FOUND,SOUTH,"SPLIT CK LP SMOKEY BLK FND 5"""
Z6SBBXX1S4-3974,Foundations & Box Springs,"Low Profile (4–5"")","description: LP / 4"" / 5""",FOUND,SOUTH,"TWIN LP SMOKEY BLACK FND 5"""
Z6SBBXX1S4-3980,Foundations & Box Springs,"Low Profile (4–5"")","description: LP / 4"" / 5""",FOUND,SOUTH,"TWINXL LP SMOKEY BLACK FND 5"""
Z6SBBXX1S4-5475,Foundations & Box Springs,"Low Profile (4–5"")","description: LP / 4"" / 5""",FOUND,SOUTH,"FULL LP SMOKEY BLACK FND 5"""
Z6SBBXX1S4-5480,Foundations & Box Springs,"Low Profile (4–5"")","description: LP / 4"" / 5""",FOUND,SOUTH,"FULLXL LP SMOKEY BLACK FND 5"""
Z6SBBXX1S4-6080,Foundations & Box Springs,"Low Profile (4–5"")","description: LP / 4"" / 5""",FOUND,SOUTH,"QUEEN LP SMOKEY BLACK FND 5"""
Z6SBBXX1S9-3080,Foundations & Box Springs,"Standard Profile (8–9"")","description: 8""–9"" foundation",FOUND,SOUTH,"SPLIT QU SMOKEY BLACK FND 9"""
Z6SBBXX1S9-3684,Foundations & Box Springs,"Standard Profile (8–9"")","description: 8""–9"" foundation",FOUND,SOUTH,"SPLIT CK SMOKEY BLACK FND 9"""
Z6SBBXX1S9-3974,Foundations & Box Springs,"Standard Profile (8–9"")","description: 8""–9"" foundation",FOUND,SOUTH,"TWIN SMOKEY BLACK FND 9"""
Z6SBBXX1S9-3980,Foundations & Box Springs,"Standard Profile (8–9"")","description: 8""–9"" foundation",FOUND,SOUTH,"TWINXL SMOKEY BLACK FND 9"""
Z6SBBXX1S9-5474,Foundations & Box Springs,"Standard Profile (8–9"")","description: 8""–9"" foundation",FOUND,SOUTH,"FULL SMOKEY BLACK FND 9"""
Z6SBBXX1S9-5480,Foundations & Box Springs,"Standard Profile (8–9"")","description: 8""–9"" foundation",FOUND,SOUTH,"FULLXL SMOKEY BLACK FND 9"""
Z6SBBXX1S9-6080,Foundations & Box Springs,"Standard Profile (8–9"")","description: 8""–9"" foundation",FOUND,SOUTH,"QUEEN SMOKEY BLACK FND 9"""
48600Q,Foundations & Box Springs,"Standard Profile (8–9"")","description: 8""–9"" foundation",FOUND,SPINE,"QUEEN WHITE FND 8"""
CLOUDGELPT,Mattresses,Innerspring,inferred: pillow-top coil build,MATT,SPINE,QUEEN CLOUD GEL PILLOW TOP
ELE-MED-QN,Mattresses,Memory Foam,inferred: gel foam build,MATT,SPINE,ELEGANCE SUPREME GEL MEDIUM
MONETXFM-EK,Mattresses,Latex,description: LATEX,MATT,SPINE,E KING MONET EXTRA FIRM LATEX
SB-UNIV05-09-5000,Foundations & Box Springs,"Standard Profile (8–9"")","description: 8""–9"" foundation",FOUND,SPRING-AIR,"QUEEN SPRING-AIR BLACK FND 9"""
SM-ASPENFM-3300,Mattresses,Innerspring,storefront/maker: Spring Air value & tradition collections = Innerspring,MATT,SPRING-AIR,TWIN ASPEN FIRM
SM-ASPENFM-33XL,Mattresses,Innerspring,storefront/maker: Spring Air value & tradition collections = Innerspring,MATT,SPRING-AIR,TWINXL ASPEN FIRM
SM-ASPENFM-4600,Mattresses,Innerspring,storefront/maker: Spring Air value & tradition collections = Innerspring,MATT,SPRING-AIR,FULL ASPEN FIRM
SM-ASPENFM-5000,Mattresses,Innerspring,storefront/maker: Spring Air value & tradition collections = Innerspring,MATT,SPRING-AIR,QUEEN ASPEN FIRM
SM-DOGWDFM-3300,Mattresses,Innerspring,storefront/maker: Spring Air value & tradition collections = Innerspring,MATT,SPRING-AIR,TWIN DOGWOOD FIRM
SM-DOGWDFM-4600,Mattresses,Innerspring,storefront/maker: Spring Air value & tradition collections = Innerspring,MATT,SPRING-AIR,FULL DOGWOOD FIRM
SM-DOGWDFM-5000,Mattresses,Innerspring,storefront/maker: Spring Air value & tradition collections = Innerspring,MATT,SPRING-AIR,QUEEN DOGWOOD FIRM
SM-DOGWDPT-3300,Mattresses,Innerspring,storefront/maker: Spring Air value & tradition collections = Innerspring,MATT,SPRING-AIR,TWIN DOGWOOD PILLOW TOP
SM-DOGWDPT-33XL,Mattresses,Innerspring,storefront/maker: Spring Air value & tradition collections = Innerspring,MATT,SPRING-AIR,TWINXL DOGWOOD PILLOW TOP
SM-DOGWDPT-4600,Mattresses,Innerspring,storefront/maker: Spring Air value & tradition collections = Innerspring,MATT,SPRING-AIR,FULL DOGWOOD PILLOW TOP
SM-DOGWDPT-5000,Mattresses,Innerspring,storefront/maker: Spring Air value & tradition collections = Innerspring,MATT,SPRING-AIR,QUEEN DOGWOOD PILLOW TOP
SM-ERINFET-5000,Mattresses,Innerspring,storefront/maker: Spring Air value & tradition collections = Innerspring,MATT,SPRING-AIR,"QUEEN ERIN MEDIUM EUROTOP 12"""
SM-FOXTAILFM-3300,Mattresses,Innerspring,storefront/maker: Spring Air value & tradition collections = Innerspring,MATT,SPRING-AIR,TWIN FOXTAIL FIRM
SM-FRANCESCAFM-5000,Mattresses,Hybrid,description/maker: Back Supporter Francesca hybrid,MATT,SPRING-AIR,"QN FRANCESCA HYBRID FIRM 13.5"""
SM-HUGHESFM-5000,Mattresses,Innerspring,storefront/maker: Spring Air value & tradition collections = Innerspring,MATT,SPRING-AIR,QUEEN HUGHES FIRM
SM-HUGHESFM-6600,Mattresses,Innerspring,storefront/maker: Spring Air value & tradition collections = Innerspring,MATT,SPRING-AIR,E KING HUGHES FIRM
SM-HUGHESFM-6700,Mattresses,Innerspring,storefront/maker: Spring Air value & tradition collections = Innerspring,MATT,SPRING-AIR,CAKING HUGHES FIRM
SM-HUGHESPT-33XL,Mattresses,Innerspring,storefront/maker: Spring Air value & tradition collections = Innerspring,MATT,SPRING-AIR,TWINXL HUGHES PILLOW TOP
SM-HUGHESPT-5000,Mattresses,Innerspring,storefront/maker: Spring Air value & tradition collections = Innerspring,MATT,SPRING-AIR,QUEEN HUGHES PILLOW TOP
SM-HUGHESPT-6600,Mattresses,Innerspring,storefront/maker: Spring Air value & tradition collections = Innerspring,MATT,SPRING-AIR,E KING HUGHES PILLOW TOP
SM-ISABELPL-4600,Mattresses,Innerspring,storefront/maker: Spring Air value & tradition collections = Innerspring,MATT,SPRING-AIR,FULL ISABEL PLUSH
SM-ISABELPL-5000,Mattresses,Innerspring,storefront/maker: Spring Air value & tradition collections = Innerspring,MATT,SPRING-AIR,QUEEN ISABEL PLUSH
SM-ISABELPT-5000,Mattresses,Innerspring,storefront/maker: Spring Air value & tradition collections = Innerspring,MATT,SPRING-AIR,QUEEN ISABEL P/T
SM-ISABELPT-6600,Mattresses,Innerspring,storefront/maker: Spring Air value & tradition collections = Innerspring,MATT,SPRING-AIR,E KING ISABEL P/T
SM-JOSIEPT-5000,Mattresses,Innerspring,storefront/maker: Spring Air value & tradition collections = Innerspring,MATT,SPRING-AIR,QUEEN JOSIE P/T
SM-KATRINAXF-5000,Mattresses,Innerspring,storefront/maker: Spring Air value & tradition collections = Innerspring,MATT,SPRING-AIR,QUEEN KATRINA EXTRA FIRM
SM-KATRINAXF-6600,Mattresses,Innerspring,storefront/maker: Spring Air value & tradition collections = Innerspring,MATT,SPRING-AIR,E KING KATRINA EXTRA FIRM
SM-KATRINAXF-6700,Mattresses,Innerspring,storefront/maker: Spring Air value & tradition collections = Innerspring,MATT,SPRING-AIR,CAKING KATRINA EXTRA FIRM
SM-OLIVEFM-3300,Mattresses,Innerspring,storefront/maker: Spring Air value & tradition collections = Innerspring,MATT,SPRING-AIR,TWIN OLIVE FIRM
SM-OLIVEFM-33XL,Mattresses,Innerspring,storefront/maker: Spring Air value & tradition collections = Innerspring,MATT,SPRING-AIR,TWINXL OLIVE FIRM
SM-OLIVEFM-4600,Mattresses,Innerspring,storefront/maker: Spring Air value & tradition collections = Innerspring,MATT,SPRING-AIR,FULL OLIVE FIRM
SM-OLIVEFM-5000,Mattresses,Innerspring,storefront/maker: Spring Air value & tradition collections = Innerspring,MATT,SPRING-AIR,QUEEN OLIVE FIRM
SM-PALOVERD-3300,Mattresses,Innerspring,storefront/maker: Spring Air value & tradition collections = Innerspring,MATT,SPRING-AIR,TWIN PALO VERDE
SM-PALOVERD-5000,Mattresses,Innerspring,storefront/maker: Spring Air value & tradition collections = Innerspring,MATT,SPRING-AIR,QUEEN PALO VERDE
SM-RAINERFM-6600,Mattresses,Innerspring,storefront/maker: Spring Air value & tradition collections = Innerspring,MATT,SPRING-AIR,KING RAINIER FIRM
SM-SLOANPT-3300,Mattresses,Innerspring,storefront/maker: Spring Air value & tradition collections = Innerspring,MATT,SPRING-AIR,TWIN SLOAN PILLOW TOP
SM-SLOANPT-5000,Mattresses,Innerspring,storefront/maker: Spring Air value & tradition collections = Innerspring,MATT,SPRING-AIR,QUEEN SLOAN PILLOWTOP
SM-VANGOGHPT-5000,Mattresses,Innerspring,storefront/maker: Spring Air value & tradition collections = Innerspring,MATT,SPRING-AIR,QUEEN VAN GOGH PILLOW TOP
151131P4,Pillows,Latex Pillows,"description/maker: latex (Savvy Rest, Sleep & Beyond myLatex, S&F Studio latex, S&F Lux Estate down-blend/latex)",PILLOW,STEARNS&FOSTER,STD S&F STUDIO LATEX PILLOW
151141P5,Pillows,Latex Pillows,"description/maker: latex (Savvy Rest, Sleep & Beyond myLatex, S&F Studio latex, S&F Lux Estate down-blend/latex)",PILLOW,STEARNS&FOSTER,QUEEN S&F DOWN & LATEX PILLOW
151141P6,Pillows,Latex Pillows,"description/maker: latex (Savvy Rest, Sleep & Beyond myLatex, S&F Studio latex, S&F Lux Estate down-blend/latex)",PILLOW,STEARNS&FOSTER,KING S&F LUX-ESTATE PILLOW
53001331-PROMO,Mattresses,Innerspring,storefront: Stearns & Foster Estate/Lux Estate/Reserve/Studio = Innerspring Mattress,MATT,STEARNS&FOSTER,TWINXL STUDIO MED TT
53001340,Mattresses,Innerspring,storefront: Stearns & Foster Estate/Lux Estate/Reserve/Studio = Innerspring Mattress,MATT,STEARNS&FOSTER,FULL STUDIO MED TT
53001351,Mattresses,Innerspring,storefront: Stearns & Foster Estate/Lux Estate/Reserve/Studio = Innerspring Mattress,MATT,STEARNS&FOSTER,QUEEN STUDIO MED TT
53001351-PROMO,Mattresses,Innerspring,storefront: Stearns & Foster Estate/Lux Estate/Reserve/Studio = Innerspring Mattress,MATT,STEARNS&FOSTER,QUEEN STUDIO MED TT
53001361,Mattresses,Innerspring,storefront: Stearns & Foster Estate/Lux Estate/Reserve/Studio = Innerspring Mattress,MATT,STEARNS&FOSTER,E KING STUDIO MED TT
53001362-PROMO,Mattresses,Innerspring,storefront: Stearns & Foster Estate/Lux Estate/Reserve/Studio = Innerspring Mattress,MATT,STEARNS&FOSTER,CAKING STUDIO MED TT
53007731,Mattresses,Innerspring,storefront: Stearns & Foster Estate/Lux Estate/Reserve/Studio = Innerspring Mattress,MATT,STEARNS&FOSTER,TWINXL LUX-ESTATE ULTRA FM TT
53007731-PROMO,Mattresses,Innerspring,storefront: Stearns & Foster Estate/Lux Estate/Reserve/Studio = Innerspring Mattress,MATT,STEARNS&FOSTER,TWINXL LUX-ESTATE ULTRA FM TT
53007732-PROMO,Mattresses,Innerspring,storefront: Stearns & Foster Estate/Lux Estate/Reserve/Studio = Innerspring Mattress,MATT,STEARNS&FOSTER,SPLIT CK LUX-ESTATE ULTR FM TT
53007751,Mattresses,Innerspring,storefront: Stearns & Foster Estate/Lux Estate/Reserve/Studio = Innerspring Mattress,MATT,STEARNS&FOSTER,QUEEN LUX-ESTATE ULTRA FIRM TT
53007751-PROMO,Mattresses,Innerspring,storefront: Stearns & Foster Estate/Lux Estate/Reserve/Studio = Innerspring Mattress,MATT,STEARNS&FOSTER,QUEEN LUX-ESTATE ULTRA FIRM TT
53007761,Mattresses,Innerspring,storefront: Stearns & Foster Estate/Lux Estate/Reserve/Studio = Innerspring Mattress,MATT,STEARNS&FOSTER,E KING LUX-ESTATE ULTRA FM TT
53007761-PROMO,Mattresses,Innerspring,storefront: Stearns & Foster Estate/Lux Estate/Reserve/Studio = Innerspring Mattress,MATT,STEARNS&FOSTER,E KING LUX-ESTATE ULTRA FM TT
53007762,Mattresses,Innerspring,storefront: Stearns & Foster Estate/Lux Estate/Reserve/Studio = Innerspring Mattress,MATT,STEARNS&FOSTER,CAKING LUX-ESTATE ULTRA FM TT
53007762-PROMO,Mattresses,Innerspring,storefront: Stearns & Foster Estate/Lux Estate/Reserve/Studio = Innerspring Mattress,MATT,STEARNS&FOSTER,CAKING LUX-ESTATE ULTRA FM TT
53008151,Mattresses,Innerspring,storefront: Stearns & Foster Estate/Lux Estate/Reserve/Studio = Innerspring Mattress,MATT,STEARNS&FOSTER,QUEEN RESERVE MED TT
53008161-PROMO,Mattresses,Innerspring,storefront: Stearns & Foster Estate/Lux Estate/Reserve/Studio = Innerspring Mattress,MATT,STEARNS&FOSTER,E KING RESERVE MED TT
53008162,Mattresses,Innerspring,storefront: Stearns & Foster Estate/Lux Estate/Reserve/Studio = Innerspring Mattress,MATT,STEARNS&FOSTER,CAKING RESERVE MED TT
53008162-PROMO,Mattresses,Innerspring,storefront: Stearns & Foster Estate/Lux Estate/Reserve/Studio = Innerspring Mattress,MATT,STEARNS&FOSTER,CAKING RESERVE MED TT
53008451,Mattresses,Innerspring,storefront: Stearns & Foster Estate/Lux Estate/Reserve/Studio = Innerspring Mattress,MATT,STEARNS&FOSTER,QUEEN LUX-ESTATE SOFT EPT
53008451-PROMO,Mattresses,Innerspring,storefront: Stearns & Foster Estate/Lux Estate/Reserve/Studio = Innerspring Mattress,MATT,STEARNS&FOSTER,QUEEN LUX-ESTATE SOFT EPT
53008461,Mattresses,Innerspring,storefront: Stearns & Foster Estate/Lux Estate/Reserve/Studio = Innerspring Mattress,MATT,STEARNS&FOSTER,E KING LUX-ESTATE SOFT EPT
53008461-PROMO,Mattresses,Innerspring,storefront: Stearns & Foster Estate/Lux Estate/Reserve/Studio = Innerspring Mattress,MATT,STEARNS&FOSTER,E KING LUX-ESTATE SOFT EPT
53008462,Mattresses,Innerspring,storefront: Stearns & Foster Estate/Lux Estate/Reserve/Studio = Innerspring Mattress,MATT,STEARNS&FOSTER,CAKING LUX-ESTATE SOFT EPT
53008462-PROMO,Mattresses,Innerspring,storefront: Stearns & Foster Estate/Lux Estate/Reserve/Studio = Innerspring Mattress,MATT,STEARNS&FOSTER,CAKING LUX-ESTATE SOFT EPT
53008851,Mattresses,Innerspring,storefront: Stearns & Foster Estate/Lux Estate/Reserve/Studio = Innerspring Mattress,MATT,STEARNS&FOSTER,QUEEN ESTATE SOFT TT
53008862-PROMO,Mattresses,Innerspring,storefront: Stearns & Foster Estate/Lux Estate/Reserve/Studio = Innerspring Mattress,MATT,STEARNS&FOSTER,CAKING ESTATE SOFT TT
53008931,Mattresses,Innerspring,storefront: Stearns & Foster Estate/Lux Estate/Reserve/Studio = Innerspring Mattress,MATT,STEARNS&FOSTER,TWINXL ESTATE FIRM TT
53008931-PROMO,Mattresses,Innerspring,storefront: Stearns & Foster Estate/Lux Estate/Reserve/Studio = Innerspring Mattress,MATT,STEARNS&FOSTER,TWINXL ESTATE FIRM TT
53008940,Mattresses,Innerspring,storefront: Stearns & Foster Estate/Lux Estate/Reserve/Studio = Innerspring Mattress,MATT,STEARNS&FOSTER,FULL ESTATE FIRM TT
53008940-PROMO,Mattresses,Innerspring,storefront: Stearns & Foster Estate/Lux Estate/Reserve/Studio = Innerspring Mattress,MATT,STEARNS&FOSTER,FULL ESTATE FIRM TT
53008951,Mattresses,Innerspring,storefront: Stearns & Foster Estate/Lux Estate/Reserve/Studio = Innerspring Mattress,MATT,STEARNS&FOSTER,QUEEN ESTATE FIRM TT
53008951-PROMO,Mattresses,Innerspring,storefront: Stearns & Foster Estate/Lux Estate/Reserve/Studio = Innerspring Mattress,MATT,STEARNS&FOSTER,QUEEN ESTATE FIRM TT
53008961,Mattresses,Innerspring,storefront: Stearns & Foster Estate/Lux Estate/Reserve/Studio = Innerspring Mattress,MATT,STEARNS&FOSTER,E KING ESTATE FIRM TT
53008961-PROMO,Mattresses,Innerspring,storefront: Stearns & Foster Estate/Lux Estate/Reserve/Studio = Innerspring Mattress,MATT,STEARNS&FOSTER,E KING ESTATE FIRM TT
53008962,Mattresses,Innerspring,storefront: Stearns & Foster Estate/Lux Estate/Reserve/Studio = Innerspring Mattress,MATT,STEARNS&FOSTER,CAKING ESTATE FIRM TT
53008962-PROMO,Mattresses,Innerspring,storefront: Stearns & Foster Estate/Lux Estate/Reserve/Studio = Innerspring Mattress,MATT,STEARNS&FOSTER,CAKING ESTATE FIRM TT
53009031,Mattresses,Innerspring,storefront: Stearns & Foster Estate/Lux Estate/Reserve/Studio = Innerspring Mattress,MATT,STEARNS&FOSTER,TWINXL LUX-ESTATE MED TT
53009031-PROMO,Mattresses,Innerspring,storefront: Stearns & Foster Estate/Lux Estate/Reserve/Studio = Innerspring Mattress,MATT,STEARNS&FOSTER,TWINXL LUX-ESTATE MED TT
53009051,Mattresses,Innerspring,storefront: Stearns & Foster Estate/Lux Estate/Reserve/Studio = Innerspring Mattress,MATT,STEARNS&FOSTER,QUEEN LUX-ESTATE MED TT
53009051-PROMO,Mattresses,Innerspring,storefront: Stearns & Foster Estate/Lux Estate/Reserve/Studio = Innerspring Mattress,MATT,STEARNS&FOSTER,QUEEN LUX-ESTATE MED TT
53009061,Mattresses,Innerspring,storefront: Stearns & Foster Estate/Lux Estate/Reserve/Studio = Innerspring Mattress,MATT,STEARNS&FOSTER,E KING LUX-ESTATE MED TT
53009061-PROMO,Mattresses,Innerspring,storefront: Stearns & Foster Estate/Lux Estate/Reserve/Studio = Innerspring Mattress,MATT,STEARNS&FOSTER,E KING LUX-ESTATE MED TT
53009062,Mattresses,Innerspring,storefront: Stearns & Foster Estate/Lux Estate/Reserve/Studio = Innerspring Mattress,MATT,STEARNS&FOSTER,CAKING LUX-ESTATE MED TT
53009062-PROMO,Mattresses,Innerspring,storefront: Stearns & Foster Estate/Lux Estate/Reserve/Studio = Innerspring Mattress,MATT,STEARNS&FOSTER,CAKING LUX-ESTATE MED TT
53009131,Mattresses,Innerspring,storefront: Stearns & Foster Estate/Lux Estate/Reserve/Studio = Innerspring Mattress,MATT,STEARNS&FOSTER,TWINXL ESTATE SOFT EPT
53009132,Mattresses,Innerspring,storefront: Stearns & Foster Estate/Lux Estate/Reserve/Studio = Innerspring Mattress,MATT,STEARNS&FOSTER,SPLIT CK ESTATE SOFT EPT
53009140,Mattresses,Innerspring,storefront: Stearns & Foster Estate/Lux Estate/Reserve/Studio = Innerspring Mattress,MATT,STEARNS&FOSTER,FULL ESTATE SOFT EPT
53009151,Mattresses,Innerspring,storefront: Stearns & Foster Estate/Lux Estate/Reserve/Studio = Innerspring Mattress,MATT,STEARNS&FOSTER,QUEEN ESTATE SOFT EPT
53009151-PROMO,Mattresses,Innerspring,storefront: Stearns & Foster Estate/Lux Estate/Reserve/Studio = Innerspring Mattress,MATT,STEARNS&FOSTER,QUEEN ESTATE SOFT EPT
53009161-PROMO,Mattresses,Innerspring,storefront: Stearns & Foster Estate/Lux Estate/Reserve/Studio = Innerspring Mattress,MATT,STEARNS&FOSTER,E KING ESTATE SOFT EPT
53009162-PROMO,Mattresses,Innerspring,storefront: Stearns & Foster Estate/Lux Estate/Reserve/Studio = Innerspring Mattress,MATT,STEARNS&FOSTER,CAKING ESTATE SOFT EPT
53009531,Mattresses,Innerspring,storefront: Stearns & Foster Estate/Lux Estate/Reserve/Studio = Innerspring Mattress,MATT,STEARNS&FOSTER,TWINXL ESTATE FIRM EPT
53009531-PROMO,Mattresses,Innerspring,storefront: Stearns & Foster Estate/Lux Estate/Reserve/Studio = Innerspring Mattress,MATT,STEARNS&FOSTER,TWINXL ESTATE FIRM EPT
53009532,Mattresses,Innerspring,storefront: Stearns & Foster Estate/Lux Estate/Reserve/Studio = Innerspring Mattress,MATT,STEARNS&FOSTER,SPLIT CK ESTATE FIRM EPT
53009540-PROMO,Mattresses,Innerspring,storefront: Stearns & Foster Estate/Lux Estate/Reserve/Studio = Innerspring Mattress,MATT,STEARNS&FOSTER,FULL ESTATE FIRM EPT
53009551,Mattresses,Innerspring,storefront: Stearns & Foster Estate/Lux Estate/Reserve/Studio = Innerspring Mattress,MATT,STEARNS&FOSTER,QUEEN ESTATE FIRM EPT
53009551-PROMO,Mattresses,Innerspring,storefront: Stearns & Foster Estate/Lux Estate/Reserve/Studio = Innerspring Mattress,MATT,STEARNS&FOSTER,QUEEN ESTATE FIRM EPT
53009561,Mattresses,Innerspring,storefront: Stearns & Foster Estate/Lux Estate/Reserve/Studio = Innerspring Mattress,MATT,STEARNS&FOSTER,E KING ESTATE FIRM EPT
53009561-PROMO,Mattresses,Innerspring,storefront: Stearns & Foster Estate/Lux Estate/Reserve/Studio = Innerspring Mattress,MATT,STEARNS&FOSTER,E KING ESTATE FIRM EPT
53009562,Mattresses,Innerspring,storefront: Stearns & Foster Estate/Lux Estate/Reserve/Studio = Innerspring Mattress,MATT,STEARNS&FOSTER,CAKING ESTATE FIRM EPT
53009562-PROMO,Mattresses,Innerspring,storefront: Stearns & Foster Estate/Lux Estate/Reserve/Studio = Innerspring Mattress,MATT,STEARNS&FOSTER,CAKING ESTATE FIRM EPT
53009962-PROMO,Mattresses,Innerspring,storefront: Stearns & Foster Estate/Lux Estate/Reserve/Studio = Innerspring Mattress,MATT,STEARNS&FOSTER,CAKING RESERVE DUET FIRM
53010051,Mattresses,Innerspring,storefront: Stearns & Foster Estate/Lux Estate/Reserve/Studio = Innerspring Mattress,MATT,STEARNS&FOSTER,QUEEN RESERVE SOFT EPT
53010051-PROMO,Mattresses,Innerspring,storefront: Stearns & Foster Estate/Lux Estate/Reserve/Studio = Innerspring Mattress,MATT,STEARNS&FOSTER,QUEEN RESERVE SOFT EPT
53010062-PROMO,Mattresses,Innerspring,storefront: Stearns & Foster Estate/Lux Estate/Reserve/Studio = Innerspring Mattress,MATT,STEARNS&FOSTER,CAKING RESERVE SOFT EPT
53019230,Mattresses,Innerspring,storefront: Stearns & Foster Estate/Lux Estate/Reserve/Studio = Innerspring Mattress,MATT,STEARNS&FOSTER,TWIN STUDIO MED EPT
53019231,Mattresses,Innerspring,storefront: Stearns & Foster Estate/Lux Estate/Reserve/Studio = Innerspring Mattress,MATT,STEARNS&FOSTER,TWINXL STUDIO MED EPT
53019240-PROMO,Mattresses,Innerspring,storefront: Stearns & Foster Estate/Lux Estate/Reserve/Studio = Innerspring Mattress,MATT,STEARNS&FOSTER,FULL STUDIO MED EPT
53019251,Mattresses,Innerspring,storefront: Stearns & Foster Estate/Lux Estate/Reserve/Studio = Innerspring Mattress,MATT,STEARNS&FOSTER,QUEEN STUDIO MED EPT
53019251-PROMO,Mattresses,Innerspring,storefront: Stearns & Foster Estate/Lux Estate/Reserve/Studio = Innerspring Mattress,MATT,STEARNS&FOSTER,QUEEN STUDIO MED EPT
53019261,Mattresses,Innerspring,storefront: Stearns & Foster Estate/Lux Estate/Reserve/Studio = Innerspring Mattress,MATT,STEARNS&FOSTER,E KING STUDIO MED EPT
53019261-PROMO,Mattresses,Innerspring,storefront: Stearns & Foster Estate/Lux Estate/Reserve/Studio = Innerspring Mattress,MATT,STEARNS&FOSTER,E KING STUDIO MED EPT
53019262,Mattresses,Innerspring,storefront: Stearns & Foster Estate/Lux Estate/Reserve/Studio = Innerspring Mattress,MATT,STEARNS&FOSTER,CAKING STUDIO MED EPT
53019262-PROMO,Mattresses,Innerspring,storefront: Stearns & Foster Estate/Lux Estate/Reserve/Studio = Innerspring Mattress,MATT,STEARNS&FOSTER,CAKING STUDIO MED EPT
53019331-PROMO,Mattresses,Innerspring,storefront: Stearns & Foster Estate/Lux Estate/Reserve/Studio = Innerspring Mattress,MATT,STEARNS&FOSTER,TWINXL LUX-ESTATE MED EPT
53019351,Mattresses,Innerspring,storefront: Stearns & Foster Estate/Lux Estate/Reserve/Studio = Innerspring Mattress,MATT,STEARNS&FOSTER,QUEEN LUX-ESTATE MED EPT
53019351-PROMO,Mattresses,Innerspring,storefront: Stearns & Foster Estate/Lux Estate/Reserve/Studio = Innerspring Mattress,MATT,STEARNS&FOSTER,QUEEN LUX-ESTATE MED EPT
53019361,Mattresses,Innerspring,storefront: Stearns & Foster Estate/Lux Estate/Reserve/Studio = Innerspring Mattress,MATT,STEARNS&FOSTER,E KING LUX-ESTATE MED EPT
53019361-PROMO,Mattresses,Innerspring,storefront: Stearns & Foster Estate/Lux Estate/Reserve/Studio = Innerspring Mattress,MATT,STEARNS&FOSTER,E KING LUX-ESTATE MED EPT
53019362,Mattresses,Innerspring,storefront: Stearns & Foster Estate/Lux Estate/Reserve/Studio = Innerspring Mattress,MATT,STEARNS&FOSTER,CAKING LUX-ESTATE MED EPT
53019362-PROMO,Mattresses,Innerspring,storefront: Stearns & Foster Estate/Lux Estate/Reserve/Studio = Innerspring Mattress,MATT,STEARNS&FOSTER,CAKING LUX-ESTATE MED EPT
53019431,Mattresses,Innerspring,storefront: Stearns & Foster Estate/Lux Estate/Reserve/Studio = Innerspring Mattress,MATT,STEARNS&FOSTER,TWINXL LUX-ESTATE FIRM EPT
53019451,Mattresses,Innerspring,storefront: Stearns & Foster Estate/Lux Estate/Reserve/Studio = Innerspring Mattress,MATT,STEARNS&FOSTER,QUEEN LUX-ESTATE FIRM EPT
53019451-PROMO,Mattresses,Innerspring,storefront: Stearns & Foster Estate/Lux Estate/Reserve/Studio = Innerspring Mattress,MATT,STEARNS&FOSTER,QUEEN LUX-ESTATE FIRM EPT
53019461,Mattresses,Innerspring,storefront: Stearns & Foster Estate/Lux Estate/Reserve/Studio = Innerspring Mattress,MATT,STEARNS&FOSTER,E KING LUX-ESTATE FIRM EPT
53019461-PROMO,Mattresses,Innerspring,storefront: Stearns & Foster Estate/Lux Estate/Reserve/Studio = Innerspring Mattress,MATT,STEARNS&FOSTER,E KING LUX-ESTATE FIRM EPT
53019462,Mattresses,Innerspring,storefront: Stearns & Foster Estate/Lux Estate/Reserve/Studio = Innerspring Mattress,MATT,STEARNS&FOSTER,CAKING LUX-ESTATE FIRM EPT
53019462-PROMO,Mattresses,Innerspring,storefront: Stearns & Foster Estate/Lux Estate/Reserve/Studio = Innerspring Mattress,MATT,STEARNS&FOSTER,CAKING LUX-ESTATE FIRM EPT
53019951,Mattresses,Innerspring,storefront: Stearns & Foster Estate/Lux Estate/Reserve/Studio = Innerspring Mattress,MATT,STEARNS&FOSTER,QUEEN RESERVE FIRM EPT
53019961-PROMO,Mattresses,Innerspring,storefront: Stearns & Foster Estate/Lux Estate/Reserve/Studio = Innerspring Mattress,MATT,STEARNS&FOSTER,E KING RESERVE FIRM EPT
53019962,Mattresses,Innerspring,storefront: Stearns & Foster Estate/Lux Estate/Reserve/Studio = Innerspring Mattress,MATT,STEARNS&FOSTER,CAKING RESERVE FIRM EPT
53019962-PROMO,Mattresses,Innerspring,storefront: Stearns & Foster Estate/Lux Estate/Reserve/Studio = Innerspring Mattress,MATT,STEARNS&FOSTER,CAKING RESERVE FIRM EPT
53051331,Mattresses,Innerspring,storefront: Stearns & Foster Estate/Lux Estate/Reserve/Studio = Innerspring Mattress,MATT,STEARNS&FOSTER,TWINXL ESTATE ULTRA FIRM TT
53051331-PROMO,Mattresses,Innerspring,storefront: Stearns & Foster Estate/Lux Estate/Reserve/Studio = Innerspring Mattress,MATT,STEARNS&FOSTER,TWINXL ESTATE ULTRA FIRM TT
53051340,Mattresses,Innerspring,storefront: Stearns & Foster Estate/Lux Estate/Reserve/Studio = Innerspring Mattress,MATT,STEARNS&FOSTER,FULL ESTATE ULTRA FIRM TT
53051340-PROMO,Mattresses,Innerspring,storefront: Stearns & Foster Estate/Lux Estate/Reserve/Studio = Innerspring Mattress,MATT,STEARNS&FOSTER,FULL ESTATE ULTRA FIRM TT
53051351,Mattresses,Innerspring,storefront: Stearns & Foster Estate/Lux Estate/Reserve/Studio = Innerspring Mattress,MATT,STEARNS&FOSTER,QUEEN ESTATE ULTRA FIRM TT
53051351-PROMO,Mattresses,Innerspring,storefront: Stearns & Foster Estate/Lux Estate/Reserve/Studio = Innerspring Mattress,MATT,STEARNS&FOSTER,QUEEN ESTATE ULTRA FIRM TT
53051361,Mattresses,Innerspring,storefront: Stearns & Foster Estate/Lux Estate/Reserve/Studio = Innerspring Mattress,MATT,STEARNS&FOSTER,E KING ESTATE ULTRA FIRM TT
53051361-PROMO,Mattresses,Innerspring,storefront: Stearns & Foster Estate/Lux Estate/Reserve/Studio = Innerspring Mattress,MATT,STEARNS&FOSTER,E KING ESTATE ULTRA FIRM TT
53051362,Mattresses,Innerspring,storefront: Stearns & Foster Estate/Lux Estate/Reserve/Studio = Innerspring Mattress,MATT,STEARNS&FOSTER,CAKING ESTATE ULTRA FIRM TT
53051362-PROMO,Mattresses,Innerspring,storefront: Stearns & Foster Estate/Lux Estate/Reserve/Studio = Innerspring Mattress,MATT,STEARNS&FOSTER,CAKING ESTATE ULTRA FIRM TT
53167631-PROMO,Mattresses,Innerspring,storefront: Stearns & Foster Estate/Lux Estate/Reserve/Studio = Innerspring Mattress,MATT,STEARNS&FOSTER,TWINXL ESTATE MEDIUM TT
53167640,Mattresses,Innerspring,storefront: Stearns & Foster Estate/Lux Estate/Reserve/Studio = Innerspring Mattress,MATT,STEARNS&FOSTER,FULL ESTATE MEDIUM TT
53167640-PROMO,Mattresses,Innerspring,storefront: Stearns & Foster Estate/Lux Estate/Reserve/Studio = Innerspring Mattress,MATT,STEARNS&FOSTER,FULL ESTATE MEDIUM TT
53167651,Mattresses,Innerspring,storefront: Stearns & Foster Estate/Lux Estate/Reserve/Studio = Innerspring Mattress,MATT,STEARNS&FOSTER,QUEEN ESTATE MEDIUM TT
53167651-PROMO,Mattresses,Innerspring,storefront: Stearns & Foster Estate/Lux Estate/Reserve/Studio = Innerspring Mattress,MATT,STEARNS&FOSTER,QUEEN ESTATE MEDIUM TT
53167661,Mattresses,Innerspring,storefront: Stearns & Foster Estate/Lux Estate/Reserve/Studio = Innerspring Mattress,MATT,STEARNS&FOSTER,E KING ESTATE MEDIUM TT
53167661-PROMO,Mattresses,Innerspring,storefront: Stearns & Foster Estate/Lux Estate/Reserve/Studio = Innerspring Mattress,MATT,STEARNS&FOSTER,E KING ESTATE MEDIUM TT
53167662-PROMO,Mattresses,Innerspring,storefront: Stearns & Foster Estate/Lux Estate/Reserve/Studio = Innerspring Mattress,MATT,STEARNS&FOSTER,CAKING ESTATE MEDIUM TT
53167751,Mattresses,Innerspring,storefront: Stearns & Foster Estate/Lux Estate/Reserve/Studio = Innerspring Mattress,MATT,STEARNS&FOSTER,QUEEN LUX-ESTATE ELITE MED PT
53167751-PROMO,Mattresses,Innerspring,storefront: Stearns & Foster Estate/Lux Estate/Reserve/Studio = Innerspring Mattress,MATT,STEARNS&FOSTER,QUEEN LUX-ESTATE ELITE MED PT
53167762,Mattresses,Innerspring,storefront: Stearns & Foster Estate/Lux Estate/Reserve/Studio = Innerspring Mattress,MATT,STEARNS&FOSTER,CAKING LUX-ESTATE ELITE MED PT
53167762-PROMO,Mattresses,Innerspring,storefront: Stearns & Foster Estate/Lux Estate/Reserve/Studio = Innerspring Mattress,MATT,STEARNS&FOSTER,CAKING LUX-ESTATE ELITE MED PT
63048931,Foundations & Box Springs,"Standard Profile (8–9"")","description: 8""–9"" foundation",FOUND,STEARNS&FOSTER,"TWINXL 2022 S&F SX4 FND 9"""
63048932,Foundations & Box Springs,"Standard Profile (8–9"")","description: 8""–9"" foundation",FOUND,STEARNS&FOSTER,"SPLIT CK 2022 S&F SX4 FND 9"""
63048940,Foundations & Box Springs,"Standard Profile (8–9"")","description: 8""–9"" foundation",FOUND,STEARNS&FOSTER,"FULL 2022 S&F SX4 FND 9"""
63048951,Foundations & Box Springs,"Standard Profile (8–9"")","description: 8""–9"" foundation",FOUND,STEARNS&FOSTER,"QUEEN 2022 S&F SX4 FND 9"""
63049031,Foundations & Box Springs,"Low Profile (4–5"")","description: LP / 4"" / 5""",FOUND,STEARNS&FOSTER,"TWINXL LP 2022 S&F SX3 FND 5"""
63049032,Foundations & Box Springs,"Low Profile (4–5"")","description: LP / 4"" / 5""",FOUND,STEARNS&FOSTER,"SPLIT CK LP '22 S&F SX3 FND 5"""
63049040,Foundations & Box Springs,"Low Profile (4–5"")","description: LP / 4"" / 5""",FOUND,STEARNS&FOSTER,"FULL LP 2022 S&F SX3 FND 5"""
63049051,Foundations & Box Springs,"Low Profile (4–5"")","description: LP / 4"" / 5""",FOUND,STEARNS&FOSTER,"QUEEN LP 2022 S&F SX3 FND 5"""
ES2-EPT-CK,Mattresses,Innerspring,storefront: Stearns & Foster Estate/Lux Estate/Reserve/Studio = Innerspring Mattress,MATT,STEARNS&FOSTER,CAKING HURSTON PLUSH EURO-TOP
ES2-EPT-F,Mattresses,Innerspring,storefront: Stearns & Foster Estate/Lux Estate/Reserve/Studio = Innerspring Mattress,MATT,STEARNS&FOSTER,FULL HURSTON PLUSH EURO-TOP
ES2-EPT-K,Mattresses,Innerspring,storefront: Stearns & Foster Estate/Lux Estate/Reserve/Studio = Innerspring Mattress,MATT,STEARNS&FOSTER,E KING HURSTON PLUSH EURO-TOP
ES2-EPT-Q,Mattresses,Innerspring,storefront: Stearns & Foster Estate/Lux Estate/Reserve/Studio = Innerspring Mattress,MATT,STEARNS&FOSTER,QUEEN HURSTON PLUSH EURO-TOP
ES2-EPT-SCK,Mattresses,Innerspring,storefront: Stearns & Foster Estate/Lux Estate/Reserve/Studio = Innerspring Mattress,MATT,STEARNS&FOSTER,SPLIT CK HURSTON PLUSH EUROTOP
ES2-EPT-TXL,Mattresses,Innerspring,storefront: Stearns & Foster Estate/Lux Estate/Reserve/Studio = Innerspring Mattress,MATT,STEARNS&FOSTER,TWINXL HURSTON PLUSH EURO-TOP
ES4-EPS-K,Mattresses,Innerspring,storefront: Stearns & Foster Estate/Lux Estate/Reserve/Studio = Innerspring Mattress,MATT,STEARNS&FOSTER,E KING ROCKWELL PLUSH EUROTOP
ES4-EPS-Q,Mattresses,Innerspring,storefront: Stearns & Foster Estate/Lux Estate/Reserve/Studio = Innerspring Mattress,MATT,STEARNS&FOSTER,QUEEN ROCKWELL PLUSH EUROTOP
ES4-EPT-CK,Mattresses,Innerspring,storefront: Stearns & Foster Estate/Lux Estate/Reserve/Studio = Innerspring Mattress,MATT,STEARNS&FOSTER,CAKING ROCKWELL FIRM EURO-TOP
ES4-EPT-F,Mattresses,Innerspring,storefront: Stearns & Foster Estate/Lux Estate/Reserve/Studio = Innerspring Mattress,MATT,STEARNS&FOSTER,FULL ROCKWELL FIRM EURO-TOP
ES4-EPT-K,Mattresses,Innerspring,storefront: Stearns & Foster Estate/Lux Estate/Reserve/Studio = Innerspring Mattress,MATT,STEARNS&FOSTER,E KING ROCKWELL FIRM EURO-TOP
ES4-EPT-Q,Mattresses,Innerspring,storefront: Stearns & Foster Estate/Lux Estate/Reserve/Studio = Innerspring Mattress,MATT,STEARNS&FOSTER,QUEEN ROCKWELL FIRM EURO-TOP
ES4-EPT-SCK,Mattresses,Innerspring,storefront: Stearns & Foster Estate/Lux Estate/Reserve/Studio = Innerspring Mattress,MATT,STEARNS&FOSTER,SPLIT CK ROCKWELL FIRM EURO-TO
ES4-EPT-TXL,Mattresses,Innerspring,storefront: Stearns & Foster Estate/Lux Estate/Reserve/Studio = Innerspring Mattress,MATT,STEARNS&FOSTER,TWINXL ROCKWELL FIRM EURO-TOP
ES4-TT-CK,Mattresses,Innerspring,storefront: Stearns & Foster Estate/Lux Estate/Reserve/Studio = Innerspring Mattress,MATT,STEARNS&FOSTER,CAKING ROCKWELL ULTRA FIRM
ES4-TT-F,Mattresses,Innerspring,storefront: Stearns & Foster Estate/Lux Estate/Reserve/Studio = Innerspring Mattress,MATT,STEARNS&FOSTER,FULL ROCKWELL ULTRA FIRM
ES4-TT-K,Mattresses,Innerspring,storefront: Stearns & Foster Estate/Lux Estate/Reserve/Studio = Innerspring Mattress,MATT,STEARNS&FOSTER,E KING ROCKWELL ULTRA FIRM
ES4-TT-Q,Mattresses,Innerspring,storefront: Stearns & Foster Estate/Lux Estate/Reserve/Studio = Innerspring Mattress,MATT,STEARNS&FOSTER,QUEEN ROCKWELL ULTRA FIRM
ES4-TT-SCK,Mattresses,Innerspring,storefront: Stearns & Foster Estate/Lux Estate/Reserve/Studio = Innerspring Mattress,MATT,STEARNS&FOSTER,SPLIT CK ROCKWELL ULTRA FIRM
ES4-TT-TXL,Mattresses,Innerspring,storefront: Stearns & Foster Estate/Lux Estate/Reserve/Studio = Innerspring Mattress,MATT,STEARNS&FOSTER,TWINXL ROCKWELL ULTRA FIRM
LE2-EFT-CK,Mattresses,Innerspring,storefront: Stearns & Foster Estate/Lux Estate/Reserve/Studio = Innerspring Mattress,MATT,STEARNS&FOSTER,CAKING CASSATT FIRM EURO-TOP
LE2-EFT-K,Mattresses,Innerspring,storefront: Stearns & Foster Estate/Lux Estate/Reserve/Studio = Innerspring Mattress,MATT,STEARNS&FOSTER,E KING CASSATT FIRM EURO-TOP
LE2-EFT-Q,Mattresses,Innerspring,storefront: Stearns & Foster Estate/Lux Estate/Reserve/Studio = Innerspring Mattress,MATT,STEARNS&FOSTER,QUEEN CASSATT FIRM EURO-TOP
LE2-EPT-CK,Mattresses,Innerspring,storefront: Stearns & Foster Estate/Lux Estate/Reserve/Studio = Innerspring Mattress,MATT,STEARNS&FOSTER,CAKING CASSATT PLUSH EURO-TOP
LE2-EPT-F,Mattresses,Innerspring,storefront: Stearns & Foster Estate/Lux Estate/Reserve/Studio = Innerspring Mattress,MATT,STEARNS&FOSTER,FULL CASSATT PLUSH EURO-TOP
LE2-EPT-K,Mattresses,Innerspring,storefront: Stearns & Foster Estate/Lux Estate/Reserve/Studio = Innerspring Mattress,MATT,STEARNS&FOSTER,E KING CASSATT PLUSH EURO-TOP
LE2-EPT-Q,Mattresses,Innerspring,storefront: Stearns & Foster Estate/Lux Estate/Reserve/Studio = Innerspring Mattress,MATT,STEARNS&FOSTER,QUEEN CASSATT PLUSH EURO-TOP
LE2-EPT-SCK,Mattresses,Innerspring,storefront: Stearns & Foster Estate/Lux Estate/Reserve/Studio = Innerspring Mattress,MATT,STEARNS&FOSTER,SPLIT CK CASSATT PLUSH EURO-TO
LE2-EPT-TXL,Mattresses,Innerspring,storefront: Stearns & Foster Estate/Lux Estate/Reserve/Studio = Innerspring Mattress,MATT,STEARNS&FOSTER,TWINXL CASSATT PLUSH EURO-TOP
LE2-TT-CK,Mattresses,Innerspring,storefront: Stearns & Foster Estate/Lux Estate/Reserve/Studio = Innerspring Mattress,MATT,STEARNS&FOSTER,CAKING CASSATT ULTRA FIRM
LE2-TT-F,Mattresses,Innerspring,storefront: Stearns & Foster Estate/Lux Estate/Reserve/Studio = Innerspring Mattress,MATT,STEARNS&FOSTER,FULL CASSATT ULTRA FIRM
LE2-TT-K,Mattresses,Innerspring,storefront: Stearns & Foster Estate/Lux Estate/Reserve/Studio = Innerspring Mattress,MATT,STEARNS&FOSTER,E KING CASSATT ULTRA FIRM
LE2-TT-LX-CK,Mattresses,Innerspring,storefront: Stearns & Foster Estate/Lux Estate/Reserve/Studio = Innerspring Mattress,MATT,STEARNS&FOSTER,CAKING CASSATT LUXURY FIRM
LE2-TT-LX-F,Mattresses,Innerspring,storefront: Stearns & Foster Estate/Lux Estate/Reserve/Studio = Innerspring Mattress,MATT,STEARNS&FOSTER,FULL CASSATT LUXURY FIRM
LE2-TT-LX-K,Mattresses,Innerspring,storefront: Stearns & Foster Estate/Lux Estate/Reserve/Studio = Innerspring Mattress,MATT,STEARNS&FOSTER,E KING CASSATT LUXURY FIRM
LE2-TT-LX-Q,Mattresses,Innerspring,storefront: Stearns & Foster Estate/Lux Estate/Reserve/Studio = Innerspring Mattress,MATT,STEARNS&FOSTER,QUEEN CASSATT LUXURY FIRM
LE2-TT-LX-SCK,Mattresses,Innerspring,storefront: Stearns & Foster Estate/Lux Estate/Reserve/Studio = Innerspring Mattress,MATT,STEARNS&FOSTER,SPLIT CK CASSATT LUXURY FIRM
LE2-TT-LX-TXL,Mattresses,Innerspring,storefront: Stearns & Foster Estate/Lux Estate/Reserve/Studio = Innerspring Mattress,MATT,STEARNS&FOSTER,TWINXL CASSATT LUXURY FIRM
LE2-TT-Q,Mattresses,Innerspring,storefront: Stearns & Foster Estate/Lux Estate/Reserve/Studio = Innerspring Mattress,MATT,STEARNS&FOSTER,QUEEN CASSATT ULTRA FIRM
LE2-TT-SCK,Mattresses,Innerspring,storefront: Stearns & Foster Estate/Lux Estate/Reserve/Studio = Innerspring Mattress,MATT,STEARNS&FOSTER,SPLIT CK CASSATT ULTRA FIRM
LE2-TT-TXL,Mattresses,Innerspring,storefront: Stearns & Foster Estate/Lux Estate/Reserve/Studio = Innerspring Mattress,MATT,STEARNS&FOSTER,TWINXL CASSATT ULTRA FIRM
LE2-UPEPT-Q,Mattresses,Innerspring,storefront: Stearns & Foster Estate/Lux Estate/Reserve/Studio = Innerspring Mattress,MATT,STEARNS&FOSTER,QUEEN CASSATT ULTRA PLUSH ET
RE2-EPT-CK,Mattresses,Innerspring,storefront: Stearns & Foster Estate/Lux Estate/Reserve/Studio = Innerspring Mattress,MATT,STEARNS&FOSTER,CAKING HEPBURN PLUSH EURO-TOP
RE2-EPT-F,Mattresses,Innerspring,storefront: Stearns & Foster Estate/Lux Estate/Reserve/Studio = Innerspring Mattress,MATT,STEARNS&FOSTER,FULL HEPBURN PLUSH EURO-TOP
RE2-EPT-K,Mattresses,Innerspring,storefront: Stearns & Foster Estate/Lux Estate/Reserve/Studio = Innerspring Mattress,MATT,STEARNS&FOSTER,E KING HEPBURN PLUSH EURO-TOP
RE2-EPT-Q,Mattresses,Innerspring,storefront: Stearns & Foster Estate/Lux Estate/Reserve/Studio = Innerspring Mattress,MATT,STEARNS&FOSTER,QUEEN HEPBURN PLUSH EURO-TOP
RE2-EPT-SCK,Mattresses,Innerspring,storefront: Stearns & Foster Estate/Lux Estate/Reserve/Studio = Innerspring Mattress,MATT,STEARNS&FOSTER,SPLIT CK HEPBURN PLUSH EUROTOP
RE2-EPT-TXL,Mattresses,Innerspring,storefront: Stearns & Foster Estate/Lux Estate/Reserve/Studio = Innerspring Mattress,MATT,STEARNS&FOSTER,TWINXL HEPBURN PLUSH EURO-TOP
RE2-TT-CK,Mattresses,Innerspring,storefront: Stearns & Foster Estate/Lux Estate/Reserve/Studio = Innerspring Mattress,MATT,STEARNS&FOSTER,CAKING HEPBURN LUXURY FIRM
RE2-TT-F,Mattresses,Innerspring,storefront: Stearns & Foster Estate/Lux Estate/Reserve/Studio = Innerspring Mattress,MATT,STEARNS&FOSTER,FULL HEPBURN LUXURY FIRM
RE2-TT-K,Mattresses,Innerspring,storefront: Stearns & Foster Estate/Lux Estate/Reserve/Studio = Innerspring Mattress,MATT,STEARNS&FOSTER,E KING HEPBURN LUXURY FIRM
RE2-TT-Q,Mattresses,Innerspring,storefront: Stearns & Foster Estate/Lux Estate/Reserve/Studio = Innerspring Mattress,MATT,STEARNS&FOSTER,QUEEN HEPBURN LUXURY FIRM
RE2-TT-SCK,Mattresses,Innerspring,storefront: Stearns & Foster Estate/Lux Estate/Reserve/Studio = Innerspring Mattress,MATT,STEARNS&FOSTER,SPLIT CK HEPBURN LUXURY FIRM
RE2-TT-TXL,Mattresses,Innerspring,storefront: Stearns & Foster Estate/Lux Estate/Reserve/Studio = Innerspring Mattress,MATT,STEARNS&FOSTER,TWINXL HEPBURN LUXURY FIRM
S&FBOX-LP-F,Foundations & Box Springs,"Low Profile (4–5"")","description: LP / 4"" / 5""",FOUND,STEARNS&FOSTER,"FULL LP STEARNS&FOSTER FND 5"""
S&FBOX-LP-Q,Foundations & Box Springs,"Low Profile (4–5"")","description: LP / 4"" / 5""",FOUND,STEARNS&FOSTER,"QUEEN LP STEARNS&FOSTER FND 5"""
S&FBOX-LP-SCK,Foundations & Box Springs,"Low Profile (4–5"")","description: LP / 4"" / 5""",FOUND,STEARNS&FOSTER,"SPLIT CK LP STEARNS&FOS FND 5"""
S&FBOX-LP-SPLQ,Foundations & Box Springs,"Low Profile (4–5"")","description: LP / 4"" / 5""",FOUND,STEARNS&FOSTER,"SPLIT QU LP STEARNS&FOS FND 5"""
S&FBOX-LP-TXL,Foundations & Box Springs,"Low Profile (4–5"")","description: LP / 4"" / 5""",FOUND,STEARNS&FOSTER,"TWINXL LP STEARNS&FOSTE FND 5"""
S&FBOX-STD-F,Foundations & Box Springs,"Standard Profile (8–9"")","description: 8""–9"" foundation",FOUND,STEARNS&FOSTER,"FULL STEARNS&FOSTER FND 9"""
S&FBOX-STD-Q,Foundations & Box Springs,"Standard Profile (8–9"")","description: 8""–9"" foundation",FOUND,STEARNS&FOSTER,"QUEEN STEARNS&FOSTER FND 9"""
S&FBOX-STD-SCK,Foundations & Box Springs,"Standard Profile (8–9"")","description: 8""–9"" foundation",FOUND,STEARNS&FOSTER,"SPLIT CK STEARNS&FOSTER FND 9"""
S&FBOX-STD-SPLQ,Foundations & Box Springs,"Standard Profile (8–9"")","description: 8""–9"" foundation",FOUND,STEARNS&FOSTER,"SPLIT QU STEARNS&FOSTER FND 9"""
S&FBOX-STD-TXL,Foundations & Box Springs,"Standard Profile (8–9"")","description: 8""–9"" foundation",FOUND,STEARNS&FOSTER,"TWINXL STEARNS&FOSTER FND 9"""
851243003569,Store Supplies & Equipment,Equipment & Fixtures,description: equipment / fixtures,SUPPLY,SUPPLIES,LUNA PLUS STEAM CLEAN MOP
AA-BATTERIES,Store Supplies & Equipment,Office & Cleaning Supplies,description: office / cleaning consumables,SUPPLY,SUPPLIES,AA BATTERY 6 PACK
AAA-BATTERIES,Store Supplies & Equipment,Office & Cleaning Supplies,description: office / cleaning consumables,SUPPLY,SUPPLIES,AAA BATTERY 6 PACK
AFRAME-MATTRESSSIGN,Store Supplies & Equipment,Showroom & Signage,description: showroom / signage,SUPPLY,SUPPLIES,A-FRAME MATTRESS SALE SIGN
AIRFRESHENER,Store Supplies & Equipment,Office & Cleaning Supplies,description: office / cleaning consumables,SUPPLY,SUPPLIES,AIR FRESHENER 2 PACK
AIRWICKREFILLS,Store Supplies & Equipment,Office & Cleaning Supplies,description: office / cleaning consumables,SUPPLY,SUPPLIES,REFILL FOR AIRWICK PLUG-INS
ALLPURPOSECLEANER,Store Supplies & Equipment,Office & Cleaning Supplies,description: office / cleaning consumables,SUPPLY,SUPPLIES,ALL-PURPOSE CLEANER
BALLOONSBLUE,Store Supplies & Equipment,Showroom & Signage,description: showroom / signage,SUPPLY,SUPPLIES,"BLUE BALLOONS 11"" PACK OF 100"
BALLOONSRED,Store Supplies & Equipment,Showroom & Signage,description: showroom / signage,SUPPLY,SUPPLIES,"RED BALLOONS 11"" PACK OF 100"
BALLOONSWHITE,Store Supplies & Equipment,Showroom & Signage,description: showroom / signage,SUPPLY,SUPPLIES,"RED BALLOONS 11"" PACK OF 100"
BLACKTONER,Store Supplies & Equipment,Office & Cleaning Supplies,description: office consumables,SUPPLY,SUPPLIES,BLACK TONER FOR PRINTER
BUSINESS-CARDS,Store Supplies & Equipment,Office & Cleaning Supplies,description: office / cleaning consumables,SUPPLY,SUPPLIES,BOX OF BUSINESS CARDS
CABINET-5,Store Supplies & Equipment,Equipment & Fixtures,description: equipment / fixtures,SUPPLY,SUPPLIES,5 DRAWER BLACK CABINET
CREDITCARDPAPER,Store Supplies & Equipment,Office & Cleaning Supplies,description: office / cleaning consumables,SUPPLY,SUPPLIES,CREDIT CARD PAPER 4 PACK
CUSTOMERCHAIR,Store Supplies & Equipment,Equipment & Fixtures,description: equipment / fixtures,SUPPLY,SUPPLIES,DESK CHAIR FOR CUSTOMER
CYANTONER,Store Supplies & Equipment,Office & Cleaning Supplies,description: office consumables,SUPPLY,SUPPLIES,CYAN TONER FOR PRINTER
DESK,Store Supplies & Equipment,Equipment & Fixtures,description: equipment / fixtures,SUPPLY,SUPPLIES,OFFICE DESK
DESKTOP-COMPUTER,Store Supplies & Equipment,Equipment & Fixtures,description: equipment / fixtures,SUPPLY,SUPPLIES,EMPLOYEE COMPUTER
EKB,Store Supplies & Equipment,Delivery Supplies,description: delivery consumables,SUPPLY,SUPPLIES,E KING MATTRESS BAG
EMPLOYEECHAIR,Store Supplies & Equipment,Equipment & Fixtures,description: equipment / fixtures,SUPPLY,SUPPLIES,GREY DESK CHAIR
ENVELOPES,Store Supplies & Equipment,Office & Cleaning Supplies,description: office / cleaning consumables,SUPPLY,SUPPLIES,BUSINESS ENVELOPES BOX 100
EXTENSIONCORD,Store Supplies & Equipment,Equipment & Fixtures,description: equipment / fixtures,SUPPLY,SUPPLIES,EXTENSION CORD
FACIALTISSUE,Store Supplies & Equipment,Office & Cleaning Supplies,description: office / cleaning consumables,SUPPLY,SUPPLIES,KLENEX/ FACIAL TISSUE 2 PACK
FRIDGE,Store Supplies & Equipment,Equipment & Fixtures,description: equipment / fixtures,SUPPLY,SUPPLIES,MINI FRIDGE
GLASSCLEANER,Store Supplies & Equipment,Office & Cleaning Supplies,description: office / cleaning consumables,SUPPLY,SUPPLIES,GLASSCLEANER
GRID,Store Supplies & Equipment,Showroom & Signage,description: showroom / signage,SUPPLY,SUPPLIES,GRIDWALL BLACK PANELS
HANDSOAP,Store Supplies & Equipment,Office & Cleaning Supplies,description: office / cleaning consumables,SUPPLY,SUPPLIES,HANDSOAP 2 PACK
HAWK-T-F,Mattresses,,inferred: placeholder / prototype / unknown maker,MATT,SUPPLIES,TWIN HAWK FIRM
HELIUMTANK,Store Supplies & Equipment,Showroom & Signage,description: showroom / signage,SUPPLY,SUPPLIES,HELIUM TANK FOR BALLOONS
HIGHLIGHTER,Store Supplies & Equipment,Office & Cleaning Supplies,description: office / cleaning consumables,SUPPLY,SUPPLIES,HIGHLIGHTER MARKER
INSPECTION,Services & Fees,Fees,code: CATG RF,RF,SUPPLIES,MATTRESS INSPECTION
IRW-MATTRESSSALEKIT,Store Supplies & Equipment,Showroom & Signage,description: showroom / signage,SUPPLY,SUPPLIES,MATTRESS SALE BANNER
LAMATTFOLDER,Store Supplies & Equipment,Office & Cleaning Supplies,description: office / cleaning consumables,SUPPLY,SUPPLIES,LA MATTRESS INVOICE FOLDERS
LINTREMOVER,Store Supplies & Equipment,Office & Cleaning Supplies,description: office / cleaning consumables,SUPPLY,SUPPLIES,LINT REMOVER ROLL 5 PACK
MAGENTATONER,Store Supplies & Equipment,Office & Cleaning Supplies,description: office consumables,SUPPLY,SUPPLIES,MAGENTA TONER FOR PRINTER
MICROWAVE,Store Supplies & Equipment,Equipment & Fixtures,description: equipment / fixtures,SUPPLY,SUPPLIES,MICROWAVE
OPENSIGN,Store Supplies & Equipment,Showroom & Signage,description: showroom / signage,SUPPLY,SUPPLIES,OPEN LIGHT UP SIGN
PACKAGETAPE,Store Supplies & Equipment,Delivery Supplies,description: delivery consumables,SUPPLY,SUPPLIES,PACKAGING TAPE 6-8PACK
PAPER-SHREDDER,Store Supplies & Equipment,Equipment & Fixtures,description: equipment / fixtures,SUPPLY,SUPPLIES,PAPER SHREDDER
PAPERTOWELS,Store Supplies & Equipment,Office & Cleaning Supplies,description: office / cleaning consumables,SUPPLY,SUPPLIES,PAPERTOWEL 2 PACK
PENSPACK,Store Supplies & Equipment,Office & Cleaning Supplies,description: office / cleaning consumables,SUPPLY,SUPPLIES,"PEN BLACK, BLUE, AND RED"
PERMANENTMARKER,Store Supplies & Equipment,Office & Cleaning Supplies,description: office / cleaning consumables,SUPPLY,SUPPLIES,LARGE MARKER PERMANENT
PERMANENTPEN,Store Supplies & Equipment,Office & Cleaning Supplies,description: office / cleaning consumables,SUPPLY,SUPPLIES,PEN BLACK PERMANENT
PHONEINBOX,Store Supplies & Equipment,Equipment & Fixtures,description: equipment / fixtures,SUPPLY,SUPPLIES,BRAND NEW PHONE IN BOX
POST-ITS,Store Supplies & Equipment,Office & Cleaning Supplies,description: office / cleaning consumables,SUPPLY,SUPPLIES,POST-ITS 6 PACK
PRINTER,Store Supplies & Equipment,Equipment & Fixtures,description: equipment / fixtures,SUPPLY,SUPPLIES,BROTHER MFC-9340CDW
PRINTPAPER,Store Supplies & Equipment,Office & Cleaning Supplies,description: office / cleaning consumables,SUPPLY,SUPPLIES,PRINTPAPER BY REAM(500 SHEET)
QB,Store Supplies & Equipment,Delivery Supplies,description: delivery consumables,SUPPLY,SUPPLIES,QUEEN MATTRESS BAG
RUBBERBANDS,Store Supplies & Equipment,Office & Cleaning Supplies,description: office / cleaning consumables,SUPPLY,SUPPLIES,RUBBER BANDS BUNCH
SCOTCHTAPE,Store Supplies & Equipment,Office & Cleaning Supplies,description: office / cleaning consumables,SUPPLY,SUPPLIES,SCOTCH TAPE REFILLS
STAINREMOVER,Store Supplies & Equipment,Office & Cleaning Supplies,description: office / cleaning consumables,SUPPLY,SUPPLIES,WOOLITE STAIN REMOVER
STAMPS,Store Supplies & Equipment,Office & Cleaning Supplies,description: office / cleaning consumables,SUPPLY,SUPPLIES,STAMPS BOOK OF 10
STAPLER,Store Supplies & Equipment,Office & Cleaning Supplies,description: office consumables,SUPPLY,SUPPLIES,DESK STAPLER
STAPLES,Store Supplies & Equipment,Office & Cleaning Supplies,description: office / cleaning consumables,SUPPLY,SUPPLIES,STAPLES REFILLS BOX OF 5000
TAPEMEASURE,Store Supplies & Equipment,Delivery Supplies,description: delivery consumables,SUPPLY,SUPPLIES,TAPE MEASURE
TOILETPAPER,Store Supplies & Equipment,Office & Cleaning Supplies,description: office / cleaning consumables,SUPPLY,SUPPLIES,6-PACK TOILET PAPER
TRASHBAG10GAL,Store Supplies & Equipment,Office & Cleaning Supplies,description: office / cleaning consumables,SUPPLY,SUPPLIES,SHORT 10 GALLON BAGS 125 ROLL
TRASHBAG13GAL,Store Supplies & Equipment,Office & Cleaning Supplies,description: office / cleaning consumables,SUPPLY,SUPPLIES,TRASH BAG TALL 13 GAL 12 BAGS
TRASHBAG30GAL,Store Supplies & Equipment,Office & Cleaning Supplies,description: office / cleaning consumables,SUPPLY,SUPPLIES,LONG 30 GALLON BAGS 10 BAGS
WATERCOOLER,Store Supplies & Equipment,Equipment & Fixtures,description: equipment / fixtures,SUPPLY,SUPPLIES,WATER DISPENSER
WHITEOUT,Store Supplies & Equipment,Office & Cleaning Supplies,description: office / cleaning consumables,SUPPLY,SUPPLIES,WHITE OUT TAPE
XFB,Store Supplies & Equipment,Showroom & Signage,description: showroom / signage,SUPPLY,SUPPLIES,FOOTBOARD
YELLOWTONER,Store Supplies & Equipment,Office & Cleaning Supplies,description: office consumables,SUPPLY,SUPPLIES,YELLOW TONER FOR PRINTER
iPhone,Store Supplies & Equipment,Equipment & Fixtures,description: equipment / fixtures,SUPPLY,SUPPLIES,iphone
10203261,Mattresses,Hybrid,description: HYB,MATT,TEMPURPEDIC,EKING ACTIVEBREEZE 2.0 MED HYB
10203261-PROMO,Mattresses,Hybrid,description: HYB,MATT,TEMPURPEDIC,EKING ACTIVEBREEZE 2.0 MED HYB
10238232-PROMO,Mattresses,Hybrid,description: HYB,MATT,TEMPURPEDIC,SPLIT CK LUXE BREEZE 2.0 M HYB
10238251,Mattresses,Hybrid,description: HYB,MATT,TEMPURPEDIC,QUEEN LUXE BREEZE 2.0 MED HYB
10238251-PROMO,Mattresses,Hybrid,description: HYB,MATT,TEMPURPEDIC,QUEEN LUXE BREEZE 2.0 MED HYB
10238261,Mattresses,Hybrid,description: HYB,MATT,TEMPURPEDIC,E KING LUXE BREEZE 2.0 MED HYB
10238261-PROMO,Mattresses,Hybrid,description: HYB,MATT,TEMPURPEDIC,E KING LUXE BREEZE 2.0 MED HYB
10238262-PROMO,Mattresses,Hybrid,description: HYB,MATT,TEMPURPEDIC,CAKING LUXE BREEZE 2.0 MED HYB
10241231-PROMO,Mattresses,Memory Foam,"maker: TEMPUR material, no coils",MATT,TEMPURPEDIC,TWINXL PROBREEZE 2.0 MEDIUM
10241251,Mattresses,Memory Foam,"maker: TEMPUR material, no coils",MATT,TEMPURPEDIC,QUEEN PROBREEZE 2.0 MEDIUM
10241261,Mattresses,Memory Foam,"maker: TEMPUR material, no coils",MATT,TEMPURPEDIC,E KING PROBREEZE 2.0 MEDIUM
10241262-PROMO,Mattresses,Memory Foam,"maker: TEMPUR material, no coils",MATT,TEMPURPEDIC,CAKING PROBREEZE 2.0 MEDIUM
10242262,Mattresses,Hybrid,description: HYB,MATT,TEMPURPEDIC,CAKING PROBREEZE 2.0 MED HYB
10242262-PROMO,Mattresses,Hybrid,description: HYB,MATT,TEMPURPEDIC,CAKING PROBREEZE 2.0 MED HYB
10243251,Mattresses,Memory Foam,"maker: TEMPUR material, no coils",MATT,TEMPURPEDIC,QUEEN LUXE BREEZE 2.0 SOFT
10243261-PROMO,Mattresses,Memory Foam,"maker: TEMPUR material, no coils",MATT,TEMPURPEDIC,E KING LUXE BREEZE 2.0 SOFT
10243262,Mattresses,Memory Foam,"maker: TEMPUR material, no coils",MATT,TEMPURPEDIC,CAKING LUXE BREEZE 2.0 SOFT
10243262-PROMO,Mattresses,Memory Foam,"maker: TEMPUR material, no coils",MATT,TEMPURPEDIC,CAKING LUXE BREEZE 2.0 SOFT
10244251,Mattresses,Memory Foam,"maker: TEMPUR material, no coils",MATT,TEMPURPEDIC,QUEEN LUXE BREEZE 2.0 FIRM
10244251-PROMO,Mattresses,Memory Foam,"maker: TEMPUR material, no coils",MATT,TEMPURPEDIC,QUEEN LUXE BREEZE 2.0 FIRM
10244261,Mattresses,Memory Foam,"maker: TEMPUR material, no coils",MATT,TEMPURPEDIC,E KING LUXE BREEZE 2.0 FIRM
10244261-PROMO,Mattresses,Memory Foam,"maker: TEMPUR material, no coils",MATT,TEMPURPEDIC,E KING LUXE BREEZE 2.0 FIRM
10244262,Mattresses,Memory Foam,"maker: TEMPUR material, no coils",MATT,TEMPURPEDIC,CAKING LUXE BREEZE 2.0 FIRM
10244262-PROMO,Mattresses,Memory Foam,"maker: TEMPUR material, no coils",MATT,TEMPURPEDIC,CAKING LUXE BREEZE 2.0 FIRM
10728231,Mattresses,Hybrid,description: HYB,MATT,TEMPURPEDIC,TWINXL LUXEADAPT 2.0 MED. HYBR
10728231-PROMO,Mattresses,Hybrid,description: HYB,MATT,TEMPURPEDIC,TWINXL LUXEADAPT 2.0 MED. HYBR
10728232,Mattresses,Hybrid,description: HYB,MATT,TEMPURPEDIC,SPLIT CK LUXEADAPT 2.0 MED HYB
10728232-PROMO,Mattresses,Hybrid,description: HYB,MATT,TEMPURPEDIC,SPLIT CK LUXEADAPT 2.0 MED HYB
10728251,Mattresses,Hybrid,description: HYB,MATT,TEMPURPEDIC,QUEEN LUXEADAPT 2.0 MED. HYBR.
10728251-PROMO,Mattresses,Hybrid,description: HYB,MATT,TEMPURPEDIC,QUEEN LUXEADAPT 2.0 MED. HYBR.
10728261,Mattresses,Hybrid,description: HYB,MATT,TEMPURPEDIC,E KING LUXEADAPT 2.0 MED. HYBR
10728261-PROMO,Mattresses,Hybrid,description: HYB,MATT,TEMPURPEDIC,E KING LUXEADAPT 2.0 MED. HYBR
10728262,Mattresses,Hybrid,description: HYB,MATT,TEMPURPEDIC,CAKING LUXEADAPT 2.0 MED. HYBR
10728262-PROMO,Mattresses,Hybrid,description: HYB,MATT,TEMPURPEDIC,CAKING LUXEADAPT 2.0 MED. HYBR
10745130,Mattresses,Memory Foam,"maker: TEMPUR material, no coils",MATT,TEMPURPEDIC,TWIN  ADAPT 2.0 MEDIUM
10745130-PROMO,Mattresses,Memory Foam,"maker: TEMPUR material, no coils",MATT,TEMPURPEDIC,TWIN  ADAPT 2.0 MEDIUM
10745131,Mattresses,Memory Foam,"maker: TEMPUR material, no coils",MATT,TEMPURPEDIC,TWINXL  ADAPT 2.0 MEDIUM
10745131-PROMO,Mattresses,Memory Foam,"maker: TEMPUR material, no coils",MATT,TEMPURPEDIC,TWINXL  ADAPT 2.0 MEDIUM
10745132,Mattresses,Memory Foam,"maker: TEMPUR material, no coils",MATT,TEMPURPEDIC,SPLIT CK  ADAPT 2.0 MEDIUM
10745132-PROMO,Mattresses,Memory Foam,"maker: TEMPUR material, no coils",MATT,TEMPURPEDIC,SPLIT CK  ADAPT 2.0 MEDIUM
10745140,Mattresses,Memory Foam,"maker: TEMPUR material, no coils",MATT,TEMPURPEDIC,FULL  ADAPT 2.0 MEDIUM
10745140-PROMO,Mattresses,Memory Foam,"maker: TEMPUR material, no coils",MATT,TEMPURPEDIC,FULL  ADAPT 2.0 MEDIUM
10745151,Mattresses,Memory Foam,"maker: TEMPUR material, no coils",MATT,TEMPURPEDIC,QUEEN  ADAPT 2.0 MEDIUM
10745151-PROMO,Mattresses,Memory Foam,"maker: TEMPUR material, no coils",MATT,TEMPURPEDIC,QUEEN  ADAPT 2.0 MEDIUM
10745161,Mattresses,Memory Foam,"maker: TEMPUR material, no coils",MATT,TEMPURPEDIC,E KING  ADAPT 2.0 MEDIUM
10745161-PROMO,Mattresses,Memory Foam,"maker: TEMPUR material, no coils",MATT,TEMPURPEDIC,E KING  ADAPT 2.0 MEDIUM
10745162,Mattresses,Memory Foam,"maker: TEMPUR material, no coils",MATT,TEMPURPEDIC,CAKING ADAPT 2.0 MEDIUM
10745162-PROMO,Mattresses,Memory Foam,"maker: TEMPUR material, no coils",MATT,TEMPURPEDIC,CAKING  ADAPT 2.0 MEDIUM
10746130,Mattresses,Hybrid,description: HYB,MATT,TEMPURPEDIC,TWIN ADAPT 2.0 MEDIUM HYBRID
10746130-PROMO,Mattresses,Hybrid,description: HYB,MATT,TEMPURPEDIC,TWIN ADAPT 2.0 MEDIUM HYBRID
10746131,Mattresses,Hybrid,description: HYB,MATT,TEMPURPEDIC,TWINXL ADAPT 2.0 MED. HYBRID
10746131-PROMO,Mattresses,Hybrid,description: HYB,MATT,TEMPURPEDIC,TWINXL ADAPT 2.0 MED. HYBRID
10746132-PROMO,Mattresses,Hybrid,description: HYB,MATT,TEMPURPEDIC,SPLIT CK ADAPT 2.0 MED HYBRID
10746140,Mattresses,Hybrid,description: HYB,MATT,TEMPURPEDIC,FULL  ADAPT 2.0 MEDIUM HYBRID
10746140-PROMO,Mattresses,Hybrid,description: HYB,MATT,TEMPURPEDIC,FULL  ADAPT 2.0 MEDIUM HYBRID
10746151,Mattresses,Hybrid,description: HYB,MATT,TEMPURPEDIC,QUEEN  ADAPT 2.0 MED. HYBRID
10746151-PROMO,Mattresses,Hybrid,description: HYB,MATT,TEMPURPEDIC,QUEEN ADAPT 2.0 MEDIUM HYBRID
10746161,Mattresses,Hybrid,description: HYB,MATT,TEMPURPEDIC,E KING ADAPT 2.0 MED. HYBRID
10746161-PROMO,Mattresses,Hybrid,description: HYB,MATT,TEMPURPEDIC,E KING ADAPT 2.0 MED. HYBRID
10746162,Mattresses,Hybrid,description: HYB,MATT,TEMPURPEDIC,CAKING ADAPT 2.0 MEDIUM HYBRID
10746162-PROMO,Mattresses,Hybrid,description: HYB,MATT,TEMPURPEDIC,CAKING ADAPT 2.0 MEDIUM HYBRID
10747130,Mattresses,Memory Foam,"maker: TEMPUR material, no coils",MATT,TEMPURPEDIC,TWIN PROADAPT 2.0 FIRM
10747130-PROMO,Mattresses,Memory Foam,"maker: TEMPUR material, no coils",MATT,TEMPURPEDIC,TWIN PROADAPT 2.0 FIRM
10747131,Mattresses,Memory Foam,"maker: TEMPUR material, no coils",MATT,TEMPURPEDIC,TWINXL PROADAPT 2.0 FIRM
10747131-PROMO,Mattresses,Memory Foam,"maker: TEMPUR material, no coils",MATT,TEMPURPEDIC,TWINXL PROADAPT 2.0 FIRM
10747140,Mattresses,Memory Foam,"maker: TEMPUR material, no coils",MATT,TEMPURPEDIC,FULL PROADAPT 2.0 FIRM
10747140-PROMO,Mattresses,Memory Foam,"maker: TEMPUR material, no coils",MATT,TEMPURPEDIC,FULL PROADAPT 2.0 FIRM
10747151,Mattresses,Memory Foam,"maker: TEMPUR material, no coils",MATT,TEMPURPEDIC,QUEEN PROADAPT 2.0 FIRM
10747151-PROMO,Mattresses,Memory Foam,"maker: TEMPUR material, no coils",MATT,TEMPURPEDIC,QUEEN PROADAPT 2.0 FIRM
10747161,Mattresses,Memory Foam,"maker: TEMPUR material, no coils",MATT,TEMPURPEDIC,E KING PROADAPT 2.0 FIRM
10747161-PROMO,Mattresses,Memory Foam,"maker: TEMPUR material, no coils",MATT,TEMPURPEDIC,E KING PROADAPT 2.0 FIRM
10747162,Mattresses,Memory Foam,"maker: TEMPUR material, no coils",MATT,TEMPURPEDIC,CAKING PROADAPT 2.0 FIRM
10747162-PROMO,Mattresses,Memory Foam,"maker: TEMPUR material, no coils",MATT,TEMPURPEDIC,CAKING PROADAPT 2.0 FIRM
10748131,Mattresses,Memory Foam,"maker: TEMPUR material, no coils",MATT,TEMPURPEDIC,TWINXL PROADAPT 2.0 MEDIUM
10748131-PROMO,Mattresses,Memory Foam,"maker: TEMPUR material, no coils",MATT,TEMPURPEDIC,TWINXL PROADAPT 2.0 MEDIUM
10748132,Mattresses,Memory Foam,"maker: TEMPUR material, no coils",MATT,TEMPURPEDIC,SPLIT CK PROADAPT 2.0 MEDIUM
10748151,Mattresses,Memory Foam,"maker: TEMPUR material, no coils",MATT,TEMPURPEDIC,QUEEN PROADAPT 2.0 MEDIUM
10748151-PROMO,Mattresses,Memory Foam,"maker: TEMPUR material, no coils",MATT,TEMPURPEDIC,QUEEN PROADAPT 2.0 MEDIUM
10748161,Mattresses,Memory Foam,"maker: TEMPUR material, no coils",MATT,TEMPURPEDIC,E KING PROADAPT 2.0 MEDIUM
10748161-PROMO,Mattresses,Memory Foam,"maker: TEMPUR material, no coils",MATT,TEMPURPEDIC,E KING PROADAPT 2.0 MEDIUM
10748162,Mattresses,Memory Foam,"maker: TEMPUR material, no coils",MATT,TEMPURPEDIC,CAKING PROADAPT 2.0 MEDIUM
10748162-PROMO,Mattresses,Memory Foam,"maker: TEMPUR material, no coils",MATT,TEMPURPEDIC,CAKING PROADAPT 2.0 MEDIUM
10749130-PROMO,Mattresses,Memory Foam,"maker: TEMPUR material, no coils",MATT,TEMPURPEDIC,TWIN PROADAPT 2.0 SOFT
10749131,Mattresses,Memory Foam,"maker: TEMPUR material, no coils",MATT,TEMPURPEDIC,TWINXL PROADAPT 2.0 SOFT
10749151,Mattresses,Memory Foam,"maker: TEMPUR material, no coils",MATT,TEMPURPEDIC,QUEEN PROADAPT 2.0 SOFT
10749162-PROMO,Mattresses,Memory Foam,"maker: TEMPUR material, no coils",MATT,TEMPURPEDIC,CAKING PROADAPT 2.0 SOFT
10752130,Mattresses,Hybrid,description: HYB,MATT,TEMPURPEDIC,TWIN PROADAPT 2.0 MED. HYBRID
10752131,Mattresses,Hybrid,description: HYB,MATT,TEMPURPEDIC,TWINXL PROADAPT 2.0 MED. HYBR.
10752131-PROMO,Mattresses,Hybrid,description: HYB,MATT,TEMPURPEDIC,TWINXL PROADAPT 2.0 MED. HYBR.
10752132,Mattresses,Hybrid,description: HYB,MATT,TEMPURPEDIC,SPLIT CK PROADAPT 2.0 MED HYBR
10752132-PROMO,Mattresses,Hybrid,description: HYB,MATT,TEMPURPEDIC,SPLIT CK PROADAPT 2.0 MED HYBR
10752140,Mattresses,Hybrid,description: HYB,MATT,TEMPURPEDIC,FULL PROADAPT 2.0 MED. HYBRID
10752140-PROMO,Mattresses,Hybrid,description: HYB,MATT,TEMPURPEDIC,FULL PROADAPT 2.0 MED. HYBRID
10752151,Mattresses,Hybrid,description: HYB,MATT,TEMPURPEDIC,QUEEN PROADAPT 2.0 MED. HYBR.
10752151-PROMO,Mattresses,Hybrid,description: HYB,MATT,TEMPURPEDIC,QUEEN PROADAPT 2.0 MED. HYBR.
10752161,Mattresses,Hybrid,description: HYB,MATT,TEMPURPEDIC,E KING PROADAPT 2.0 MED. HYBR.
10752161-PROMO,Mattresses,Hybrid,description: HYB,MATT,TEMPURPEDIC,E KING PROADAPT 2.0 MED. HYBR.
10752162,Mattresses,Hybrid,description: HYB,MATT,TEMPURPEDIC,CAKING PROADAPT 2.0 MED. HYBR.
10752162-PROMO,Mattresses,Hybrid,description: HYB,MATT,TEMPURPEDIC,CAKING PROADAPT 2.0 MED. HYBR.
10753151,Mattresses,Memory Foam,"maker: TEMPUR material, no coils",MATT,TEMPURPEDIC,QUEEN LUXEADAPT 2.0 SOFT
10753151-PROMO,Mattresses,Memory Foam,"maker: TEMPUR material, no coils",MATT,TEMPURPEDIC,QUEEN LUXEADAPT 2.0 SOFT
10753161,Mattresses,Memory Foam,"maker: TEMPUR material, no coils",MATT,TEMPURPEDIC,E KING LUXEADAPT 2.0 SOFT
10753161-PROMO,Mattresses,Memory Foam,"maker: TEMPUR material, no coils",MATT,TEMPURPEDIC,E KING LUXEADAPT 2.0 SOFT
10753162-PROMO,Mattresses,Memory Foam,"maker: TEMPUR material, no coils",MATT,TEMPURPEDIC,CAKING LUXEADAPT 2.0 SOFT
10754151,Mattresses,Memory Foam,"maker: TEMPUR material, no coils",MATT,TEMPURPEDIC,QUEEN LUXEADAPT 2.0 FIRM
10754151-PROMO,Mattresses,Memory Foam,"maker: TEMPUR material, no coils",MATT,TEMPURPEDIC,QUEEN LUXEADAPT 2.0 FIRM
10754161,Mattresses,Memory Foam,"maker: TEMPUR material, no coils",MATT,TEMPURPEDIC,E KING LUXEADAPT 2.0 FIRM
10754161-PROMO,Mattresses,Memory Foam,"maker: TEMPUR material, no coils",MATT,TEMPURPEDIC,E KING LUXEADAPT 2.0 FIRM
10754162-PROMO,Mattresses,Memory Foam,"maker: TEMPUR material, no coils",MATT,TEMPURPEDIC,CAKING LUXEADAPT 2.0 FIRM
15374250,Pillows,Memory Foam Pillows,"maker: memory-foam pillows (TEMPUR, Rize, Malouf Z, Ameri, bamboo shredded foam)",PILLOW,TEMPURPEDIC,QUEEN ADAPT PROLO 2.0 PILLOW
15374270,Pillows,Memory Foam Pillows,"maker: memory-foam pillows (TEMPUR, Rize, Malouf Z, Ameri, bamboo shredded foam)",PILLOW,TEMPURPEDIC,KING ADAPT PROLO 2.0 PILLOW
15376250,Pillows,Memory Foam Pillows,"maker: memory-foam pillows (TEMPUR, Rize, Malouf Z, Ameri, bamboo shredded foam)",PILLOW,TEMPURPEDIC,QUEEN ADAPT PROHI 2.0 PILLOW
15376270,Pillows,Memory Foam Pillows,"maker: memory-foam pillows (TEMPUR, Rize, Malouf Z, Ameri, bamboo shredded foam)",PILLOW,TEMPURPEDIC,KING ADAPT PROHI 2.0 PILLOW
15381225,Pillows,Memory Foam Pillows,"maker: memory-foam pillows (TEMPUR, Rize, Malouf Z, Ameri, bamboo shredded foam)",PILLOW,TEMPURPEDIC,KING BREEZE PROLO 2.0 PILLOW
15381250,Pillows,Memory Foam Pillows,"maker: memory-foam pillows (TEMPUR, Rize, Malouf Z, Ameri, bamboo shredded foam)",PILLOW,TEMPURPEDIC,QUEEN BREEZE PROLO 2.0 PILLOW
15382225,Pillows,Memory Foam Pillows,"maker: memory-foam pillows (TEMPUR, Rize, Malouf Z, Ameri, bamboo shredded foam)",PILLOW,TEMPURPEDIC,KING BREEZE PROHI 2.0 PILLOW
15382250,Pillows,Memory Foam Pillows,"maker: memory-foam pillows (TEMPUR, Rize, Malouf Z, Ameri, bamboo shredded foam)",PILLOW,TEMPURPEDIC,QUEEN BREEZE PROHI 2.0 PILLOW
25552131,Adjustable Bases,Adjustable Bed Bases,code: sized ADJ group,ADJUST,TEMPURPEDIC,TWINXL ADJUST TEMPUR ERGO 3.0
25552131-PROMO,Adjustable Bases,Adjustable Bed Bases,code: sized ADJ group,ADJUST,TEMPURPEDIC,TWINXL ADJUST TEMPUR ERGO 3.0
25552132,Adjustable Bases,Adjustable Bed Bases,code: sized ADJ group,ADJUST,TEMPURPEDIC,SPLIT CK ADJUST TEMPR ERGO 3.0
25552132-PROMO,Adjustable Bases,Adjustable Bed Bases,code: sized ADJ group,ADJUST,TEMPURPEDIC,SPLIT CK ADJUST TEMPR ERGO 3.0
25552140,Adjustable Bases,Adjustable Bed Bases,code: sized ADJ group,ADJUST,TEMPURPEDIC,FULL ADJUST TEMPUR ERGO 3.0
25552140-PROMO,Adjustable Bases,Adjustable Bed Bases,code: sized ADJ group,ADJUST,TEMPURPEDIC,FULL ADJUST TEMPUR ERGO 3.0
25552151,Adjustable Bases,Adjustable Bed Bases,code: sized ADJ group,ADJUST,TEMPURPEDIC,QUEEN ADJUST TEMPUR ERGO 3.0
25552151-PROMO,Adjustable Bases,Adjustable Bed Bases,code: sized ADJ group,ADJUST,TEMPURPEDIC,QUEEN ADJUST TEMPUR ERGO 3.0
25552161,Adjustable Bases,Adjustable Bed Bases,code: sized ADJ group,ADJUST,TEMPURPEDIC,E KING1PC ADJUST TEMPUR ERGO 3.0
25552161-PROMO,Adjustable Bases,Adjustable Bed Bases,code: sized ADJ group,ADJUST,TEMPURPEDIC,E KING1PC ADJUST TEMPUR ERGO 3.0
25552162,Adjustable Bases,Adjustable Bed Bases,code: sized ADJ group,ADJUST,TEMPURPEDIC,CAKING 1P ADJUST TEMP ERGO 3.0
25552162-PROMO,Adjustable Bases,Adjustable Bed Bases,code: sized ADJ group,ADJUST,TEMPURPEDIC,CAKING 1P ADJUST TEMP ERGO 3.0
25553131,Adjustable Bases,Adjustable Bed Bases,code: sized ADJ group,ADJUST,TEMPURPEDIC,TWINXL ADJUST TEMPR ERGO SMART
25553131-PROMO,Adjustable Bases,Adjustable Bed Bases,code: sized ADJ group,ADJUST,TEMPURPEDIC,TWINXL ADJUST TEMPR ERGO SMART
25553132,Adjustable Bases,Adjustable Bed Bases,code: sized ADJ group,ADJUST,TEMPURPEDIC,SPLIT CK ADJUST TEMP ERG SMART
25553132-PROMO,Adjustable Bases,Adjustable Bed Bases,code: sized ADJ group,ADJUST,TEMPURPEDIC,SPLIT CK ADJUST TEMP ERGO SMRT
25553151,Adjustable Bases,Adjustable Bed Bases,code: sized ADJ group,ADJUST,TEMPURPEDIC,QUEEN ADJUST TEMPUR ERGO SMART
25553161,Adjustable Bases,Adjustable Bed Bases,code: sized ADJ group,ADJUST,TEMPURPEDIC,E KING1P ADJUST TEMPUR ERGO SMART
25553161-PROMO,Adjustable Bases,Adjustable Bed Bases,code: sized ADJ group,ADJUST,TEMPURPEDIC,E KING1P ADJUST TEMPUR ERGO SMART
25553162,Adjustable Bases,Adjustable Bed Bases,code: sized ADJ group,ADJUST,TEMPURPEDIC,CAKING 1P ADJUST ERGO SMART
25553162-PROMO,Adjustable Bases,Adjustable Bed Bases,code: sized ADJ group,ADJUST,TEMPURPEDIC,CAKING 1P ADJUST ERGO SMART
25554131,Adjustable Bases,Adjustable Bed Bases,code: sized ADJ group,ADJUST,TEMPURPEDIC,TWINXL ADJUST TEMPUR PROSMART
25554131-PROMO,Adjustable Bases,Adjustable Bed Bases,code: sized ADJ group,ADJUST,TEMPURPEDIC,TWINXL ADJUST TEMPUR PROSMART
25554132,Adjustable Bases,Adjustable Bed Bases,code: sized ADJ group,ADJUST,TEMPURPEDIC,SPLIT CK ADJUST ERGO PROSMART
25554132-PROMO,Adjustable Bases,Adjustable Bed Bases,code: sized ADJ group,ADJUST,TEMPURPEDIC,SPLIT CK ADJUST ERGO PROSMART
25554151,Adjustable Bases,Adjustable Bed Bases,code: sized ADJ group,ADJUST,TEMPURPEDIC,QUEEN ADJUST ERGO PROSMART
25554151-PROMO,Adjustable Bases,Adjustable Bed Bases,code: sized ADJ group,ADJUST,TEMPURPEDIC,QUEEN ADJUST ERGO PROSMART
25554161,Adjustable Bases,Adjustable Bed Bases,code: sized ADJ group,ADJUST,TEMPURPEDIC,E KING1P ADJUST ERGO PROSMART
25554161-PROMO,Adjustable Bases,Adjustable Bed Bases,code: sized ADJ group,ADJUST,TEMPURPEDIC,E KING1P ADJUST ERGO PROSMART
25554162,Adjustable Bases,Adjustable Bed Bases,code: sized ADJ group,ADJUST,TEMPURPEDIC,CAKING 1P ADJUST ERGO PROSMART
25554162-PROMO,Adjustable Bases,Adjustable Bed Bases,code: sized ADJ group,ADJUST,TEMPURPEDIC,CAKING 1P ADJUST ERGO PROSMART
25556131-PROMO,Adjustable Bases,Adjustable Bed Bases,code: sized ADJ group,ADJUST,TEMPURPEDIC,TWINXL ADJ TEMPUR PROSMART AIR
40100531,Bedding,Sheet Sets,code: GROUP *SHE / description sheets,TOPBED,TEMPURPEDIC,TWINXL COTTON SHEET SET - GRAY
42557299,Adjustable Bases,Base Accessories & Parts,"code: GROUP ADJBAS (remotes, legs, brackets, covers, cables)",ADJUST,TEMPURPEDIC,ERGO-WIRELESS REMOTE CONTROL
45188196,Adjustable Bases,Base Accessories & Parts,"code: GROUP ADJBAS (remotes, legs, brackets, covers, cables)",ADJUST,TEMPURPEDIC,"TEMPUR 12"" STACKABLE LEG QTY 6"
455721,Adjustable Bases,Base Accessories & Parts,"code: GROUP ADJBAS (remotes, legs, brackets, covers, cables)",ADJUST,TEMPURPEDIC,TEMPUR SLEEPTRACKER MONITER
455722,Adjustable Bases,Base Accessories & Parts,"code: GROUP ADJBAS (remotes, legs, brackets, covers, cables)",ADJUST,TEMPURPEDIC,ERGO WIRELESS CONTROLLER
507691,Mattress Protection,Pillow Protectors,code: GROUP PILPRO,PROT,TEMPURPEDIC,QUEEN CLEAN SHOP PILLOW SHEILD
ADAPT-M-HYB-CK,Mattresses,Hybrid,description: HYB,MATT,TEMPURPEDIC,CAKING ADAPT HYBRID MEDIUM
ADAPT-MED-CK,Mattresses,Memory Foam,"maker: TEMPUR material, no coils",MATT,TEMPURPEDIC,CAKING TEMPUR-ADAPT MEDIUM
ADAPT-MED-F,Mattresses,Memory Foam,"maker: TEMPUR material, no coils",MATT,TEMPURPEDIC,FULL TEMPUR-ADAPT MEDIUM
ADAPT-MED-K,Mattresses,Memory Foam,"maker: TEMPUR material, no coils",MATT,TEMPURPEDIC,E KING TEMPUR-ADAPT MEDIUM
ADAPT-MED-Q,Mattresses,Memory Foam,"maker: TEMPUR material, no coils",MATT,TEMPURPEDIC,QUEEN TEMPUR-ADAPT MEDIUM
ADAPT-MED-SCK,Mattresses,Memory Foam,"maker: TEMPUR material, no coils",MATT,TEMPURPEDIC,SPLIT CK TEMPUR-ADAPT MEDIUM
ADAPT-MED-T,Mattresses,Memory Foam,"maker: TEMPUR material, no coils",MATT,TEMPURPEDIC,TWIN TEMPUR-ADAPT MEDIUM
ADAPT-MED-TXL,Mattresses,Memory Foam,"maker: TEMPUR material, no coils",MATT,TEMPURPEDIC,TWINXL TEMPUR-ADAPT MEDIUM
ADAPT-MEDHYB-F,Mattresses,Hybrid,description: HYB,MATT,TEMPURPEDIC,FULL ADAPT HYBRID MEDIUM
ADAPT-MEDHYB-K,Mattresses,Hybrid,description: HYB,MATT,TEMPURPEDIC,E KING ADAPT HYBRID MEDIUM
ADAPT-MEDHYB-Q,Mattresses,Hybrid,description: HYB,MATT,TEMPURPEDIC,QUEEN ADAPT HYBRID MEDIUM
ADAPT-MEDHYB-SCK,Mattresses,Hybrid,description: HYB,MATT,TEMPURPEDIC,SPLIT CK  ADAPT HYBRID MEDIUM
ADAPT-MEDHYB-T,Mattresses,Hybrid,description: HYB,MATT,TEMPURPEDIC,TWIN ADAPT HYBRID MEDIUM
ADAPT-MEDHYB-TXL,Mattresses,Hybrid,description: HYB,MATT,TEMPURPEDIC,TWINXL ADAPT HYBRID MEDIUM
ADAPTMED-COVER-Q,Mattress Protection,Encasements & Covers,description: zippered encasement / cover,PROT,TEMPURPEDIC,Q ADAPT-MED COVER REPLACEMENT
LUXADAPT-F-CK,Mattresses,Memory Foam,"maker: TEMPUR material, no coils",MATT,TEMPURPEDIC,CAKING TEMPUR-LUXEADAPT FIRM
LUXADAPT-F-K,Mattresses,Memory Foam,"maker: TEMPUR material, no coils",MATT,TEMPURPEDIC,E KING TEMPUR-LUXEADAPT FIRM
LUXADAPT-F-Q,Mattresses,Memory Foam,"maker: TEMPUR material, no coils",MATT,TEMPURPEDIC,QUEEN TEMPUR-LUXEADAPT FIRM
LUXADAPT-F-SCK,Mattresses,Memory Foam,"maker: TEMPUR material, no coils",MATT,TEMPURPEDIC,SPLIT CK TEMPUR-LUXEADAPT FIRM
LUXADAPT-F-TXL,Mattresses,Memory Foam,"maker: TEMPUR material, no coils",MATT,TEMPURPEDIC,TWINXL TEMPUR-LUXEADAPT FIRM
LUXADAPT-S-CK,Mattresses,Memory Foam,"maker: TEMPUR material, no coils",MATT,TEMPURPEDIC,CAKING TEMPUR-LUXEADAPT SOFT
LUXADAPT-S-K,Mattresses,Memory Foam,"maker: TEMPUR material, no coils",MATT,TEMPURPEDIC,E KING TEMPUR-LUXEADAPT SOFT
LUXADAPT-S-Q,Mattresses,Memory Foam,"maker: TEMPUR material, no coils",MATT,TEMPURPEDIC,QUEEN TEMPUR-LUXEADAPT SOFT
LUXADAPT-S-SCK,Mattresses,Memory Foam,"maker: TEMPUR material, no coils",MATT,TEMPURPEDIC,SPLIT CK TEMPUR-LUXEADAPT SOFT
LUXADAPT-S-TXL,Mattresses,Memory Foam,"maker: TEMPUR material, no coils",MATT,TEMPURPEDIC,TWINXL TEMPUR-LUXEADAPT SOFT
PROADAPT-F-CK,Mattresses,Memory Foam,"maker: TEMPUR material, no coils",MATT,TEMPURPEDIC,CAKING TEMPUR-PROADAPT FIRM
PROADAPT-F-F,Mattresses,Memory Foam,"maker: TEMPUR material, no coils",MATT,TEMPURPEDIC,FULL TEMPUR-PROADAPT FIRM
PROADAPT-F-K,Mattresses,Memory Foam,"maker: TEMPUR material, no coils",MATT,TEMPURPEDIC,E KING TEMPUR-PROADAPT FIRM
PROADAPT-F-Q,Mattresses,Memory Foam,"maker: TEMPUR material, no coils",MATT,TEMPURPEDIC,QUEEN TEMPUR-PROADAPT FIRM
PROADAPT-F-SCK,Mattresses,Memory Foam,"maker: TEMPUR material, no coils",MATT,TEMPURPEDIC,SPLIT CK TEMPUR-PROADAPT FIRM
PROADAPT-F-T,Mattresses,Memory Foam,"maker: TEMPUR material, no coils",MATT,TEMPURPEDIC,TWIN TEMPUR-PROADAPT FIRM
PROADAPT-F-TXL,Mattresses,Memory Foam,"maker: TEMPUR material, no coils",MATT,TEMPURPEDIC,TWINXL TEMPUR-PROADAPT FIRM
PROADAPT-HM-CK,Mattresses,Hybrid,description: HYB,MATT,TEMPURPEDIC,CAKING PROADAPT HYBRID MEDIUM
PROADAPT-M-CK,Mattresses,Memory Foam,"maker: TEMPUR material, no coils",MATT,TEMPURPEDIC,CAKING TEMPUR-PROADAPT MEDIUM
PROADAPT-M-F,Mattresses,Memory Foam,"maker: TEMPUR material, no coils",MATT,TEMPURPEDIC,FULL TEMPUR-PROADAPT MEDIUM
PROADAPT-M-HYB-F,Mattresses,Hybrid,description: HYB,MATT,TEMPURPEDIC,FULL PROADAPT HYBRID MEDIUM
PROADAPT-M-HYB-K,Mattresses,Hybrid,description: HYB,MATT,TEMPURPEDIC,E KING PROADAPT HYBRID MEDIUM
PROADAPT-M-HYB-Q,Mattresses,Hybrid,description: HYB,MATT,TEMPURPEDIC,QUEEN PROADAPT HYBRID MEDIUM
PROADAPT-M-HYB-T,Mattresses,Hybrid,description: HYB,MATT,TEMPURPEDIC,TWIN PROADAPT HYBRID MEDIUM
PROADAPT-M-HYB-TXL,Mattresses,Hybrid,description: HYB,MATT,TEMPURPEDIC,TWINXL PROADAPT HYBRID MEDIUM
PROADAPT-M-K,Mattresses,Memory Foam,"maker: TEMPUR material, no coils",MATT,TEMPURPEDIC,E KING TEMPUR-PROADAPT MEDIUM
PROADAPT-M-Q,Mattresses,Memory Foam,"maker: TEMPUR material, no coils",MATT,TEMPURPEDIC,QUEEN TEMPUR-PROADAPT MEDIUM
PROADAPT-M-SCK,Mattresses,Memory Foam,"maker: TEMPUR material, no coils",MATT,TEMPURPEDIC,SPLIT CK TEMPUR-PROADAPT MED
PROADAPT-M-T,Mattresses,Memory Foam,"maker: TEMPUR material, no coils",MATT,TEMPURPEDIC,TWIN TEMPUR-PROADAPT MEDIUM
PROADAPT-M-TXL,Mattresses,Memory Foam,"maker: TEMPUR material, no coils",MATT,TEMPURPEDIC,TWINXL TEMPUR-PROADAPT MEDIUM
PROADAPT-S-CK,Mattresses,Memory Foam,"maker: TEMPUR material, no coils",MATT,TEMPURPEDIC,CAKING TEMPUR-PROADAPT SOFT
PROADAPT-S-F,Mattresses,Memory Foam,"maker: TEMPUR material, no coils",MATT,TEMPURPEDIC,FULL TEMPUR-PROADAPT SOFT
PROADAPT-S-K,Mattresses,Memory Foam,"maker: TEMPUR material, no coils",MATT,TEMPURPEDIC,E KING TEMPUR-PROADAPT SOFT
PROADAPT-S-Q,Mattresses,Memory Foam,"maker: TEMPUR material, no coils",MATT,TEMPURPEDIC,QUEEN TEMPUR-PROADAPT SOFT
PROADAPT-S-SCK,Mattresses,Memory Foam,"maker: TEMPUR material, no coils",MATT,TEMPURPEDIC,SPLIT CK TEMPUR-PROADAPT SOFT
PROADAPT-S-T,Mattresses,Memory Foam,"maker: TEMPUR material, no coils",MATT,TEMPURPEDIC,TWIN TEMPUR-PROADAPT SOFT
PROADAPT-S-TXL,Mattresses,Memory Foam,"maker: TEMPUR material, no coils",MATT,TEMPURPEDIC,TWINXL TEMPUR-PROADAPT SOFT
TEMP-ERG-ST-CK-1PC,Adjustable Bases,Adjustable Bed Bases,code: sized ADJ group,ADJUST,TEMPURPEDIC,CAKING 1P ADJUST ERGO SMART
TEMP-ERG-ST-Q,Adjustable Bases,Adjustable Bed Bases,code: sized ADJ group,ADJUST,TEMPURPEDIC,QUEEN ADJUST TEMP-ERG W/S-T
TEMP-ERG-ST-TXL,Adjustable Bases,Adjustable Bed Bases,code: sized ADJ group,ADJUST,TEMPURPEDIC,TWINXL ADJUST TEMP-ERG W/S-T
TEMP-EXT-ST-Q,Adjustable Bases,Adjustable Bed Bases,code: sized ADJ group,ADJUST,TEMPURPEDIC,QUEEN ADJUST TEMP-EXTEND
TEMP-EXT-ST-SCK,Adjustable Bases,Adjustable Bed Bases,code: sized ADJ group,ADJUST,TEMPURPEDIC,SPLIT CK ADJUST TEMP-EXT W/S-T
TEMP-NECK-STD,Pillows,Memory Foam Pillows,"maker: memory-foam pillows (TEMPUR, Rize, Malouf Z, Ameri, bamboo shredded foam)",PILLOW,TEMPURPEDIC,STANDARD TEMPUR FM NECK PILLOW
TEMP-SY,Pillows,Memory Foam Pillows,"maker: memory-foam pillows (TEMPUR, Rize, Malouf Z, Ameri, bamboo shredded foam)",PILLOW,TEMPURPEDIC,TEMPUR-SYMPHONY PILLOW
TEMPUR-ERGO-CK-1PC,Adjustable Bases,Adjustable Bed Bases,code: sized ADJ group,ADJUST,TEMPURPEDIC,CAKING 1PC ADJUST TEMPUR-ERGO
TEMPUR-ERGO-F,Adjustable Bases,Adjustable Bed Bases,code: sized ADJ group,ADJUST,TEMPURPEDIC,FULL ADJUST TEMPUR-ERGO
TEMPUR-ERGO-TXL,Adjustable Bases,Adjustable Bed Bases,code: sized ADJ group,ADJUST,TEMPURPEDIC,TWINXL ADJUST TEMPUR-ERGO 2.0
TEMPUR-UHB,Adjustable Bases,Base Accessories & Parts,"code: GROUP ADJBAS (remotes, legs, brackets, covers, cables)",ADJUST,TEMPURPEDIC,TEMPURPEDIC UNIV. HB BRACKET
TEMPURBOX-LP-F,Foundations & Box Springs,"Low Profile (4–5"")","description: LP / 4"" / 5""",FOUND,TEMPURPEDIC,"FULL LP TEMPURPEDIC FND 5"""
TEMPURBOX-LP-Q,Foundations & Box Springs,"Low Profile (4–5"")","description: LP / 4"" / 5""",FOUND,TEMPURPEDIC,"QUEEN LP TEMPURPEDIC FND 5"""
TEMPURBOX-LP-SCK,Foundations & Box Springs,"Low Profile (4–5"")","description: LP / 4"" / 5""",FOUND,TEMPURPEDIC,"SPLIT CK LP TEMPURPEDIC FND 5"""
TEMPURBOX-LP-SPLQ,Foundations & Box Springs,"Low Profile (4–5"")","description: LP / 4"" / 5""",FOUND,TEMPURPEDIC,"SPLIT QU LP TEMPURPEDIC FND 5"""
TEMPURBOX-LP-T,Foundations & Box Springs,"Low Profile (4–5"")","description: LP / 4"" / 5""",FOUND,TEMPURPEDIC,"TWIN LP TEMPURPEDIC FND 5"""
TEMPURBOX-LP-TXL,Foundations & Box Springs,"Low Profile (4–5"")","description: LP / 4"" / 5""",FOUND,TEMPURPEDIC,"TWINXL LP TEMPURPEDIC FND 5"""
TEMPURBOX-STD-F,Foundations & Box Springs,"Standard Profile (8–9"")","description: 8""–9"" foundation",FOUND,TEMPURPEDIC,"FULL TEMPURPEDIC FND 9"""
TEMPURBOX-STD-Q,Foundations & Box Springs,"Standard Profile (8–9"")","description: 8""–9"" foundation",FOUND,TEMPURPEDIC,"QUEEN TEMPURPEDIC FND 9"""
TEMPURBOX-STD-SCK,Foundations & Box Springs,"Standard Profile (8–9"")","description: 8""–9"" foundation",FOUND,TEMPURPEDIC,"SPLIT CK TEMPURPEDIC FND 9"""
TEMPURBOX-STD-SPLQ,Foundations & Box Springs,"Standard Profile (8–9"")","description: 8""–9"" foundation",FOUND,TEMPURPEDIC,"SPLIT QU TEMPURPEDIC FND 9"""
TEMPURBOX-STD-T,Foundations & Box Springs,"Standard Profile (8–9"")","description: 8""–9"" foundation",FOUND,TEMPURPEDIC,"TWIN TEMPURPEDIC FND 9"""
TEMPURBOX-STD-TXL,Foundations & Box Springs,"Standard Profile (8–9"")","description: 8""–9"" foundation",FOUND,TEMPURPEDIC,"TWINXL TEMPURPEDIC FND 9"""
TEMPURBOX-ULP-F,Foundations & Box Springs,"Bunkie Board (2"")","description: BB / 2""",FOUND,TEMPURPEDIC,"FULL BB TEMPURPEDIC FND 2"""
TEMPURBOX-ULP-Q,Foundations & Box Springs,"Bunkie Board (2"")","description: BB / 2""",FOUND,TEMPURPEDIC,"QUEEN BB TEMPURPEDIC FND 2"""
TEMPURBOX-ULP-SCK,Foundations & Box Springs,"Bunkie Board (2"")","description: BB / 2""",FOUND,TEMPURPEDIC,"SPLIT CK BB TEMPURPEDIC FND 2"""
TEMPURBOX-ULP-T,Foundations & Box Springs,"Bunkie Board (2"")","description: BB / 2""",FOUND,TEMPURPEDIC,"TWIN BB TEMPURPEDIC FND 2"""
TEMPURBOX-ULP-TXL,Foundations & Box Springs,"Bunkie Board (2"")","description: BB / 2""",FOUND,TEMPURPEDIC,"TWINXL BB TEMPURPEDIC FND 2"""
TPF40103,Store Supplies & Equipment,Showroom & Signage,description: showroom / signage,SUPPLY,TEMPURPEDIC,TEMPUR PILLOW GUARD (BOX x 75)
BASEINSTALL,Services & Fees,Delivery & Installation,code: CATG NONINV service,NONINV,VDS,POWER BASE INSTALLATION
CLEANBED,Store Supplies & Equipment,Showroom & Signage,description: showroom / signage,SUPPLY,VDS,CLEAN CALKING BED ON FLOOR
FURNINSTALL,Services & Fees,Delivery & Installation,code: CATG NONINV service,NONINV,VDS,FURNITURE INSTALLATION
FURNREMOVAL,Services & Fees,Delivery & Installation,code: CATG NONINV service,NONINV,VDS,FURNITURE REMOVAL
MATTRESS-FLR-CLEAN,Services & Fees,Delivery & Installation,code: CATG NONINV service,NONINV,VDS,FLOOR MATTRESS CLEANING
SERVICE01,Services & Fees,Delivery & Installation,code: CATG NONINV service,NONINV,VDS,T/F/Q/K BED INSTALL & SETUP
SHEETS,Bedding,Sheet Sets,description: sheets placeholder,FURN,VDS,CAKING SHEETS
VDS-OUTSIDE-DELIVERY,Services & Fees,Delivery & Installation,code: CATG NONINV service,NONINV,VDS,CUSTOMER MOVER SERVICE
22773NIGHTSTAND,Bedroom Furniture,Nightstands,description: nightstand,FURN,ACME,MANFRED NIGHTSTAND DARK WALNUT
25853,Bedroom Furniture,Nightstands,description: nightstand,FURN,ACME,CYRILLE NIGHTSTAND
59852,Bedroom Furniture,Living Room & Decor,code: GROUP LIVING / RUGS / DINE,FURN,ACME,APPLEWOOD ACCENT CHAIR
STEEL-CHAIR,Store Supplies & Equipment,Equipment & Fixtures,description: equipment / fixtures,SUPPLY,ACME,BLUE/GRAY STEEL CUSTOMER CHAIR
8811G,Bed Frames,Metal Bed Frames,code: GROUP FRAMES,BED,AMERI,ODD SIZE T/F CLAMP FRAME
8816G,Bed Frames,Metal Bed Frames,code: GROUP FRAMES,BED,AMERI,ODD SIZE TXL-QU CLAMP FRAME
CF38,Mattress Protection,Encasements & Covers,description: zippered encasement / cover,PROT,AMERI,"TWIN 9"" FOUNDATION COVER"
CF38XL,Mattress Protection,Encasements & Covers,description: zippered encasement / cover,PROT,AMERI,"TWINXL 9"" FOUNDATION COVER"
CF53,Mattress Protection,Encasements & Covers,description: zippered encasement / cover,PROT,AMERI,"FULL 9"" FOUNDATION COVER"
CF60,Mattress Protection,Encasements & Covers,description: zippered encasement / cover,PROT,AMERI,"QUEEN 9"" FOUNDATION COVER"
CF72,Mattress Protection,Encasements & Covers,description: zippered encasement / cover,PROT,AMERI,"SPLIT CK 9"" FOUNDATION COVER"
CH38,Mattress Protection,Encasements & Covers,description: zippered encasement / cover,PROT,AMERI,"TWIN 14"" ZIPPERED ENCASEMENT"
CH38XL,Mattress Protection,Encasements & Covers,description: zippered encasement / cover,PROT,AMERI,"TWINXL 14"" ZIPPERED ENCASEMENT"
CH53,Mattress Protection,Encasements & Covers,description: zippered encasement / cover,PROT,AMERI,"FULL 14"" ZIPPERED ENCASEMENT"
CH60,Mattress Protection,Encasements & Covers,description: zippered encasement / cover,PROT,AMERI,"QUEEN 14"" ZIPPERED ENCASEMENT"
CH72,Mattress Protection,Encasements & Covers,description: zippered encasement / cover,PROT,AMERI,"CAKING 14"" ZIPPED ENCASEMENT"
CH76,Mattress Protection,Encasements & Covers,description: zippered encasement / cover,PROT,AMERI,"E KING 14"" ZIPPERED ENCASEMENT"
CN38,Mattress Protection,Mattress Protectors,code: GROUP *PRO,PROT,AMERI,TWIN TENCEL JERSEY PROTECTOR
CN53,Mattress Protection,Mattress Protectors,code: GROUP *PRO,PROT,AMERI,FULL TENCEL JERSEY PROTECTOR
CN60,Mattress Protection,Mattress Protectors,code: GROUP *PRO,PROT,AMERI,QUEEN TENCEL JERSEY PROTECTOR
CN72,Mattress Protection,Mattress Protectors,code: GROUP *PRO,PROT,AMERI,CAKING TENCEL JERSEY PROTECT
CN76,Mattress Protection,Mattress Protectors,code: GROUP *PRO,PROT,AMERI,E KING TENCEL JERSEY PROTECTOR
CS38,Mattress Protection,Encasements & Covers,description: zippered encasement / cover,PROT,AMERI,"TWIN 10"" ZIPPERED ENCASEMENT"
CS38XL,Mattress Protection,Encasements & Covers,description: zippered encasement / cover,PROT,AMERI,"TWINXL 10"" ZIPPERED ENCASEMENT"
CS53,Mattress Protection,Encasements & Covers,description: zippered encasement / cover,PROT,AMERI,"FULL 10"" ZIPPERED ENCASEMENT"
CS60,Mattress Protection,Encasements & Covers,description: zippered encasement / cover,PROT,AMERI,"QUEEN 10"" ZIPPERED ENCASEMENT"
CS72,Mattress Protection,Encasements & Covers,description: zippered encasement / cover,PROT,AMERI,"CAKING 10"" ZIPPED ENCASEMENT"
CS76,Mattress Protection,Encasements & Covers,description: zippered encasement / cover,PROT,AMERI,"E KING 10"" ZIPPERED ENCASEMENT"
CT38,Mattress Protection,Mattress Protectors,code: GROUP *PRO,PROT,AMERI,TWIN TERRY CLOTH PROTECTOR
CT38XL,Mattress Protection,Mattress Protectors,code: GROUP *PRO,PROT,AMERI,TWINXL TERRY CLOTH PROTECTOR
CT53,Mattress Protection,Mattress Protectors,code: GROUP *PRO,PROT,AMERI,FULL TERRY CLOTH PROTECTOR
CT60,Mattress Protection,Mattress Protectors,code: GROUP *PRO,PROT,AMERI,QUEEN TERRY CLOTH PROTECTOR
CT72,Mattress Protection,Mattress Protectors,code: GROUP *PRO,PROT,AMERI,CAKING TERRY CLOTH PROTECTOR
CT76,Mattress Protection,Mattress Protectors,code: GROUP *PRO,PROT,AMERI,E KING TERRY CLOTH PROTECTOR
K81,Bed Frames,Metal Bed Frames,code: GROUP FRAMES,BED,AMERI,TWIN/FULL FRAME
K81G,Bed Frames,Metal Bed Frames,code: GROUP FRAMES,BED,AMERI,TWIN/FULL FRAME
K87,Bed Frames,Metal Bed Frames,code: GROUP FRAMES,BED,AMERI,QN/FULL/TWIN FRAME
K87G,Bed Frames,Metal Bed Frames,code: GROUP FRAMES,BED,AMERI,QN/FULL/TWIN FRAME
K88,Bed Frames,Metal Bed Frames,code: GROUP FRAMES,BED,AMERI,EK/CK/QN FRAME
K88G,Bed Frames,Metal Bed Frames,code: GROUP FRAMES,BED,AMERI,EK/CK/QN FRAME
PM2416,Pillows,Memory Foam Pillows,"maker: memory-foam pillows (TEMPUR, Rize, Malouf Z, Ameri, bamboo shredded foam)",PILLOW,AMERI,QUEEN MEMORY FOAM PILLOW
PM2815,Pillows,Memory Foam Pillows,"maker: memory-foam pillows (TEMPUR, Rize, Malouf Z, Ameri, bamboo shredded foam)",PILLOW,AMERI,QN SHREDDED MEMORY FOAM PILLOW
PMGR2,Pillows,Memory Foam Pillows,"maker: memory-foam pillows (TEMPUR, Rize, Malouf Z, Ameri, bamboo shredded foam)",PILLOW,AMERI,QN SHREDDED MEMORY FOAM PILLOW
SOFA-M-Q,Bedroom Furniture,Daybeds & Sofa Beds,description: daybed / sofa bed,FURN,AMERI,"QUEEN 5"" SOFA MEMORY FOAM BED"
1644-280,Bedroom Furniture,Living Room & Decor,code: GROUP LIVING / RUGS / DINE,FURN,ASPENHOME,"80"" CONSOLE - BISCOTTI"
1644-280B,Bedroom Furniture,Living Room & Decor,code: GROUP LIVING / RUGS / DINE,FURN,ASPENHOME,TV BACKER PANEL - BISCOTTI
1644-9100,Bedroom Furniture,Living Room & Decor,code: GROUP LIVING / RUGS / DINE,FURN,ASPENHOME,LIFT TOP COCKTAIL TABLE
I206-406,Bedroom Furniture,Beds & Bed Pieces,"description: bed, footboard, rails, decking, panel",FURN,ASPENHOME,RAILS HAMILTON-EK
I206-407D,Bedroom Furniture,Beds & Bed Pieces,"description: bed, footboard, rails, decking, panel",FURN,ASPENHOME,FB HAMILTON-K
I206-415,Bedroom Furniture,Headboards,description: HB / headboard,FURN,ASPENHOME,HB HAMILTON-K
I227-450,Bedroom Furniture,Nightstands,description: nightstand,FURN,ASPENHOME,"NIGHTSTAND, 2-DWR MILLCREEK"
I227-451N,Bedroom Furniture,Nightstands,description: nightstand,FURN,ASPENHOME,1-DRAWER NIGHTSTAND MILLCREEK
I227-471,Bedroom Furniture,Beds & Bed Pieces,"description: bed, footboard, rails, decking, panel",FURN,ASPENHOME,"RAILS, DECKING MILLCREEK-Q"
I227-472,Bedroom Furniture,Beds & Bed Pieces,"description: bed, footboard, rails, decking, panel",FURN,ASPENHOME,FB MILLCREEK-Q
I227-472D,Bedroom Furniture,Beds & Bed Pieces,"description: bed, footboard, rails, decking, panel",FURN,ASPENHOME,FB W/STORAGE MILLCREE KING-Q
I227-473,Bedroom Furniture,Headboards,description: HB / headboard,FURN,ASPENHOME,HB MILLCREEK-Q
I227-474,Bedroom Furniture,Headboards,description: HB / headboard,FURN,ASPENHOME,HB MILLCREEK-K
I227-475,Bedroom Furniture,Beds & Bed Pieces,"description: bed, footboard, rails, decking, panel",FURN,ASPENHOME,"RAILS, DECKING MILLCREEK-EK"
I227-476,Bedroom Furniture,Beds & Bed Pieces,"description: bed, footboard, rails, decking, panel",FURN,ASPENHOME,FB MILLCREEK-K
I227-476D,Bedroom Furniture,Beds & Bed Pieces,"description: bed, footboard, rails, decking, panel",FURN,ASPENHOME,FB W/STORAGE MILLCREE KING-K
I256-402,Bedroom Furniture,Beds & Bed Pieces,"description: bed, footboard, rails, decking, panel",FURN,ASPENHOME,RAILS ZANE-Q
I256-403,Bedroom Furniture,Beds & Bed Pieces,"description: bed, footboard, rails, decking, panel",FURN,ASPENHOME,FB ZANE-Q
I256-406,Bedroom Furniture,Beds & Bed Pieces,"description: bed, footboard, rails, decking, panel",FURN,ASPENHOME,RAILS ZANE-EK
I256-407,Bedroom Furniture,Beds & Bed Pieces,"description: bed, footboard, rails, decking, panel",FURN,ASPENHOME,FB ZANE-K
I256-412,Bedroom Furniture,Headboards,description: HB / headboard,FURN,ASPENHOME,HB ZANE-Q
I256-415,Bedroom Furniture,Headboards,description: HB / headboard,FURN,ASPENHOME,HB ZANE-K
I256-450,Bedroom Furniture,Nightstands,description: nightstand,FURN,ASPENHOME,2-DRAWER NIGHTSTAND ZANE
I256-451,Bedroom Furniture,Nightstands,description: nightstand,FURN,ASPENHOME,1-DRAWER NIGHTSTAND ZANE
I256-454,Bedroom Furniture,"Dressers, Chests & Mirrors",description: dresser / chest / mirror,FURN,ASPENHOME,DRESSER ZANE -PARCHMENT
I256-469,Bedroom Furniture,"Dressers, Chests & Mirrors",description: dresser / chest / mirror,FURN,ASPENHOME,CHIFFAROBE ZANE -PARCHMENT
I262-407,Bedroom Furniture,Beds & Bed Pieces,"description: bed, footboard, rails, decking, panel",FURN,ASPENHOME,FB PAXTON-K
I262-410,Bedroom Furniture,Beds & Bed Pieces,"description: bed, footboard, rails, decking, panel",FURN,ASPENHOME,"RAILS, DECKING PAXTON-CK"
I262-415,Bedroom Furniture,Headboards,description: HB / headboard,FURN,ASPENHOME,HB PAXTON-K
I262-451,Bedroom Furniture,Nightstands,description: nightstand,FURN,ASPENHOME,2-DRAWER NIGHTSTAND PAXTON
I262-453,Bedroom Furniture,"Dressers, Chests & Mirrors",description: dresser / chest / mirror,FURN,ASPENHOME,DRESSER PAXTON
I262-462,Bedroom Furniture,"Dressers, Chests & Mirrors",description: dresser / chest / mirror,FURN,ASPENHOME,MIRROR PAXTON
IML-402-GRY,Bedroom Furniture,Beds & Bed Pieces,"description: bed, footboard, rails, decking, panel",FURN,ASPENHOME,RAILS MODERN LOFT GRAY-Q
IML-403-GRY,Bedroom Furniture,Beds & Bed Pieces,"description: bed, footboard, rails, decking, panel",FURN,ASPENHOME,FB MODERN LOFT GRAY-Q
IML-406-GRY,Bedroom Furniture,Beds & Bed Pieces,"description: bed, footboard, rails, decking, panel",FURN,ASPENHOME,RAILS MODERN LOFT GRAY-EK
IML-407-GRY,Bedroom Furniture,Beds & Bed Pieces,"description: bed, footboard, rails, decking, panel",FURN,ASPENHOME,FB MODERN LOFT GRAY-K
IML-407D-GRY,Bedroom Furniture,Beds & Bed Pieces,"description: bed, footboard, rails, decking, panel",FURN,ASPENHOME,FB W/STORAGE MOD. LOFT-K
IML-410-GRY,Bedroom Furniture,Beds & Bed Pieces,"description: bed, footboard, rails, decking, panel",FURN,ASPENHOME,RAILS MODERN LOFT GRAY-CK
IML-412-GRY,Bedroom Furniture,Headboards,description: HB / headboard,FURN,ASPENHOME,HB MODERN LOFT GRAY-Q
IML-415-GRY,Bedroom Furniture,Headboards,description: HB / headboard,FURN,ASPENHOME,HB MODERN LOFT GRAY-K
IML-450-BRN,Bedroom Furniture,Nightstands,description: nightstand,FURN,ASPENHOME,2-DRAWER NS MODERN LOFT- BROWN
IML-450-GRY,Bedroom Furniture,Nightstands,description: nightstand,FURN,ASPENHOME,2-DRAWER NS MODERN LOFT -GRAY
IML-453-BRN,Bedroom Furniture,"Dressers, Chests & Mirrors",description: dresser / chest / mirror,FURN,ASPENHOME,DRESSER MODERN LOFT-BROWNSTONE
IML-453-GRY,Bedroom Furniture,"Dressers, Chests & Mirrors",description: dresser / chest / mirror,FURN,ASPENHOME,DRESSER MODERN LOFT -GRAY
IML-457-GRY,Bedroom Furniture,"Dressers, Chests & Mirrors",description: dresser / chest / mirror,FURN,ASPENHOME,DOOR CHEST MODERN LOFT -GRAY
IML-474-BRN,Bedroom Furniture,Headboards,description: HB / headboard,FURN,ASPENHOME,HB MODERN LOFT PLATFORM BRWN-K
IML-476-BRN,Bedroom Furniture,Beds & Bed Pieces,"description: bed, footboard, rails, decking, panel",FURN,ASPENHOME,FB MODERN LOFT PLATFRM BROWN-K
IML-477-BRN,Bedroom Furniture,Beds & Bed Pieces,"description: bed, footboard, rails, decking, panel",FURN,ASPENHOME,RAILS MODERN LOFT BROWN-CK
MILLCREEK-STORAGE-EK,Bedroom Furniture,Beds & Bed Pieces,"description: bed, footboard, rails, decking, panel",FURN,ASPENHOME,E KING MILLCREE KINGSTORAGE BED
MILLCREEK-STORAGE-Q,Bedroom Furniture,Beds & Bed Pieces,"description: bed, footboard, rails, decking, panel",FURN,ASPENHOME,QUEEN MILLCREE KINGSTORAGE BED
MODERNLOFT-PANEL-Q,Bedroom Furniture,Beds & Bed Pieces,"description: bed, footboard, rails, decking, panel",FURN,ASPENHOME,QUEEN MODERN LOFT PANEL -GRAY
ZANE-PANEL-EK,Bedroom Furniture,Beds & Bed Pieces,"description: bed, footboard, rails, decking, panel",FURN,ASPENHOME,E KING ZANE PANEL BED
ZANE-PANEL-Q,Bedroom Furniture,Beds & Bed Pieces,"description: bed, footboard, rails, decking, panel",FURN,ASPENHOME,QUEEN ZANE PANEL BED
BT2000LP-CK,Adjustable Bases,Adjustable Bed Bases,code: sized ADJ group,ADJUST,BEDTECH,CAKING ADJUST BT2000
BT2000LP-FL,Adjustable Bases,Adjustable Bed Bases,code: sized ADJ group,ADJUST,BEDTECH,FULL ADJUST BT2000
BT2000LP-KG,Adjustable Bases,Adjustable Bed Bases,code: sized ADJ group,ADJUST,BEDTECH,E KING 1-PC ADJUST BT2000
BT2000LP-QN,Adjustable Bases,Adjustable Bed Bases,code: sized ADJ group,ADJUST,BEDTECH,QUEEN ADJUST BT2000
BT2000LP-TXL,Adjustable Bases,Adjustable Bed Bases,code: sized ADJ group,ADJUST,BEDTECH,TWINXL ADJUST BT2000
BT3000LP-KG,Adjustable Bases,Adjustable Bed Bases,code: sized ADJ group,ADJUST,BEDTECH,E KING 1-PC ADJUST BT3000
BT3000LP-QN,Adjustable Bases,Adjustable Bed Bases,code: sized ADJ group,ADJUST,BEDTECH,QUEEN ADJUST BT3000
BT6500-KG,Adjustable Bases,Adjustable Bed Bases,code: sized ADJ group,ADJUST,BEDTECH,E KING 1-PC ADJUST BT6500
BT6500-QN,Adjustable Bases,Adjustable Bed Bases,code: sized ADJ group,ADJUST,BEDTECH,QUEEN ADJUST BT6500
BT6500-TXL,Adjustable Bases,Adjustable Bed Bases,code: sized ADJ group,ADJUST,BEDTECH,TWINXL ADJUST BT6500
BT9000-QN,Adjustable Bases,Adjustable Bed Bases,code: sized ADJ group,ADJUST,BEDTECH,QUEEN ADJUST BT9000
XPLAT-FL,Bed Frames,Platform & Folding Frames,code: GROUP BEDFRA / platform bed base,BED,BEDTECH,FULL X-PLAT BED FRAME
XPLAT-QN,Bed Frames,Platform & Folding Frames,code: GROUP BEDFRA / platform bed base,BED,BEDTECH,QUEEN X-PLAT BED FRAME
XPLAT-TW,Bed Frames,Platform & Folding Frames,code: GROUP BEDFRA / platform bed base,BED,BEDTECH,TWIN X-PLAT BED FRAME
6650-5/0,Bedding,Comforters & Duvets,description: duvet / comforter,TOPBED,BIA,QUEEN MILLBROOK DUVET
8245-3/3,Foundations & Box Springs,"Bunkie Board (2"")","description: BB / 2""",FOUND,BIA,"TWIN BB UNIVERSAL BLACK FND 2"""
8245-36X84,Foundations & Box Springs,"Bunkie Board (2"")","description: BB / 2""",FOUND,BIA,"SPLIT CK BB UNIVER BLK  FND 2"""
8245-3X,Foundations & Box Springs,"Bunkie Board (2"")","description: BB / 2""",FOUND,BIA,"TWINXL BB UNIVERSAL BLK FND 2"""
8245-4/6,Foundations & Box Springs,"Bunkie Board (2"")","description: BB / 2""",FOUND,BIA,"FULL BB UNIVERSAL BLACK FND 2"""
8245-4XL,Foundations & Box Springs,"Bunkie Board (2"")","description: BB / 2""",FOUND,BIA,"F-XL BB UNIVERSAL BLACK FND 2"""
8245-5/0,Foundations & Box Springs,"Bunkie Board (2"")","description: BB / 2""",FOUND,BIA,"QUEEN BB UNIVERSAL BLK FND 2"""
8245-QSB,Foundations & Box Springs,"Bunkie Board (2"")","description: BB / 2""",FOUND,BIA,"SPLIT QN  BB UNVRSL BLK FND 2"""
8246-3/3,Foundations & Box Springs,"Low Profile (4–5"")","description: LP / 4"" / 5""",FOUND,BIA,"TWIN LP UNIVERSAL BLACK FND 5"""
8246-30X80,Foundations & Box Springs,"Low Profile (4–5"")","description: LP / 4"" / 5""",FOUND,BIA,"SPLIT QU LP FND 5"" - 30x80"
8246-36X84,Foundations & Box Springs,"Low Profile (4–5"")","description: LP / 4"" / 5""",FOUND,BIA,"SPLIT CK LP UNIVERS BLK FND 5"""
8246-3X,Foundations & Box Springs,"Low Profile (4–5"")","description: LP / 4"" / 5""",FOUND,BIA,"TWINXL LP UNIVERSAL BLK FND 5"""
8246-4/6,Foundations & Box Springs,"Low Profile (4–5"")","description: LP / 4"" / 5""",FOUND,BIA,"FULL LP UNIVERSAL BLACK FND 5"""
8246-5/0,Foundations & Box Springs,"Low Profile (4–5"")","description: LP / 4"" / 5""",FOUND,BIA,"QUEEN LP UNIVERSAL BLK FND 5"""
8546-27X75,Foundations & Box Springs,"Standard Profile (8–9"")","description: 8""–9"" foundation",FOUND,BIA,"FULL-SPLIT UNVRSL BLK FND 9"""
8546-3/3,Foundations & Box Springs,"Standard Profile (8–9"")","description: 8""–9"" foundation",FOUND,BIA,"TWIN UNIVERSAL BLACK FND 9"""
8546-36X84,Foundations & Box Springs,"Standard Profile (8–9"")","description: 8""–9"" foundation",FOUND,BIA,"SPLIT CK UNIVERSAL BLK  FND 9"""
8546-3X,Foundations & Box Springs,"Standard Profile (8–9"")","description: 8""–9"" foundation",FOUND,BIA,"TWINXL UNIVERSAL BLK FND 9"""
8546-4/6,Foundations & Box Springs,"Standard Profile (8–9"")","description: 8""–9"" foundation",FOUND,BIA,"FULL UNIVERSAL BLACK FND 9"""
8546-4XL,Foundations & Box Springs,"Standard Profile (8–9"")","description: 8""–9"" foundation",FOUND,BIA,"FULLXL UNIVERSAL BLACK FND 9"""
8546-5/0,Foundations & Box Springs,"Standard Profile (8–9"")","description: 8""–9"" foundation",FOUND,BIA,"QUEEN UNIVERSAL BLACK FND 9"""
8546-SPCK,Foundations & Box Springs,"Standard Profile (8–9"")","description: 8""–9"" foundation",FOUND,BIA,"SPLIT CK UNIVERSAL BLK  FND 9"""
8678-5/0,Foundations & Box Springs,"Low Profile (4–5"")","description: LP / 4"" / 5""",FOUND,BIA,"QUEEN LP INSPIRED HD FND 5"""
B38678-5/0,Foundations & Box Springs,"Low Profile (4–5"")","description: LP / 4"" / 5""",FOUND,BIA,"QUEEN LP WHITE FND 5"""
BBAUR13F36X84,Mattresses,Hybrid,storefront: Aurora Luxe / Signature Hybrid = Hybrid Mattress,MATT,BROOKLYN,SPLIT CK AURORA LUXE COOL FIRM
BBAUR13F_FP-3980,Mattresses,Hybrid,storefront: Aurora Luxe / Signature Hybrid = Hybrid Mattress,MATT,BROOKLYN,TWINXL AURORA LUXE COOL  FIRM
BBAUR13F_FP-5475,Mattresses,Hybrid,storefront: Aurora Luxe / Signature Hybrid = Hybrid Mattress,MATT,BROOKLYN,FULL AURORA LUXE COOLING FIRM
BBAUR13F_FP-6080,Mattresses,Hybrid,storefront: Aurora Luxe / Signature Hybrid = Hybrid Mattress,MATT,BROOKLYN,QUEEN AURORA LUXE COOLING FIRM
BBAUR13F_FP-7680,Mattresses,Hybrid,storefront: Aurora Luxe / Signature Hybrid = Hybrid Mattress,MATT,BROOKLYN,E KING AURORA LUXE COOL FIRM
BBAUR13M_FP-5475,Mattresses,Hybrid,storefront: Aurora Luxe / Signature Hybrid = Hybrid Mattress,MATT,BROOKLYN,FULL AURORA LUXE COOLING MED
BBAUR13M_FP-6080,Mattresses,Hybrid,storefront: Aurora Luxe / Signature Hybrid = Hybrid Mattress,MATT,BROOKLYN,QUEEN AURORA LUXE COOLING MED
BBAUR13M_FP-7680,Mattresses,Hybrid,storefront: Aurora Luxe / Signature Hybrid = Hybrid Mattress,MATT,BROOKLYN,E KING AURORA LUXE COOL MEDIUM
BBAUR14M_FP-7680,Mattresses,Hybrid,storefront: Aurora Luxe / Signature Hybrid = Hybrid Mattress,MATT,BROOKLYN,E KINGAURORA LUXE CLOUD PT MEDIUM
BBS13F_FP-3975,Mattresses,Hybrid,storefront: Aurora Luxe / Signature Hybrid = Hybrid Mattress,MATT,BROOKLYN,TWIN SIGNATURE HYBRID FIRM
BBS13F_FP-5475,Mattresses,Hybrid,storefront: Aurora Luxe / Signature Hybrid = Hybrid Mattress,MATT,BROOKLYN,FULL SIGNATURE HYBRID FIRM
BBS13F_FP-6080,Mattresses,Hybrid,storefront: Aurora Luxe / Signature Hybrid = Hybrid Mattress,MATT,BROOKLYN,QUEEN SIGNATURE HYBRID FIRM
BBS13F_FP-7680,Mattresses,Hybrid,storefront: Aurora Luxe / Signature Hybrid = Hybrid Mattress,MATT,BROOKLYN,E KING SIGNATURE HYBRID FIRM
BBS13M_FP-5475,Mattresses,Hybrid,storefront: Aurora Luxe / Signature Hybrid = Hybrid Mattress,MATT,BROOKLYN,FULL SIGNATURE HYBRID MEDIUM
BBS13M_FP-6080,Mattresses,Hybrid,storefront: Aurora Luxe / Signature Hybrid = Hybrid Mattress,MATT,BROOKLYN,QUEEN SIGNATURE HYBRID MEDIUM
BBS13M_FP-7680,Mattresses,Hybrid,storefront: Aurora Luxe / Signature Hybrid = Hybrid Mattress,MATT,BROOKLYN,E KING SIGNATURE HYBRID MEDIUM
RECYCLINGFEE,Services & Fees,Fees,code: CATG RF,RF,CAMRC,RECYCLING FEE
B-MTFND9-3684,Foundations & Box Springs,"Standard Profile (8–9"")","description: 8""–9"" foundation",FOUND,CANN,"SPLIT CK WHITE FND 9""`"
PBN-AHBFND4-3684,Foundations & Box Springs,"Low Profile (4–5"")","description: LP / 4"" / 5""",FOUND,CANN,"SPLIT CK LP AHB JAUNE 4"" FND"
SAM-18002-ET-CK,Mattresses,Innerspring,inferred: Spring Air/Cannon private-label coil builds (SM-/SAM- SKUs),MATT,CANN,CAKING FRANKLIN MATTRESS
SAM-18002-ET-K,Mattresses,Innerspring,inferred: Spring Air/Cannon private-label coil builds (SM-/SAM- SKUs),MATT,CANN,E KING FRANKLIN MATTRESS
SAM-18002-ET-Q,Mattresses,Innerspring,inferred: Spring Air/Cannon private-label coil builds (SM-/SAM- SKUs),MATT,CANN,QUEEN FRANKLIN MATTRESS
SB-PER20-04-33XL,Foundations & Box Springs,"Low Profile (4–5"")","description: LP / 4"" / 5""",FOUND,CANN,TWINXL HONOR BOX 4
SB-PER20-04-66,Foundations & Box Springs,"Standard Profile (8–9"")","description: 8""–9"" foundation",FOUND,CANN,TWINXL HONOR BOX 9
SB-PER20-09-33XL,Foundations & Box Springs,"Standard Profile (8–9"")","description: 8""–9"" foundation",FOUND,CANN,TWINXL HONOR BOX 9
SB-PER24-33XL,Foundations & Box Springs,"Standard Profile (8–9"")","description: 8""–9"" foundation",FOUND,CANN,TWINXL TOWER 9
SB-SAR27-09-3300,Foundations & Box Springs,"Standard Profile (8–9"")","description: 8""–9"" foundation",FOUND,CANN,"TWIN SPRING AIR FND 9"""
SB-SAR2709-3300,Foundations & Box Springs,"Standard Profile (8–9"")","description: 8""–9"" foundation",FOUND,CANN,"TWIN SPRING AIR BROWN BOX 9"""
SM-CAMBRFM-50,Mattresses,Innerspring,inferred: Spring Air/Cannon private-label coil builds (SM-/SAM- SKUs),MATT,CANN,QUEEN CAMBRIA FIRM
SM-CAMBRFM-66,Mattresses,Innerspring,inferred: Spring Air/Cannon private-label coil builds (SM-/SAM- SKUs),MATT,CANN,E KING CAMBRIA FIRM
SM-CAMBRFM-67,Mattresses,Innerspring,inferred: Spring Air/Cannon private-label coil builds (SM-/SAM- SKUs),MATT,CANN,CAKING CAMBRIA FIRM
SM-CAMBRFPT-50,Mattresses,Innerspring,inferred: Spring Air/Cannon private-label coil builds (SM-/SAM- SKUs),MATT,CANN,QUEEN CAMBRIA P/T
SM-CAMBRFPT-66,Mattresses,Innerspring,inferred: Spring Air/Cannon private-label coil builds (SM-/SAM- SKUs),MATT,CANN,E KING CAMBRIA P/T
SM-CHRISTET-5000,Mattresses,Innerspring,inferred: Spring Air/Cannon private-label coil builds (SM-/SAM- SKUs),MATT,CANN,QUEEN CHRISTIAN EUROTOP
SM-CHRISTET-6600,Mattresses,Innerspring,inferred: Spring Air/Cannon private-label coil builds (SM-/SAM- SKUs),MATT,CANN,E KING CHRISTIAN EUROTOP
SM-CHRISTFM-4600,Mattresses,Innerspring,inferred: Spring Air/Cannon private-label coil builds (SM-/SAM- SKUs),MATT,CANN,FULL CHRISTIAN FIRM
SM-CHRISTFM-5000,Mattresses,Innerspring,inferred: Spring Air/Cannon private-label coil builds (SM-/SAM- SKUs),MATT,CANN,QUEEN CHRISTIAN FIRM
SM-CHRISTFM-6600,Mattresses,Innerspring,inferred: Spring Air/Cannon private-label coil builds (SM-/SAM- SKUs),MATT,CANN,E KING CHRISTIAN FIRM
SM-CHRISTPL-5000,Mattresses,Innerspring,inferred: Spring Air/Cannon private-label coil builds (SM-/SAM- SKUs),MATT,CANN,QUEEN CHRISTIAN PLUSH
SM-CHRISTPL-6600,Mattresses,Innerspring,inferred: Spring Air/Cannon private-label coil builds (SM-/SAM- SKUs),MATT,CANN,E KING CHRISTIAN PLUSH
SM-CHRISTPL-6700,Mattresses,Innerspring,inferred: Spring Air/Cannon private-label coil builds (SM-/SAM- SKUs),MATT,CANN,CAKING CHRISTIAN PLUSH
SM-CHRISTXF-5000,Mattresses,Innerspring,inferred: Spring Air/Cannon private-label coil builds (SM-/SAM- SKUs),MATT,CANN,QUEEN CHRISTIAN XFIRM
SM-CHRISTXF-6600,Mattresses,Innerspring,inferred: Spring Air/Cannon private-label coil builds (SM-/SAM- SKUs),MATT,CANN,E KING CHRISTIAN XFIRM
SM-CHRISTXF-6700,Mattresses,Innerspring,inferred: Spring Air/Cannon private-label coil builds (SM-/SAM- SKUs),MATT,CANN,CAKING CHRISTIAN XFIRM
SM-CLINTONFM-33XL,Mattresses,Innerspring,inferred: Spring Air/Cannon private-label coil builds (SM-/SAM- SKUs),MATT,CANN,TWINXL CLINTON FIRM
SM-DONNAET-4600,Mattresses,Innerspring,inferred: Spring Air/Cannon private-label coil builds (SM-/SAM- SKUs),MATT,CANN,FULL DONNA EUROTOP
SM-DONNAET-5000,Mattresses,Innerspring,inferred: Spring Air/Cannon private-label coil builds (SM-/SAM- SKUs),MATT,CANN,QUEEN DONNA EUROTOP
SM-DONNAET-6600,Mattresses,Innerspring,inferred: Spring Air/Cannon private-label coil builds (SM-/SAM- SKUs),MATT,CANN,E KING DONNA EUROTOP
SM-DONNAFM-5000,Mattresses,Innerspring,inferred: Spring Air/Cannon private-label coil builds (SM-/SAM- SKUs),MATT,CANN,QUEEN DONNA FIRM
SM-DONNAFM-6600,Mattresses,Innerspring,inferred: Spring Air/Cannon private-label coil builds (SM-/SAM- SKUs),MATT,CANN,E KING DONNA FIRM
SM-DONNAPL-5000,Mattresses,Innerspring,inferred: Spring Air/Cannon private-label coil builds (SM-/SAM- SKUs),MATT,CANN,QUEEN DONNA PLUSH
SM-DONNAPL-6600,Mattresses,Innerspring,inferred: Spring Air/Cannon private-label coil builds (SM-/SAM- SKUs),MATT,CANN,E KING DONNA PLUSH
SM-HERMOSAET-46,Mattresses,Innerspring,inferred: Spring Air/Cannon private-label coil builds (SM-/SAM- SKUs),MATT,CANN,FULL HERMOSA P/T
SM-HERMOSAET-50,Mattresses,Innerspring,inferred: Spring Air/Cannon private-label coil builds (SM-/SAM- SKUs),MATT,CANN,QUEEN HERMOSA P/T
SM-HERMOSAET-66,Mattresses,Innerspring,inferred: Spring Air/Cannon private-label coil builds (SM-/SAM- SKUs),MATT,CANN,E KING HERMOSA P/T
SM-HERMOSAET-67,Mattresses,Innerspring,inferred: Spring Air/Cannon private-label coil builds (SM-/SAM- SKUs),MATT,CANN,CAKING HERMOSA P/T
SM-PISMOFM-33,Mattresses,Innerspring,inferred: Spring Air/Cannon private-label coil builds (SM-/SAM- SKUs),MATT,CANN,TWIN PISMO FIRM
SM-PISMOFM-46,Mattresses,Innerspring,inferred: Spring Air/Cannon private-label coil builds (SM-/SAM- SKUs),MATT,CANN,FULL PISMO FIRM
SM-PISMOFM-50,Mattresses,Innerspring,inferred: Spring Air/Cannon private-label coil builds (SM-/SAM- SKUs),MATT,CANN,QUEEN PISMO FIRM
SM-PISMOFM-66,Mattresses,Innerspring,inferred: Spring Air/Cannon private-label coil builds (SM-/SAM- SKUs),MATT,CANN,E KING PISMO FIRM
SM-PISMOFM-67,Mattresses,Innerspring,inferred: Spring Air/Cannon private-label coil builds (SM-/SAM- SKUs),MATT,CANN,CAKING PISMO FIRM
SM-PISMOVPT-46,Mattresses,Innerspring,inferred: Spring Air/Cannon private-label coil builds (SM-/SAM- SKUs),MATT,CANN,FULL PISMO P/T
SM-PISMOVPT-50,Mattresses,Innerspring,inferred: Spring Air/Cannon private-label coil builds (SM-/SAM- SKUs),MATT,CANN,QUEEN PISMO P/T
SM-PISMOVPT-66,Mattresses,Innerspring,inferred: Spring Air/Cannon private-label coil builds (SM-/SAM- SKUs),MATT,CANN,E KING PISMO P/T
SM-PISMOVPT-67,Mattresses,Innerspring,inferred: Spring Air/Cannon private-label coil builds (SM-/SAM- SKUs),MATT,CANN,CAKING PISMO P/T
SM-SAOSUNLUX-5000,Mattresses,Latex,maker: Spring Air Sunrise Lux latex,MATT,CANN,QUEEN SUNRISE LUX
SM-SAOSUNLUX-6600,Mattresses,Latex,maker: Spring Air Sunrise Lux latex,MATT,CANN,E KING SUNRISE LUX
SM-SPIRITET46XL,Mattresses,Innerspring,inferred: Spring Air/Cannon private-label coil builds (SM-/SAM- SKUs),MATT,CANN,FULLXL SPIRIT EUROTOP
SM-SPIRITFM66,Mattresses,Innerspring,inferred: Spring Air/Cannon private-label coil builds (SM-/SAM- SKUs),MATT,CANN,E KING SPIRIT FIRM
SM-YVESFM-5000,Mattresses,Innerspring,inferred: Spring Air/Cannon private-label coil builds (SM-/SAM- SKUs),MATT,CANN,QUEEN YVES FIRM
SM-YVESFM-6600,Mattresses,Innerspring,inferred: Spring Air/Cannon private-label coil builds (SM-/SAM- SKUs),MATT,CANN,E KING YVES FIRM
SM-YVESPL-5000,Mattresses,Innerspring,inferred: Spring Air/Cannon private-label coil builds (SM-/SAM- SKUs),MATT,CANN,QUEEN YVES PLUSH
SM-YVESPL-6600,Mattresses,Innerspring,inferred: Spring Air/Cannon private-label coil builds (SM-/SAM- SKUs),MATT,CANN,E KING YVES PLUSH
SMROYPALPT46,Mattresses,Innerspring,inferred: mis-coded pillow-top mattress (Cannon SM- SKU),FURN,CANN,FULL ROYAL PALM PT
SYDNEYLEAHK,Mattresses,Innerspring,inferred: Spring Air/Cannon private-label coil builds (SM-/SAM- SKUs),MATT,CANN,E KING SYDNEY LEAH JAUNE
C&W-BP,Pillows,Specialty & Kids Pillows,description: body pillow / pillow cub / decorative,PILLOW,CHATTAM,CHATTAM&WELLS BODY PILLOW
C&W-FP,Store Supplies & Equipment,Showroom & Signage,description: display item,PILLOW,CHATTAM,CHATTAM&WELLS FOOT PROTECTOR
CW-2100XF-6600,Mattresses,Innerspring,"storefront: Chattam & Wells hand-tufted innerspring (Lismore, Ashford, Kensington, Windsor, Chantilly, Miramare, Caserta, Carlton, Weston)",MATT,CHATTAM,"E KING CASERTA EXTRA FIRM 13"""
CW-2101FM-3300,Mattresses,Innerspring,"storefront: Chattam & Wells hand-tufted innerspring (Lismore, Ashford, Kensington, Windsor, Chantilly, Miramare, Caserta, Carlton, Weston)",MATT,CHATTAM,TWIN LISMORE ROYAL KNIT FM
CW-2101FM-33XL,Mattresses,Innerspring,"storefront: Chattam & Wells hand-tufted innerspring (Lismore, Ashford, Kensington, Windsor, Chantilly, Miramare, Caserta, Carlton, Weston)",MATT,CHATTAM,TWINXL LISMORE ROYAL KNIT FM
CW-2101FM-4600,Mattresses,Innerspring,"storefront: Chattam & Wells hand-tufted innerspring (Lismore, Ashford, Kensington, Windsor, Chantilly, Miramare, Caserta, Carlton, Weston)",MATT,CHATTAM,FULL LISMORE ROYAL KNIT FM
CW-2101FM-5000,Mattresses,Innerspring,"storefront: Chattam & Wells hand-tufted innerspring (Lismore, Ashford, Kensington, Windsor, Chantilly, Miramare, Caserta, Carlton, Weston)",MATT,CHATTAM,QUEEN LISMORE ROYAL KNIT FM
CW-2101FM-6600,Mattresses,Innerspring,"storefront: Chattam & Wells hand-tufted innerspring (Lismore, Ashford, Kensington, Windsor, Chantilly, Miramare, Caserta, Carlton, Weston)",MATT,CHATTAM,E KING LISMORE ROYAL KNIT FM
CW-2101FM-6700,Mattresses,Innerspring,"storefront: Chattam & Wells hand-tufted innerspring (Lismore, Ashford, Kensington, Windsor, Chantilly, Miramare, Caserta, Carlton, Weston)",MATT,CHATTAM,CAKING LISMORE ROYAL KNIT FM
CW-2102PL-5000,Mattresses,Innerspring,"storefront: Chattam & Wells hand-tufted innerspring (Lismore, Ashford, Kensington, Windsor, Chantilly, Miramare, Caserta, Carlton, Weston)",MATT,CHATTAM,QUEEN MIRAMARE ROYAL KNIT LUX
CW-2102PL-6600,Mattresses,Innerspring,"storefront: Chattam & Wells hand-tufted innerspring (Lismore, Ashford, Kensington, Windsor, Chantilly, Miramare, Caserta, Carlton, Weston)",MATT,CHATTAM,E KING MIRAMARE ROYAL KNIT LUX
CW-2103PL-33XL,Mattresses,Innerspring,"storefront: Chattam & Wells hand-tufted innerspring (Lismore, Ashford, Kensington, Windsor, Chantilly, Miramare, Caserta, Carlton, Weston)",MATT,CHATTAM,TWINXL CHANTILLY  ROYAL KNT PS
CW-2103PL-5000,Mattresses,Innerspring,"storefront: Chattam & Wells hand-tufted innerspring (Lismore, Ashford, Kensington, Windsor, Chantilly, Miramare, Caserta, Carlton, Weston)",MATT,CHATTAM,QUEEN CHANTILLY ROYAL KNIT PS
CW-2103PL-6600,Mattresses,Innerspring,"storefront: Chattam & Wells hand-tufted innerspring (Lismore, Ashford, Kensington, Windsor, Chantilly, Miramare, Caserta, Carlton, Weston)",MATT,CHATTAM,E KING CHANTILLY ROYAL KNIT PS
CW-2104ET-3300,Mattresses,Innerspring,"storefront: Chattam & Wells hand-tufted innerspring (Lismore, Ashford, Kensington, Windsor, Chantilly, Miramare, Caserta, Carlton, Weston)",MATT,CHATTAM,TWIN ASHFORD DAMASK ET
CW-2104ET-33XL,Mattresses,Innerspring,"storefront: Chattam & Wells hand-tufted innerspring (Lismore, Ashford, Kensington, Windsor, Chantilly, Miramare, Caserta, Carlton, Weston)",MATT,CHATTAM,TWINXL ASHFORD DAMASK ET
CW-2104ET-4600,Mattresses,Innerspring,"storefront: Chattam & Wells hand-tufted innerspring (Lismore, Ashford, Kensington, Windsor, Chantilly, Miramare, Caserta, Carlton, Weston)",MATT,CHATTAM,FULL ASHFORD DAMASK ET
CW-2104ET-5000,Mattresses,Innerspring,"storefront: Chattam & Wells hand-tufted innerspring (Lismore, Ashford, Kensington, Windsor, Chantilly, Miramare, Caserta, Carlton, Weston)",MATT,CHATTAM,QUEEN ASHFORD DAMASK ET
CW-2104ET-6600,Mattresses,Innerspring,"storefront: Chattam & Wells hand-tufted innerspring (Lismore, Ashford, Kensington, Windsor, Chantilly, Miramare, Caserta, Carlton, Weston)",MATT,CHATTAM,E KING ASHFORD DAMASK ET
CW-2104ET-6700,Mattresses,Innerspring,"storefront: Chattam & Wells hand-tufted innerspring (Lismore, Ashford, Kensington, Windsor, Chantilly, Miramare, Caserta, Carlton, Weston)",MATT,CHATTAM,CAKING ASHFORD DAMASK ET
CW-2105ET-5000,Mattresses,Innerspring,"storefront: Chattam & Wells hand-tufted innerspring (Lismore, Ashford, Kensington, Windsor, Chantilly, Miramare, Caserta, Carlton, Weston)",MATT,CHATTAM,QUEEN KENSINGTON DAMASK ET
CW-2105ET-6600,Mattresses,Innerspring,"storefront: Chattam & Wells hand-tufted innerspring (Lismore, Ashford, Kensington, Windsor, Chantilly, Miramare, Caserta, Carlton, Weston)",MATT,CHATTAM,E KING KENSINGTON DAMASK ET
CW-2105ET-6700,Mattresses,Innerspring,"storefront: Chattam & Wells hand-tufted innerspring (Lismore, Ashford, Kensington, Windsor, Chantilly, Miramare, Caserta, Carlton, Weston)",MATT,CHATTAM,CAKING KENSINGTON DAMASK ET
CW-2105LTDET-6600,Mattresses,Innerspring,"storefront: Chattam & Wells hand-tufted innerspring (Lismore, Ashford, Kensington, Windsor, Chantilly, Miramare, Caserta, Carlton, Weston)",MATT,CHATTAM,E KING KENSINGTON LIMITED ET
CW-2106ET-3684,Mattresses,Innerspring,"storefront: Chattam & Wells hand-tufted innerspring (Lismore, Ashford, Kensington, Windsor, Chantilly, Miramare, Caserta, Carlton, Weston)",MATT,CHATTAM,SPLIT CK WINDSOR ROYAL DAMASK
CW-2106ET-5000,Mattresses,Innerspring,"storefront: Chattam & Wells hand-tufted innerspring (Lismore, Ashford, Kensington, Windsor, Chantilly, Miramare, Caserta, Carlton, Weston)",MATT,CHATTAM,QUEEN WINDSOR ROYAL DAMASK ET
CW-2106ET-6600,Mattresses,Innerspring,"storefront: Chattam & Wells hand-tufted innerspring (Lismore, Ashford, Kensington, Windsor, Chantilly, Miramare, Caserta, Carlton, Weston)",MATT,CHATTAM,E KING WINDSOR ROYAL DAMASK ET
CW-2106ET-6700,Mattresses,Innerspring,"storefront: Chattam & Wells hand-tufted innerspring (Lismore, Ashford, Kensington, Windsor, Chantilly, Miramare, Caserta, Carlton, Weston)",MATT,CHATTAM,CAKING WINDSOR ROYAL DAMASK ET
CW-2107ET-6600,Mattresses,Latex,storefront: Kingston / Buckingham / Geneva listed under Latex,MATT,CHATTAM,E KING BUCKINGHAM DAMASK ET
CW-2107ET-6700,Mattresses,Latex,storefront: Kingston / Buckingham / Geneva listed under Latex,MATT,CHATTAM,CAKING BUCKINGHAM DAMASK ET
CW-2201FM-3684,Mattresses,Innerspring,"storefront: Chattam & Wells hand-tufted innerspring (Lismore, Ashford, Kensington, Windsor, Chantilly, Miramare, Caserta, Carlton, Weston)",MATT,CHATTAM,SPLIT CK LISMORE ROYAL KNIT FM
CWB-FND01-04-3300,Foundations & Box Springs,"Low Profile (4–5"")","description: LP / 4"" / 5""",FOUND,CHATTAM,"TWIN LP HD CHATTAM FND 4"""
CWB-FND01-04-33XL,Foundations & Box Springs,"Low Profile (4–5"")","description: LP / 4"" / 5""",FOUND,CHATTAM,"TWINXL LP HD CHATTAM FND 4"""
CWB-FND01-04-3684,Foundations & Box Springs,"Low Profile (4–5"")","description: LP / 4"" / 5""",FOUND,CHATTAM,"SPLIT CK LP HD CHATTAM FND 4"""
CWB-FND01-04-4600,Foundations & Box Springs,"Low Profile (4–5"")","description: LP / 4"" / 5""",FOUND,CHATTAM,"FULL LP HD CHATTAM FND 4"""
CWB-FND01-04-5000,Foundations & Box Springs,"Low Profile (4–5"")","description: LP / 4"" / 5""",FOUND,CHATTAM,"QUEEN LP HD CHATTAM FND 4"""
CWB-FND01-09-3300,Foundations & Box Springs,"Standard Profile (8–9"")","description: 8""–9"" foundation",FOUND,CHATTAM,"TWIN HD CHATTAM FND 9"""
CWB-FND01-09-33XL,Foundations & Box Springs,"Standard Profile (8–9"")","description: 8""–9"" foundation",FOUND,CHATTAM,"TWINXL HD CHATTAM FND 9"""
CWB-FND01-09-3684,Foundations & Box Springs,"Standard Profile (8–9"")","description: 8""–9"" foundation",FOUND,CHATTAM,"SPLIT CK HD CHATTAM FND 9"""
CWB-FND01-09-4600,Foundations & Box Springs,"Standard Profile (8–9"")","description: 8""–9"" foundation",FOUND,CHATTAM,"FULL HD CHATTAM FND 9"""
CWB-FND01-09-5000,Foundations & Box Springs,"Standard Profile (8–9"")","description: 8""–9"" foundation",FOUND,CHATTAM,"QUEEN HD CHATTAM FND 9"""
CWB-SPRPLT-33XL,Foundations & Box Springs,"Bunkie Board (2"")","description: BB / 2""",FOUND,CHATTAM,"TWINXL BB HD CHATTAM FND 2"""
CWB-SPRPLT-4600,Foundations & Box Springs,"Bunkie Board (2"")","description: BB / 2""",FOUND,CHATTAM,"FULL BB HD CHATTAM FND 2"""
POPCWFP01-5000,Store Supplies & Equipment,Showroom & Signage,description: point-of-purchase display,PROT,CHATTAM,QUEEN CHATTAM POP
SAM-18013-FM-Q,Mattresses,Hybrid,storefront: Adelaide Luxury Plush Hybrid,MATT,CHATTAM,QUEEN ADELAIDE FIRM MATTRESS
SAM-18015-LF-EK,Mattresses,Innerspring,"storefront: Chattam & Wells hand-tufted innerspring (Lismore, Ashford, Kensington, Windsor, Chantilly, Miramare, Caserta, Carlton, Weston)",MATT,CHATTAM,E KING CARLTON LUXURY FIRM
SAM-18016-VP-Q,Mattresses,Innerspring,"storefront: Chattam & Wells hand-tufted innerspring (Lismore, Ashford, Kensington, Windsor, Chantilly, Miramare, Caserta, Carlton, Weston)",MATT,CHATTAM,QUEEN WESTON PILLOWTOP
SAM-18017-ET-33XL,Mattresses,Latex,storefront: Kingston / Buckingham / Geneva listed under Latex,MATT,CHATTAM,TWINXL GENEVA EUROTOP
SAM-18017-ET-Q,Mattresses,Latex,storefront: Kingston / Buckingham / Geneva listed under Latex,MATT,CHATTAM,QUEEN GENEVA EUROTOP
SAM-18018-ET-EK,Mattresses,Latex,storefront: Kingston / Buckingham / Geneva listed under Latex,MATT,CHATTAM,E KING KINGSTON EUROTOP
BIBCHEERFF,Mattresses,Memory Foam,"storefront/maker: all-foam (ProGel, Glory, Rally Foam, Float, Aura, Cheer, Surfside, Envoy, Technogel Armonia/Estasi/Favola)",MATT,DIAMO,FULL BIB CHEER FIRM
BIBCHEERFK,Mattresses,Memory Foam,"storefront/maker: all-foam (ProGel, Glory, Rally Foam, Float, Aura, Cheer, Surfside, Envoy, Technogel Armonia/Estasi/Favola)",MATT,DIAMO,E KING BIB CHEER FIRM
BIBCHEERFQ,Mattresses,Memory Foam,"storefront/maker: all-foam (ProGel, Glory, Rally Foam, Float, Aura, Cheer, Surfside, Envoy, Technogel Armonia/Estasi/Favola)",MATT,DIAMO,QUEEN BIB CHEER FIRM
BIBCHEERMDF,Mattresses,Memory Foam,"storefront/maker: all-foam (ProGel, Glory, Rally Foam, Float, Aura, Cheer, Surfside, Envoy, Technogel Armonia/Estasi/Favola)",MATT,DIAMO,FULL BIB CHEER MEDIUM
BIBCHEERMK,Mattresses,Memory Foam,"storefront/maker: all-foam (ProGel, Glory, Rally Foam, Float, Aura, Cheer, Surfside, Envoy, Technogel Armonia/Estasi/Favola)",MATT,DIAMO,E KING BIB CHEER MEDIUM
BIBCHEERMQ,Mattresses,Memory Foam,"storefront/maker: all-foam (ProGel, Glory, Rally Foam, Float, Aura, Cheer, Surfside, Envoy, Technogel Armonia/Estasi/Favola)",MATT,DIAMO,QUEEN BIB CHEER MEDIUM
BIBCHEERMT,Mattresses,Memory Foam,"storefront/maker: all-foam (ProGel, Glory, Rally Foam, Float, Aura, Cheer, Surfside, Envoy, Technogel Armonia/Estasi/Favola)",MATT,DIAMO,TWIN BIB CHEER MEDIUM
BIBCHEERPCK,Mattresses,Memory Foam,"storefront/maker: all-foam (ProGel, Glory, Rally Foam, Float, Aura, Cheer, Surfside, Envoy, Technogel Armonia/Estasi/Favola)",MATT,DIAMO,CAKING BIB CHEER PLUSH
BIBCHEERPF,Mattresses,Memory Foam,"storefront/maker: all-foam (ProGel, Glory, Rally Foam, Float, Aura, Cheer, Surfside, Envoy, Technogel Armonia/Estasi/Favola)",MATT,DIAMO,FULL BIB CHEER PLUSH
BIBCHEERPFXL,Mattresses,Memory Foam,"storefront/maker: all-foam (ProGel, Glory, Rally Foam, Float, Aura, Cheer, Surfside, Envoy, Technogel Armonia/Estasi/Favola)",MATT,DIAMO,FULLXL BIB CHEER PLUSH
BIBCHEERPK,Mattresses,Memory Foam,"storefront/maker: all-foam (ProGel, Glory, Rally Foam, Float, Aura, Cheer, Surfside, Envoy, Technogel Armonia/Estasi/Favola)",MATT,DIAMO,E KING BIB CHEER PLUSH
BIBCHEERPQ,Mattresses,Memory Foam,"storefront/maker: all-foam (ProGel, Glory, Rally Foam, Float, Aura, Cheer, Surfside, Envoy, Technogel Armonia/Estasi/Favola)",MATT,DIAMO,QUEEN BIB CHEER PLUSH
BIBCHEERPT,Mattresses,Memory Foam,"storefront/maker: all-foam (ProGel, Glory, Rally Foam, Float, Aura, Cheer, Surfside, Envoy, Technogel Armonia/Estasi/Favola)",MATT,DIAMO,TWIN BIB CHEER PLUSH
BIBCHEERPTXL,Mattresses,Memory Foam,"storefront/maker: all-foam (ProGel, Glory, Rally Foam, Float, Aura, Cheer, Surfside, Envoy, Technogel Armonia/Estasi/Favola)",MATT,DIAMO,TWINXL BIB CHEER PLUSH
D-BP-Q,Store Supplies & Equipment,Showroom & Signage,description: display item,PILLOW,DIAMO,DIAMOND DISPLAY BODY PILLOW
DIAMONDBLK2CK,Foundations & Box Springs,"Bunkie Board (2"")","description: BB / 2""",FOUND,DIAMO,"SPLIT CK BB GENEVA BLK FND 2"""
DIAMONDBLK2F,Foundations & Box Springs,"Bunkie Board (2"")","description: BB / 2""",FOUND,DIAMO,"FULL BB GENEVA BLACK FND 2"""
DIAMONDBLK2Q,Foundations & Box Springs,"Bunkie Board (2"")","description: BB / 2""",FOUND,DIAMO,"QUEEN BB GENEVA BLACK FND 2"""
DIAMONDBLK2T,Foundations & Box Springs,"Bunkie Board (2"")","description: BB / 2""",FOUND,DIAMO,"TWIN BB GENEVA BLACK FND 2"""
DIAMONDBLK2TXL,Foundations & Box Springs,"Bunkie Board (2"")","description: BB / 2""",FOUND,DIAMO,"TWINXL BB GENEVA BLACK FND 2"""
DIAMONDBLK4CK,Foundations & Box Springs,"Low Profile (4–5"")","description: LP / 4"" / 5""",FOUND,DIAMO,"SPLIT CK LP GENEVA BLK FND 4"""
DIAMONDBLK4F,Foundations & Box Springs,"Low Profile (4–5"")","description: LP / 4"" / 5""",FOUND,DIAMO,"FULL LP GENEVA BLACK FND 4"""
DIAMONDBLK4FXL,Foundations & Box Springs,"Low Profile (4–5"")","description: LP / 4"" / 5""",FOUND,DIAMO,"FULLXL LP BLACK DIAMO FND 4"""
DIAMONDBLK4Q,Foundations & Box Springs,"Low Profile (4–5"")","description: LP / 4"" / 5""",FOUND,DIAMO,"QUEEN LP GENEVA BLACK FND 4"""
DIAMONDBLK4T,Foundations & Box Springs,"Low Profile (4–5"")","description: LP / 4"" / 5""",FOUND,DIAMO,"TWIN LP GENEVA BLACK FND 4"""
DIAMONDBLK4TXL,Foundations & Box Springs,"Low Profile (4–5"")","description: LP / 4"" / 5""",FOUND,DIAMO,"TWINXL LP GENEVA BLACK FND 4"""
DIAMONDBLKCK,Foundations & Box Springs,"Standard Profile (8–9"")","description: 8""–9"" foundation",FOUND,DIAMO,"SPLIT CK GENEVA BLACK FND 8"""
DIAMONDBLKF,Foundations & Box Springs,"Standard Profile (8–9"")","description: 8""–9"" foundation",FOUND,DIAMO,"FULL GENEVA BLACK FND 8"""
DIAMONDBLKFXL,Foundations & Box Springs,"Standard Profile (8–9"")","description: 8""–9"" foundation",FOUND,DIAMO,"FULLXL BLACK  DIAMOND FND 8"""
DIAMONDBLKQ,Foundations & Box Springs,"Standard Profile (8–9"")","description: 8""–9"" foundation",FOUND,DIAMO,"QUEEN GENEVA BLACK FND 8"""
DIAMONDBLKT,Foundations & Box Springs,"Standard Profile (8–9"")","description: 8""–9"" foundation",FOUND,DIAMO,"TWIN GENEVA BLACK FND 8"""
DIAMONDBLKTXL,Foundations & Box Springs,"Standard Profile (8–9"")","description: 8""–9"" foundation",FOUND,DIAMO,"TWINXL GENEVA BLACK FND 8"""
DMA10M-1040,Mattresses,Memory Foam,"storefront/maker: all-foam (ProGel, Glory, Rally Foam, Float, Aura, Cheer, Surfside, Envoy, Technogel Armonia/Estasi/Favola)",MATT,DIAMO,"FULLXL ALIGN 10"" GEL MEMORY"
DMA10M-1110,Mattresses,Memory Foam,"storefront/maker: all-foam (ProGel, Glory, Rally Foam, Float, Aura, Cheer, Surfside, Envoy, Technogel Armonia/Estasi/Favola)",MATT,DIAMO,"TWIN ALIGN 10"" GEL MEMORY"
DMA10M-1120,Mattresses,Memory Foam,"storefront/maker: all-foam (ProGel, Glory, Rally Foam, Float, Aura, Cheer, Surfside, Envoy, Technogel Armonia/Estasi/Favola)",MATT,DIAMO,"TWINXL ALIGN 10"" GEL MEMORY"
DMA10M-1130,Mattresses,Memory Foam,"storefront/maker: all-foam (ProGel, Glory, Rally Foam, Float, Aura, Cheer, Surfside, Envoy, Technogel Armonia/Estasi/Favola)",MATT,DIAMO,"FULL ALIGN 10"" GEL MEMORY"
DMA10M-1150,Mattresses,Memory Foam,"storefront/maker: all-foam (ProGel, Glory, Rally Foam, Float, Aura, Cheer, Surfside, Envoy, Technogel Armonia/Estasi/Favola)",MATT,DIAMO,"QUEEN ALIGN 10"" GEL MEMORY"
DMAL8M-1040,Mattresses,Memory Foam,"storefront/maker: all-foam (ProGel, Glory, Rally Foam, Float, Aura, Cheer, Surfside, Envoy, Technogel Armonia/Estasi/Favola)",MATT,DIAMO,"FULLXL ALIGN 8"" GEL MEMORY"
DMAL8M-1110,Mattresses,Memory Foam,"storefront/maker: all-foam (ProGel, Glory, Rally Foam, Float, Aura, Cheer, Surfside, Envoy, Technogel Armonia/Estasi/Favola)",MATT,DIAMO,"TWIN ALIGN 8"" GEL MEMORY"
DMAL8M-1120,Mattresses,Memory Foam,"storefront/maker: all-foam (ProGel, Glory, Rally Foam, Float, Aura, Cheer, Surfside, Envoy, Technogel Armonia/Estasi/Favola)",MATT,DIAMO,"TWINXL ALIGN 8"" GEL MEMORY"
DMAL8M-1130,Mattresses,Memory Foam,"storefront/maker: all-foam (ProGel, Glory, Rally Foam, Float, Aura, Cheer, Surfside, Envoy, Technogel Armonia/Estasi/Favola)",MATT,DIAMO,"FULL ALIGN 8"" GEL MEMORY"
DMAL8M-1150,Mattresses,Memory Foam,"storefront/maker: all-foam (ProGel, Glory, Rally Foam, Float, Aura, Cheer, Surfside, Envoy, Technogel Armonia/Estasi/Favola)",MATT,DIAMO,"QUEEN ALIGN 8"" GEL MEMORY"
DMAL8M-1170,Mattresses,Memory Foam,"storefront/maker: all-foam (ProGel, Glory, Rally Foam, Float, Aura, Cheer, Surfside, Envoy, Technogel Armonia/Estasi/Favola)",MATT,DIAMO,"CAKING ALIGN 8"" GEL MEMORY"
DMAL8M-1180,Mattresses,Memory Foam,"storefront/maker: all-foam (ProGel, Glory, Rally Foam, Float, Aura, Cheer, Surfside, Envoy, Technogel Armonia/Estasi/Favola)",MATT,DIAMO,"E KING ALIGN 8"" GEL MEMORY"
DMALQF-1050,Mattresses,Hybrid,storefront: Independence / Arise Luxe / Black Diamond Rockwell = Hybrid,MATT,DIAMO,QUEEN ARISE QUILTED FIRM
DMALQF-1070,Mattresses,Hybrid,storefront: Independence / Arise Luxe / Black Diamond Rockwell = Hybrid,MATT,DIAMO,CAKING ARISE QUILTED FIRM
DMALQF-1080,Mattresses,Hybrid,storefront: Independence / Arise Luxe / Black Diamond Rockwell = Hybrid,MATT,DIAMO,E KING ARISE QUILTED FIRM
DMCLHF-1010,Mattresses,Hybrid,description: HYBRID,MATT,DIAMO,TWIN CLARITY HYBRID FIRM
DMCLHF-1020,Mattresses,Hybrid,description: HYBRID,MATT,DIAMO,TWINXL CLARITY HYBRID FIRM
DMCLHF-1030,Mattresses,Hybrid,description: HYBRID,MATT,DIAMO,FULL CLARITY HYBRID FIRM
DMCLHF-1040,Mattresses,Hybrid,description: HYBRID,MATT,DIAMO,FULLXL CLARITY HYBRID FIRM
DMCLHF-1050,Mattresses,Hybrid,description: HYBRID,MATT,DIAMO,QUEEN CLARITY HYBRID FIRM
DMCLHF-1070,Mattresses,Hybrid,description: HYBRID,MATT,DIAMO,CAKING CLARITY HYBRID FIRM
DMCLHF-1080,Mattresses,Hybrid,description: HYBRID,MATT,DIAMO,E KING CLARITY HYBRID FIRM
DMCLHM-1010,Mattresses,Hybrid,description: HYBRID,MATT,DIAMO,TWIN CLARITY HYBRID MEDIUM
DMCLHM-1020,Mattresses,Hybrid,description: HYBRID,MATT,DIAMO,TWINXL CLARITY HYBRID MEDIUM
DMCLHM-1030,Mattresses,Hybrid,description: HYBRID,MATT,DIAMO,FULL CLARITY HYBRID MEDIUM
DMCLHM-1050,Mattresses,Hybrid,description: HYBRID,MATT,DIAMO,QUEEN CLARITY HYBRID MEDIUM
DMCLHM-1070,Mattresses,Hybrid,description: HYBRID,MATT,DIAMO,CAKING CLARITY HYBRID MEDIUM
DMCLHM-1080,Mattresses,Hybrid,description: HYBRID,MATT,DIAMO,E KING CLARITY HYBRID MEDIUM
DMCLHP-1020,Mattresses,Hybrid,description: HYBRID,MATT,DIAMO,TWINXL CLARITY HYBRID PLUSH
DMCLHP-1070,Mattresses,Hybrid,description: HYBRID,MATT,DIAMO,CAKING CLARITY HYBRID PLUSH
DMCLHP-1080,Mattresses,Hybrid,description: HYBRID,MATT,DIAMO,E KING CLARITY HYBRID PLUSH
DMFLFM-1150,Mattresses,Hybrid,description: HYBRID,MATT,DIAMO,"QUEEN FLURRY HYBRID FIRM 14"""
DMGLFF-1010,Mattresses,Memory Foam,"storefront/maker: all-foam (ProGel, Glory, Rally Foam, Float, Aura, Cheer, Surfside, Envoy, Technogel Armonia/Estasi/Favola)",MATT,DIAMO,TWIN GLORY ALL-FOAM FIRM
DMGLFF-1030,Mattresses,Memory Foam,"storefront/maker: all-foam (ProGel, Glory, Rally Foam, Float, Aura, Cheer, Surfside, Envoy, Technogel Armonia/Estasi/Favola)",MATT,DIAMO,FULL GLORY ALL-FOAM FIRM
DMGLFF-1050,Mattresses,Memory Foam,"storefront/maker: all-foam (ProGel, Glory, Rally Foam, Float, Aura, Cheer, Surfside, Envoy, Technogel Armonia/Estasi/Favola)",MATT,DIAMO,QUEEN GLORY ALL-FOAM FIRM
DMGLFF-1071,Mattresses,Memory Foam,"storefront/maker: all-foam (ProGel, Glory, Rally Foam, Float, Aura, Cheer, Surfside, Envoy, Technogel Armonia/Estasi/Favola)",MATT,DIAMO,SPLIT CK GLORY ALL-FOAM FIRM
DMGLFF-1080,Mattresses,Memory Foam,"storefront/maker: all-foam (ProGel, Glory, Rally Foam, Float, Aura, Cheer, Surfside, Envoy, Technogel Armonia/Estasi/Favola)",MATT,DIAMO,E KING GLORY ALL-FOAM FIRM
DMGLFM-1010,Mattresses,Memory Foam,"storefront/maker: all-foam (ProGel, Glory, Rally Foam, Float, Aura, Cheer, Surfside, Envoy, Technogel Armonia/Estasi/Favola)",MATT,DIAMO,TWIN GLORY ALL-FOAM MEDIUM
DMGLFM-1030,Mattresses,Memory Foam,"storefront/maker: all-foam (ProGel, Glory, Rally Foam, Float, Aura, Cheer, Surfside, Envoy, Technogel Armonia/Estasi/Favola)",MATT,DIAMO,FULL GLORY ALL-FOAM MEDIUM
DMGLFM-1050,Mattresses,Memory Foam,"storefront/maker: all-foam (ProGel, Glory, Rally Foam, Float, Aura, Cheer, Surfside, Envoy, Technogel Armonia/Estasi/Favola)",MATT,DIAMO,QUEEN GLORY ALL-FOAM MEDIUM
DMGLFM-1080,Mattresses,Memory Foam,"storefront/maker: all-foam (ProGel, Glory, Rally Foam, Float, Aura, Cheer, Surfside, Envoy, Technogel Armonia/Estasi/Favola)",MATT,DIAMO,E KING GLORY ALL-FOAM MEDIUM
DMGLFP-1040,Mattresses,Memory Foam,"storefront/maker: all-foam (ProGel, Glory, Rally Foam, Float, Aura, Cheer, Surfside, Envoy, Technogel Armonia/Estasi/Favola)",MATT,DIAMO,FULLXL GLORY ALL-FOAM PLUSH
DMGLFP-1080,Mattresses,Memory Foam,"storefront/maker: all-foam (ProGel, Glory, Rally Foam, Float, Aura, Cheer, Surfside, Envoy, Technogel Armonia/Estasi/Favola)",MATT,DIAMO,E KING GLORY ALL-FOAM PLUSH
DMGRQF-1010,Mattresses,Innerspring,"storefront/maker: coil-and-foam quilted lines (Tranquility Quilted, Grace Quilted, Lily, Dream, Topaz, Rock/Marble/Slate, Generations) = Innerspring",MATT,DIAMO,TWIN GRACE QUILTED FIRM
DMGRQF-1050,Mattresses,Innerspring,"storefront/maker: coil-and-foam quilted lines (Tranquility Quilted, Grace Quilted, Lily, Dream, Topaz, Rock/Marble/Slate, Generations) = Innerspring",MATT,DIAMO,QUEEN GRACE QUILTED FIRM
DMGRQM-1030,Mattresses,Innerspring,"storefront/maker: coil-and-foam quilted lines (Tranquility Quilted, Grace Quilted, Lily, Dream, Topaz, Rock/Marble/Slate, Generations) = Innerspring",MATT,DIAMO,FULL GRACE QUILTED MEDIUM
DMGRQM-1050,Mattresses,Innerspring,"storefront/maker: coil-and-foam quilted lines (Tranquility Quilted, Grace Quilted, Lily, Dream, Topaz, Rock/Marble/Slate, Generations) = Innerspring",MATT,DIAMO,QUEEN GRACE QUILTED MEDIUM
DMGRQM-1070,Mattresses,Innerspring,"storefront/maker: coil-and-foam quilted lines (Tranquility Quilted, Grace Quilted, Lily, Dream, Topaz, Rock/Marble/Slate, Generations) = Innerspring",MATT,DIAMO,CAKING GRACE QUILTED MEDIUM
DMGRQM-1080,Mattresses,Innerspring,"storefront/maker: coil-and-foam quilted lines (Tranquility Quilted, Grace Quilted, Lily, Dream, Topaz, Rock/Marble/Slate, Generations) = Innerspring",MATT,DIAMO,E KING GRACE QUILTED MEDIUM
DMINHY-1110,Mattresses,Hybrid,storefront: Independence / Arise Luxe / Black Diamond Rockwell = Hybrid,MATT,DIAMO,TWIN INDEPENDENCE MEDIUM
DMINHY-1120,Mattresses,Hybrid,storefront: Independence / Arise Luxe / Black Diamond Rockwell = Hybrid,MATT,DIAMO,TWINXL INDEPENDENCE MEDIUM
DMINHY-1130,Mattresses,Hybrid,storefront: Independence / Arise Luxe / Black Diamond Rockwell = Hybrid,MATT,DIAMO,FULL INDEPENDENCE MEDIUM
DMINHY-1140,Mattresses,Hybrid,storefront: Independence / Arise Luxe / Black Diamond Rockwell = Hybrid,MATT,DIAMO,FULLXL INDEPENDENCE MEDIUM
DMINHY-1150,Mattresses,Hybrid,storefront: Independence / Arise Luxe / Black Diamond Rockwell = Hybrid,MATT,DIAMO,QUEEN INDEPENDENCE MEDIUM
DMINHY-1170,Mattresses,Hybrid,storefront: Independence / Arise Luxe / Black Diamond Rockwell = Hybrid,MATT,DIAMO,CAKING INDEPENDENCE MEDIUM
DMINHY-1180,Mattresses,Hybrid,storefront: Independence / Arise Luxe / Black Diamond Rockwell = Hybrid,MATT,DIAMO,E KING INDEPENDENCE MEDIUM
DMMBET-1010,Mattresses,Innerspring,"storefront/maker: coil-and-foam quilted lines (Tranquility Quilted, Grace Quilted, Lily, Dream, Topaz, Rock/Marble/Slate, Generations) = Innerspring",MATT,DIAMO,TWIN MARBLE ET EXTRA-FIRM
DMMBET-1020,Mattresses,Innerspring,"storefront/maker: coil-and-foam quilted lines (Tranquility Quilted, Grace Quilted, Lily, Dream, Topaz, Rock/Marble/Slate, Generations) = Innerspring",MATT,DIAMO,TWINXL MARBLE ET EXTRA-FIRM
DMMBET-1030,Mattresses,Innerspring,"storefront/maker: coil-and-foam quilted lines (Tranquility Quilted, Grace Quilted, Lily, Dream, Topaz, Rock/Marble/Slate, Generations) = Innerspring",MATT,DIAMO,FULL MARBLE ET EXTRA-FIRM
DMMBET-1040,Mattresses,Innerspring,"storefront/maker: coil-and-foam quilted lines (Tranquility Quilted, Grace Quilted, Lily, Dream, Topaz, Rock/Marble/Slate, Generations) = Innerspring",MATT,DIAMO,FULLXL MARBLE ET EXTRA-FIRM
DMMBET-1050,Mattresses,Innerspring,"storefront/maker: coil-and-foam quilted lines (Tranquility Quilted, Grace Quilted, Lily, Dream, Topaz, Rock/Marble/Slate, Generations) = Innerspring",MATT,DIAMO,QUEEN MARBLE ET EXTRA-FIRM
DMMBET-1070,Mattresses,Innerspring,"storefront/maker: coil-and-foam quilted lines (Tranquility Quilted, Grace Quilted, Lily, Dream, Topaz, Rock/Marble/Slate, Generations) = Innerspring",MATT,DIAMO,CAKING MARBLE ET EXTRA-FIRM
DMMBET-1080,Mattresses,Innerspring,"storefront/maker: coil-and-foam quilted lines (Tranquility Quilted, Grace Quilted, Lily, Dream, Topaz, Rock/Marble/Slate, Generations) = Innerspring",MATT,DIAMO,E KING MARBLE ET EXTRA-FIRM
DMR2TT-1010,Mattresses,Innerspring,"storefront/maker: coil-and-foam quilted lines (Tranquility Quilted, Grace Quilted, Lily, Dream, Topaz, Rock/Marble/Slate, Generations) = Innerspring",MATT,DIAMO,TWIN ROCK 2.0 EXTRA-FIRM
DMR2TT-1020,Mattresses,Innerspring,"storefront/maker: coil-and-foam quilted lines (Tranquility Quilted, Grace Quilted, Lily, Dream, Topaz, Rock/Marble/Slate, Generations) = Innerspring",MATT,DIAMO,TWINXL ROCK 2.0 EXTRA-FIRM
DMR2TT-1030,Mattresses,Innerspring,"storefront/maker: coil-and-foam quilted lines (Tranquility Quilted, Grace Quilted, Lily, Dream, Topaz, Rock/Marble/Slate, Generations) = Innerspring",MATT,DIAMO,FULL ROCK 2.0 EXTRA-FIRM
DMR2TT-1040,Mattresses,Innerspring,"storefront/maker: coil-and-foam quilted lines (Tranquility Quilted, Grace Quilted, Lily, Dream, Topaz, Rock/Marble/Slate, Generations) = Innerspring",MATT,DIAMO,FULLXL ROCK 2.0 EXTRA-FIRM
DMR2TT-1050,Mattresses,Innerspring,"storefront/maker: coil-and-foam quilted lines (Tranquility Quilted, Grace Quilted, Lily, Dream, Topaz, Rock/Marble/Slate, Generations) = Innerspring",MATT,DIAMO,QUEEN ROCK 2.0 EXTRA-FIRM
DMR2TT-1070,Mattresses,Innerspring,"storefront/maker: coil-and-foam quilted lines (Tranquility Quilted, Grace Quilted, Lily, Dream, Topaz, Rock/Marble/Slate, Generations) = Innerspring",MATT,DIAMO,CAKING ROCK 2.0 EXTRA-FIRM
DMR2TT-1080,Mattresses,Innerspring,"storefront/maker: coil-and-foam quilted lines (Tranquility Quilted, Grace Quilted, Lily, Dream, Topaz, Rock/Marble/Slate, Generations) = Innerspring",MATT,DIAMO,E KING ROCK 2.0 EXTRA-FIRM
DMRPFM-1130,Mattresses,Memory Foam,"storefront/maker: all-foam (ProGel, Glory, Rally Foam, Float, Aura, Cheer, Surfside, Envoy, Technogel Armonia/Estasi/Favola)",MATT,DIAMO,"FULL RESTORE+COPPER 12"" MEDIUM"
DMRWXF-1050,Mattresses,Hybrid,storefront: Independence / Arise Luxe / Black Diamond Rockwell = Hybrid,MATT,DIAMO,QUEEN ROCKWELL QUILTED X-FIRM
DMRWXF-1070,Mattresses,Hybrid,storefront: Independence / Arise Luxe / Black Diamond Rockwell = Hybrid,MATT,DIAMO,CAKING ROCKWELL QUILTED X-FIRM
DMRWXF-1080,Mattresses,Hybrid,storefront: Independence / Arise Luxe / Black Diamond Rockwell = Hybrid,MATT,DIAMO,E KING ROCKWELL QUILTED X-FIRM
DMSLXF-1010,Mattresses,Innerspring,"storefront/maker: coil-and-foam quilted lines (Tranquility Quilted, Grace Quilted, Lily, Dream, Topaz, Rock/Marble/Slate, Generations) = Innerspring",MATT,DIAMO,TWIN SLATE EXTRA-FIRM
DMSLXF-1030,Mattresses,Innerspring,"storefront/maker: coil-and-foam quilted lines (Tranquility Quilted, Grace Quilted, Lily, Dream, Topaz, Rock/Marble/Slate, Generations) = Innerspring",MATT,DIAMO,FULL SLATE EXTRA-FIRM
DMSLXF-1050,Mattresses,Innerspring,"storefront/maker: coil-and-foam quilted lines (Tranquility Quilted, Grace Quilted, Lily, Dream, Topaz, Rock/Marble/Slate, Generations) = Innerspring",MATT,DIAMO,QUEEN SLATE EXTRA-FIRM
DMSLXF-1080,Mattresses,Innerspring,"storefront/maker: coil-and-foam quilted lines (Tranquility Quilted, Grace Quilted, Lily, Dream, Topaz, Rock/Marble/Slate, Generations) = Innerspring",MATT,DIAMO,E KING SLATE EXTRA-FIRM
DMSNFM-1020,Mattresses,Hybrid,description: HYBRID,MATT,DIAMO,TWINXL SNOWBIRD HYBRID FIRM
DMSNFM-1030,Mattresses,Hybrid,description: HYBRID,MATT,DIAMO,FULL SNOWBIRD HYBRID FIRM
DMSNFM-1050,Mattresses,Hybrid,description: HYBRID,MATT,DIAMO,QUEEN SNOWBIRD HYBRID FIRM
DMSNFM-1070,Mattresses,Hybrid,description: HYBRID,MATT,DIAMO,CAKING SNOWBIRD HYBRID FIRM
DMSNFM-1080,Mattresses,Hybrid,description: HYBRID,MATT,DIAMO,E KING SNOWBIRD HYBRID FIRM
DMSNME-1030,Mattresses,Hybrid,description: HYBRID,MATT,DIAMO,FULL SNOWBIRD HYBRID MEDIUM
DMSNME-1050,Mattresses,Hybrid,description: HYBRID,MATT,DIAMO,QUEEN SNOWBIRD HYBRID MEDIUM
DMTRHF-1050,Mattresses,Hybrid,description: HYBRID,MATT,DIAMO,QUEEN TRANQUILITY HYBRID FIRM
DMTRHF-1080,Mattresses,Hybrid,description: HYBRID,MATT,DIAMO,E KING TRANQUILITY HYBRID FIRM
DMTRHM-1010,Mattresses,Hybrid,description: HYBRID,MATT,DIAMO,TWIN TRANQUILITY HYBRID MED
DMTRHM-1030,Mattresses,Hybrid,description: HYBRID,MATT,DIAMO,FULL TRANQUILITY HYBRID MED
DMTRHM-1050,Mattresses,Hybrid,description: HYBRID,MATT,DIAMO,QUEEN TRANQUILITY HYBRID MED
DMTRHM-1080,Mattresses,Hybrid,description: HYBRID,MATT,DIAMO,E KING TRANQUILITY HYBRID MED
DMTRQF-1010,Mattresses,Innerspring,"storefront/maker: coil-and-foam quilted lines (Tranquility Quilted, Grace Quilted, Lily, Dream, Topaz, Rock/Marble/Slate, Generations) = Innerspring",MATT,DIAMO,TWIN TRANQUILITY QUILTED FIRM
DMTRQF-1020,Mattresses,Innerspring,"storefront/maker: coil-and-foam quilted lines (Tranquility Quilted, Grace Quilted, Lily, Dream, Topaz, Rock/Marble/Slate, Generations) = Innerspring",MATT,DIAMO,TWINXL TRANQUILITY QUILTED FM
DMTRQF-1030,Mattresses,Innerspring,"storefront/maker: coil-and-foam quilted lines (Tranquility Quilted, Grace Quilted, Lily, Dream, Topaz, Rock/Marble/Slate, Generations) = Innerspring",MATT,DIAMO,FULL TRANQUILITY QUILTED FIRM
DMTRQF-1050,Mattresses,Innerspring,"storefront/maker: coil-and-foam quilted lines (Tranquility Quilted, Grace Quilted, Lily, Dream, Topaz, Rock/Marble/Slate, Generations) = Innerspring",MATT,DIAMO,QUEEN TRANQUILITY QUILTED FIRM
DMTRQF-1070,Mattresses,Innerspring,"storefront/maker: coil-and-foam quilted lines (Tranquility Quilted, Grace Quilted, Lily, Dream, Topaz, Rock/Marble/Slate, Generations) = Innerspring",MATT,DIAMO,CAKING TRANQUILITY QUILTED FM
DMTRQF-1080,Mattresses,Innerspring,"storefront/maker: coil-and-foam quilted lines (Tranquility Quilted, Grace Quilted, Lily, Dream, Topaz, Rock/Marble/Slate, Generations) = Innerspring",MATT,DIAMO,E KING TRANQUILITY QUILTED FM
DMTRQM-1010,Mattresses,Innerspring,"storefront/maker: coil-and-foam quilted lines (Tranquility Quilted, Grace Quilted, Lily, Dream, Topaz, Rock/Marble/Slate, Generations) = Innerspring",MATT,DIAMO,TWIN TRANQUILITY QUILTED MED
DMTRQM-1020,Mattresses,Innerspring,"storefront/maker: coil-and-foam quilted lines (Tranquility Quilted, Grace Quilted, Lily, Dream, Topaz, Rock/Marble/Slate, Generations) = Innerspring",MATT,DIAMO,TWINXL TRANQUILITY QUILTED MED
DMTRQM-1050,Mattresses,Innerspring,"storefront/maker: coil-and-foam quilted lines (Tranquility Quilted, Grace Quilted, Lily, Dream, Topaz, Rock/Marble/Slate, Generations) = Innerspring",MATT,DIAMO,QUEEN TRANQUILITY QUILTED MED
DMTRQM-1070,Mattresses,Innerspring,"storefront/maker: coil-and-foam quilted lines (Tranquility Quilted, Grace Quilted, Lily, Dream, Topaz, Rock/Marble/Slate, Generations) = Innerspring",MATT,DIAMO,CAKING TRANQUILITY QUILTED MED
DMTRQM-1071,Mattresses,Innerspring,"storefront/maker: coil-and-foam quilted lines (Tranquility Quilted, Grace Quilted, Lily, Dream, Topaz, Rock/Marble/Slate, Generations) = Innerspring",MATT,DIAMO,SCK TRANQUILITY QUILTED MEDIUM
DMTRQM-1080,Mattresses,Innerspring,"storefront/maker: coil-and-foam quilted lines (Tranquility Quilted, Grace Quilted, Lily, Dream, Topaz, Rock/Marble/Slate, Generations) = Innerspring",MATT,DIAMO,E KING TRANQUILITY QUILTED MED
DMVAUM-1110,Mattresses,Memory Foam,"storefront/maker: all-foam (ProGel, Glory, Rally Foam, Float, Aura, Cheer, Surfside, Envoy, Technogel Armonia/Estasi/Favola)",MATT,DIAMO,"TWIN AURA 7"" HD FOAM COMFORT"
DMVTOF-1010,Mattresses,Innerspring,"storefront/maker: coil-and-foam quilted lines (Tranquility Quilted, Grace Quilted, Lily, Dream, Topaz, Rock/Marble/Slate, Generations) = Innerspring",MATT,DIAMO,TWIN TOPAZ FIRM T/T
DMVTOF-1020,Mattresses,Innerspring,"storefront/maker: coil-and-foam quilted lines (Tranquility Quilted, Grace Quilted, Lily, Dream, Topaz, Rock/Marble/Slate, Generations) = Innerspring",MATT,DIAMO,TWINXL TOPAZ FIRM T/T
DMVTOF-1030,Mattresses,Innerspring,"storefront/maker: coil-and-foam quilted lines (Tranquility Quilted, Grace Quilted, Lily, Dream, Topaz, Rock/Marble/Slate, Generations) = Innerspring",MATT,DIAMO,FULL TOPAZ FIRM T/T
DMVTOF-1050,Mattresses,Innerspring,"storefront/maker: coil-and-foam quilted lines (Tranquility Quilted, Grace Quilted, Lily, Dream, Topaz, Rock/Marble/Slate, Generations) = Innerspring",MATT,DIAMO,QUEEN TOPAZ FIRM T/T
DMVTOF-1070,Mattresses,Innerspring,"storefront/maker: coil-and-foam quilted lines (Tranquility Quilted, Grace Quilted, Lily, Dream, Topaz, Rock/Marble/Slate, Generations) = Innerspring",MATT,DIAMO,CAKING TOPAZ FIRM T/T
DMVTOF-1080,Mattresses,Innerspring,"storefront/maker: coil-and-foam quilted lines (Tranquility Quilted, Grace Quilted, Lily, Dream, Topaz, Rock/Marble/Slate, Generations) = Innerspring",MATT,DIAMO,E KING TOPAZ FIRM T/T
DRB2PT-1070,Mattresses,Innerspring,"storefront/maker: coil-and-foam quilted lines (Tranquility Quilted, Grace Quilted, Lily, Dream, Topaz, Rock/Marble/Slate, Generations) = Innerspring",MATT,DIAMO,CAKING DREAM BLISS P/T
DRBL-PT-Q,Mattresses,Innerspring,"storefront/maker: coil-and-foam quilted lines (Tranquility Quilted, Grace Quilted, Lily, Dream, Topaz, Rock/Marble/Slate, Generations) = Innerspring",MATT,DIAMO,QUEEN DREAM BLISS P/T
DREAMGRANDFCK,Mattresses,Innerspring,"storefront/maker: coil-and-foam quilted lines (Tranquility Quilted, Grace Quilted, Lily, Dream, Topaz, Rock/Marble/Slate, Generations) = Innerspring",MATT,DIAMO,CAKING DREAM GRAND FIRM
DREAMGRANDFF,Mattresses,Innerspring,"storefront/maker: coil-and-foam quilted lines (Tranquility Quilted, Grace Quilted, Lily, Dream, Topaz, Rock/Marble/Slate, Generations) = Innerspring",MATT,DIAMO,FULL DREAM GRAND FIRM
DREAMGRANDFK,Mattresses,Innerspring,"storefront/maker: coil-and-foam quilted lines (Tranquility Quilted, Grace Quilted, Lily, Dream, Topaz, Rock/Marble/Slate, Generations) = Innerspring",MATT,DIAMO,E KING DREAM GRAND FIRM
DREAMGRANDFQ,Mattresses,Innerspring,"storefront/maker: coil-and-foam quilted lines (Tranquility Quilted, Grace Quilted, Lily, Dream, Topaz, Rock/Marble/Slate, Generations) = Innerspring",MATT,DIAMO,QUEEN DREAM GRAND FIRM E/T
DREAMGRANDFSP,Mattresses,Innerspring,"storefront/maker: coil-and-foam quilted lines (Tranquility Quilted, Grace Quilted, Lily, Dream, Topaz, Rock/Marble/Slate, Generations) = Innerspring",MATT,DIAMO,SPLIT CK GRAND FIRM
DREAMGRANDFT,Mattresses,Innerspring,"storefront/maker: coil-and-foam quilted lines (Tranquility Quilted, Grace Quilted, Lily, Dream, Topaz, Rock/Marble/Slate, Generations) = Innerspring",MATT,DIAMO,TWIN DREAM GRAND FIRM
DREAMGRANDFTXL,Mattresses,Innerspring,"storefront/maker: coil-and-foam quilted lines (Tranquility Quilted, Grace Quilted, Lily, Dream, Topaz, Rock/Marble/Slate, Generations) = Innerspring",MATT,DIAMO,TWINXL DREAM GRAND FIRM
DREAMGRANDFXL,Mattresses,Innerspring,"storefront/maker: coil-and-foam quilted lines (Tranquility Quilted, Grace Quilted, Lily, Dream, Topaz, Rock/Marble/Slate, Generations) = Innerspring",MATT,DIAMO,FULLXL DREAM GRAND FIRM
DREAMGRANDK,Mattresses,Innerspring,"storefront/maker: coil-and-foam quilted lines (Tranquility Quilted, Grace Quilted, Lily, Dream, Topaz, Rock/Marble/Slate, Generations) = Innerspring",MATT,DIAMO,E KING DREAM GRAND MEDIUM
DREAMGRANDMCK,Mattresses,Innerspring,"storefront/maker: coil-and-foam quilted lines (Tranquility Quilted, Grace Quilted, Lily, Dream, Topaz, Rock/Marble/Slate, Generations) = Innerspring",MATT,DIAMO,CAKING DREAM GRAND MEDIUM
DREAMGRANDMF,Mattresses,Innerspring,"storefront/maker: coil-and-foam quilted lines (Tranquility Quilted, Grace Quilted, Lily, Dream, Topaz, Rock/Marble/Slate, Generations) = Innerspring",MATT,DIAMO,FULL DREAM GRAND MEDIUM
DREAMGRANDMFXL,Mattresses,Innerspring,"storefront/maker: coil-and-foam quilted lines (Tranquility Quilted, Grace Quilted, Lily, Dream, Topaz, Rock/Marble/Slate, Generations) = Innerspring",MATT,DIAMO,FULLXL DREAM GRAND MEDIUM
DREAMGRANDMQ,Mattresses,Innerspring,"storefront/maker: coil-and-foam quilted lines (Tranquility Quilted, Grace Quilted, Lily, Dream, Topaz, Rock/Marble/Slate, Generations) = Innerspring",MATT,DIAMO,QUEEN DREAM GRAND MEDIUM
DREAMGRANDMT,Mattresses,Innerspring,"storefront/maker: coil-and-foam quilted lines (Tranquility Quilted, Grace Quilted, Lily, Dream, Topaz, Rock/Marble/Slate, Generations) = Innerspring",MATT,DIAMO,TWIN DREAM GRAND MEDIUM
DREAMGRANDMTXL,Mattresses,Innerspring,"storefront/maker: coil-and-foam quilted lines (Tranquility Quilted, Grace Quilted, Lily, Dream, Topaz, Rock/Marble/Slate, Generations) = Innerspring",MATT,DIAMO,TWINXL DREAM GRAND MEDIUM
DREAMGRANDPCK,Mattresses,Innerspring,"storefront/maker: coil-and-foam quilted lines (Tranquility Quilted, Grace Quilted, Lily, Dream, Topaz, Rock/Marble/Slate, Generations) = Innerspring",MATT,DIAMO,CAKING DREAM GRAND PLUSH
DREAMGRANDPF,Mattresses,Innerspring,"storefront/maker: coil-and-foam quilted lines (Tranquility Quilted, Grace Quilted, Lily, Dream, Topaz, Rock/Marble/Slate, Generations) = Innerspring",MATT,DIAMO,FULL DREAM GRAND PLUSH
DREAMGRANDPFXL,Mattresses,Innerspring,"storefront/maker: coil-and-foam quilted lines (Tranquility Quilted, Grace Quilted, Lily, Dream, Topaz, Rock/Marble/Slate, Generations) = Innerspring",MATT,DIAMO,FULLXL DREAM GRAND PLUSH
DREAMGRANDPK,Mattresses,Innerspring,"storefront/maker: coil-and-foam quilted lines (Tranquility Quilted, Grace Quilted, Lily, Dream, Topaz, Rock/Marble/Slate, Generations) = Innerspring",MATT,DIAMO,E KING DREAM GRAND PLUSH
DREAMGRANDPQ,Mattresses,Innerspring,"storefront/maker: coil-and-foam quilted lines (Tranquility Quilted, Grace Quilted, Lily, Dream, Topaz, Rock/Marble/Slate, Generations) = Innerspring",MATT,DIAMO,QUEEN DREAM GRAND PLUSH
DREAMGRANDPSP,Mattresses,Innerspring,"storefront/maker: coil-and-foam quilted lines (Tranquility Quilted, Grace Quilted, Lily, Dream, Topaz, Rock/Marble/Slate, Generations) = Innerspring",MATT,DIAMO,SPLIT CK DREAM GRAND PS
DREAMGRANDPT,Mattresses,Innerspring,"storefront/maker: coil-and-foam quilted lines (Tranquility Quilted, Grace Quilted, Lily, Dream, Topaz, Rock/Marble/Slate, Generations) = Innerspring",MATT,DIAMO,TWIN DREAM GRAND PLUSH
DREAMGRANDPTXL,Mattresses,Innerspring,"storefront/maker: coil-and-foam quilted lines (Tranquility Quilted, Grace Quilted, Lily, Dream, Topaz, Rock/Marble/Slate, Generations) = Innerspring",MATT,DIAMO,TWINXL DREAM GRAND PLUSH
DRJ2ME-1010,Mattresses,Innerspring,"storefront/maker: coil-and-foam quilted lines (Tranquility Quilted, Grace Quilted, Lily, Dream, Topaz, Rock/Marble/Slate, Generations) = Innerspring",MATT,DIAMO,TWIN JUSTICE MEDIUM T/T
DRJ2ME-1020,Mattresses,Innerspring,"storefront/maker: coil-and-foam quilted lines (Tranquility Quilted, Grace Quilted, Lily, Dream, Topaz, Rock/Marble/Slate, Generations) = Innerspring",MATT,DIAMO,TWINXL JUSTICE MEDIUM T/T
DRJ2ME-1030,Mattresses,Innerspring,"storefront/maker: coil-and-foam quilted lines (Tranquility Quilted, Grace Quilted, Lily, Dream, Topaz, Rock/Marble/Slate, Generations) = Innerspring",MATT,DIAMO,FULL JUSTICE MEDIUM T/T
DRJ2ME-1050,Mattresses,Innerspring,"storefront/maker: coil-and-foam quilted lines (Tranquility Quilted, Grace Quilted, Lily, Dream, Topaz, Rock/Marble/Slate, Generations) = Innerspring",MATT,DIAMO,QUEEN JUSTICE MEDIUM T/T
DRJ2ME-1070,Mattresses,Innerspring,"storefront/maker: coil-and-foam quilted lines (Tranquility Quilted, Grace Quilted, Lily, Dream, Topaz, Rock/Marble/Slate, Generations) = Innerspring",MATT,DIAMO,CAKING JUSTICE MEDIUM T/T
DRJ2ME-1080,Mattresses,Innerspring,"storefront/maker: coil-and-foam quilted lines (Tranquility Quilted, Grace Quilted, Lily, Dream, Topaz, Rock/Marble/Slate, Generations) = Innerspring",MATT,DIAMO,E KING JUSTICE MEDIUM T/T
ENGIA-1070,Mattresses,,inferred: placeholder / prototype / unknown maker,MATT,DIAMO,CAKING ENGIA
F217-5010,Foundations & Box Springs,"Standard Profile (8–9"")","description: 8""–9"" foundation",FOUND,DIAMO,"TWIN OVAL FEATHER FND 8"""
F217-5020,Foundations & Box Springs,"Standard Profile (8–9"")","description: 8""–9"" foundation",FOUND,DIAMO,"TWINXL OVAL FEATHER FND 8"""
F217-5030,Foundations & Box Springs,"Standard Profile (8–9"")","description: 8""–9"" foundation",FOUND,DIAMO,"FULL OVAL FEATHER FND 8"""
F217-5050,Foundations & Box Springs,"Standard Profile (8–9"")","description: 8""–9"" foundation",FOUND,DIAMO,"QUEEN OVAL FEATHER FND 8"""
F217-5070,Foundations & Box Springs,"Standard Profile (8–9"")","description: 8""–9"" foundation",FOUND,DIAMO,"SPLIT CK OVAL FEATHER FND 8"""
F217-5110,Foundations & Box Springs,"Low Profile (4–5"")","description: LP / 4"" / 5""",FOUND,DIAMO,"TWIN LP OVAL FEATHER FND 4"""
F217-5120,Foundations & Box Springs,"Low Profile (4–5"")","description: LP / 4"" / 5""",FOUND,DIAMO,"TWINXL LP OVAL FEATHER FND 4"""
F217-5130,Foundations & Box Springs,"Low Profile (4–5"")","description: LP / 4"" / 5""",FOUND,DIAMO,"FULL LP OVAL FEATHER FND 4"""
F217-5150,Foundations & Box Springs,"Low Profile (4–5"")","description: LP / 4"" / 5""",FOUND,DIAMO,"QUEEN LP OVAL FEATHER FND 4"""
F217-5170,Foundations & Box Springs,"Low Profile (4–5"")","description: LP / 4"" / 5""",FOUND,DIAMO,SPLIT CK LP OVAL FEATHER FND 4
F374-5050,Foundations & Box Springs,"Standard Profile (8–9"")","description: 8""–9"" foundation",FOUND,DIAMO,"QUEEN MARCUS FND 8"""
FBB-5210,Foundations & Box Springs,"Bunkie Board (2"")","description: BB / 2""",FOUND,DIAMO,"TWIN BB UNIVERSAL GREY FND 2"""
FBB-5220,Foundations & Box Springs,"Bunkie Board (2"")","description: BB / 2""",FOUND,DIAMO,"TWINXL BB UNIVERSAL GRE FND 2"""
FBB-5230,Foundations & Box Springs,"Bunkie Board (2"")","description: BB / 2""",FOUND,DIAMO,"FULL BB UNIVERSAL GREY FND 2"""
FBB-5250,Foundations & Box Springs,"Bunkie Board (2"")","description: BB / 2""",FOUND,DIAMO,"QUEEN BB UNIVERSAL GREY FND 2"""
FBB-5270,Foundations & Box Springs,"Bunkie Board (2"")","description: BB / 2""",FOUND,DIAMO,"SPLIT CK BB UNIVERSAL FND 2"""
GGFLME-1010,Mattresses,Memory Foam,"storefront/maker: all-foam (ProGel, Glory, Rally Foam, Float, Aura, Cheer, Surfside, Envoy, Technogel Armonia/Estasi/Favola)",MATT,DIAMO,TWIN FLOAT FOAM MEDIUM
GGFLME-1020,Mattresses,Memory Foam,"storefront/maker: all-foam (ProGel, Glory, Rally Foam, Float, Aura, Cheer, Surfside, Envoy, Technogel Armonia/Estasi/Favola)",MATT,DIAMO,TWINXL FLOAT FOAM MEDIUM
GGFLME-1030,Mattresses,Memory Foam,"storefront/maker: all-foam (ProGel, Glory, Rally Foam, Float, Aura, Cheer, Surfside, Envoy, Technogel Armonia/Estasi/Favola)",MATT,DIAMO,FULL FLOAT FOAM MEDIUM
GGFLME-1050,Mattresses,Memory Foam,"storefront/maker: all-foam (ProGel, Glory, Rally Foam, Float, Aura, Cheer, Surfside, Envoy, Technogel Armonia/Estasi/Favola)",MATT,DIAMO,QUEEN FLOAT FOAM MEDIUM
GGFLME-1080,Mattresses,Memory Foam,"storefront/maker: all-foam (ProGel, Glory, Rally Foam, Float, Aura, Cheer, Surfside, Envoy, Technogel Armonia/Estasi/Favola)",MATT,DIAMO,E KING FLOAT FOAM MEDIUM
GNDSPL-1080,Mattresses,Innerspring,"storefront/maker: coil-and-foam quilted lines (Tranquility Quilted, Grace Quilted, Lily, Dream, Topaz, Rock/Marble/Slate, Generations) = Innerspring",MATT,DIAMO,E KING DUCHESS LUXURY PLUSH
GNHL2P-1080,Mattresses,Innerspring,"storefront/maker: coil-and-foam quilted lines (Tranquility Quilted, Grace Quilted, Lily, Dream, Topaz, Rock/Marble/Slate, Generations) = Innerspring",MATT,DIAMO,E KING HERITAGE 2.0 LUXE PLUSH
KEYA,Mattresses,,inferred: placeholder / prototype / unknown maker,MATT,DIAMO,CKING MATT
LODIFM-101,Mattresses,Latex,storefront: Diamond natural latex line (Diana/Lucille/Jeremiah; Natasha shares the LO- latex SKU family),MATT,DIAMO,TWIN DIANA LATEX FIRM
LODIFM-1020,Mattresses,Latex,storefront: Diamond natural latex line (Diana/Lucille/Jeremiah; Natasha shares the LO- latex SKU family),MATT,DIAMO,TWINXL DIANA LATEX FIRM
LODIFM-1030,Mattresses,Latex,storefront: Diamond natural latex line (Diana/Lucille/Jeremiah; Natasha shares the LO- latex SKU family),MATT,DIAMO,FULL DIANA LATEX FIRM
LODIFM-1050,Mattresses,Latex,storefront: Diamond natural latex line (Diana/Lucille/Jeremiah; Natasha shares the LO- latex SKU family),MATT,DIAMO,QUEEN DIANA LATEX FIRM
LODIFM-1070,Mattresses,Latex,storefront: Diamond natural latex line (Diana/Lucille/Jeremiah; Natasha shares the LO- latex SKU family),MATT,DIAMO,CAKING DIANA LATEX FIRM
LODIFM-1080,Mattresses,Latex,storefront: Diamond natural latex line (Diana/Lucille/Jeremiah; Natasha shares the LO- latex SKU family),MATT,DIAMO,E KING DIANA LATEX FIRM
LODIME-1010,Mattresses,Latex,storefront: Diamond natural latex line (Diana/Lucille/Jeremiah; Natasha shares the LO- latex SKU family),MATT,DIAMO,TWIN DIANA LATEX MED
LODIME-1020,Mattresses,Latex,storefront: Diamond natural latex line (Diana/Lucille/Jeremiah; Natasha shares the LO- latex SKU family),MATT,DIAMO,TWINXL DIANA LATEX MED
LODIME-1030,Mattresses,Latex,storefront: Diamond natural latex line (Diana/Lucille/Jeremiah; Natasha shares the LO- latex SKU family),MATT,DIAMO,FULL DIANA LATEX MED
LODIME-1040,Mattresses,Latex,storefront: Diamond natural latex line (Diana/Lucille/Jeremiah; Natasha shares the LO- latex SKU family),MATT,DIAMO,FULLXL DIANA LATEX MED
LODIME-1050,Mattresses,Latex,storefront: Diamond natural latex line (Diana/Lucille/Jeremiah; Natasha shares the LO- latex SKU family),MATT,DIAMO,QUEEN DIANA LATEX MED
LODIME-1070,Mattresses,Latex,storefront: Diamond natural latex line (Diana/Lucille/Jeremiah; Natasha shares the LO- latex SKU family),MATT,DIAMO,CAKING DIANA LATEX MED
LODIME-1080,Mattresses,Latex,storefront: Diamond natural latex line (Diana/Lucille/Jeremiah; Natasha shares the LO- latex SKU family),MATT,DIAMO,E KING DIANA LATEX MED
LODIME-1171,Mattresses,Latex,storefront: Diamond natural latex line (Diana/Lucille/Jeremiah; Natasha shares the LO- latex SKU family),MATT,DIAMO,SPLITCK DIANA LATEX MED
LODIPL-1040,Mattresses,Latex,storefront: Diamond natural latex line (Diana/Lucille/Jeremiah; Natasha shares the LO- latex SKU family),MATT,DIAMO,FULLXL DIANA LATEX PLUSH
LODIPL-1050,Mattresses,Latex,storefront: Diamond natural latex line (Diana/Lucille/Jeremiah; Natasha shares the LO- latex SKU family),MATT,DIAMO,QUEEN DIANA LATEX PLUSH
LODIPL-1070,Mattresses,Latex,storefront: Diamond natural latex line (Diana/Lucille/Jeremiah; Natasha shares the LO- latex SKU family),MATT,DIAMO,CAKING DIANA LATEX PLUSH
LODIPL-1080,Mattresses,Latex,storefront: Diamond natural latex line (Diana/Lucille/Jeremiah; Natasha shares the LO- latex SKU family),MATT,DIAMO,E KING DIANA LATEX PLUSH
LODIPL-1110,Mattresses,Latex,storefront: Diamond natural latex line (Diana/Lucille/Jeremiah; Natasha shares the LO- latex SKU family),MATT,DIAMO,TWIN DIANA LATEX PLUSH
LOE2FM-1010,Mattresses,Memory Foam,"storefront/maker: all-foam (ProGel, Glory, Rally Foam, Float, Aura, Cheer, Surfside, Envoy, Technogel Armonia/Estasi/Favola)",MATT,DIAMO,TWIN ENVOY GEL FIRM
LOE2FM-1030,Mattresses,Memory Foam,"storefront/maker: all-foam (ProGel, Glory, Rally Foam, Float, Aura, Cheer, Surfside, Envoy, Technogel Armonia/Estasi/Favola)",MATT,DIAMO,FULL ENVOY GEL FIRM
LOE2PT-1010,Mattresses,Memory Foam,"storefront/maker: all-foam (ProGel, Glory, Rally Foam, Float, Aura, Cheer, Surfside, Envoy, Technogel Armonia/Estasi/Favola)",MATT,DIAMO,TWIN ENVOY GEL PT
LOJEME-1050,Mattresses,Latex,storefront: Diamond natural latex line (Diana/Lucille/Jeremiah; Natasha shares the LO- latex SKU family),MATT,DIAMO,QUEEN JEREMIAH LATEX MED
LOL2ET-1010,Mattresses,Innerspring,"storefront/maker: coil-and-foam quilted lines (Tranquility Quilted, Grace Quilted, Lily, Dream, Topaz, Rock/Marble/Slate, Generations) = Innerspring",MATT,DIAMO,TWIN LILY GEL MED E/T
LOL2ET-1020,Mattresses,Innerspring,"storefront/maker: coil-and-foam quilted lines (Tranquility Quilted, Grace Quilted, Lily, Dream, Topaz, Rock/Marble/Slate, Generations) = Innerspring",MATT,DIAMO,TWINXL LILY GEL MED E/T
LOL2ET-1030,Mattresses,Innerspring,"storefront/maker: coil-and-foam quilted lines (Tranquility Quilted, Grace Quilted, Lily, Dream, Topaz, Rock/Marble/Slate, Generations) = Innerspring",MATT,DIAMO,FULL LILY GEL MED E/T
LOL2ET-1050,Mattresses,Innerspring,"storefront/maker: coil-and-foam quilted lines (Tranquility Quilted, Grace Quilted, Lily, Dream, Topaz, Rock/Marble/Slate, Generations) = Innerspring",MATT,DIAMO,QUEEN LILY GEL MED E/T
LOL2ET-1070,Mattresses,Innerspring,"storefront/maker: coil-and-foam quilted lines (Tranquility Quilted, Grace Quilted, Lily, Dream, Topaz, Rock/Marble/Slate, Generations) = Innerspring",MATT,DIAMO,CAKING LILY GEL MED E/T
LOL2ET-1080,Mattresses,Innerspring,"storefront/maker: coil-and-foam quilted lines (Tranquility Quilted, Grace Quilted, Lily, Dream, Topaz, Rock/Marble/Slate, Generations) = Innerspring",MATT,DIAMO,E KING LILY GEL MED E/T
LOL2PT-1050,Mattresses,Innerspring,"storefront/maker: coil-and-foam quilted lines (Tranquility Quilted, Grace Quilted, Lily, Dream, Topaz, Rock/Marble/Slate, Generations) = Innerspring",MATT,DIAMO,QUEEN LILY PLUSH PILLOW TOP
LOL2PT-1080,Mattresses,Innerspring,"storefront/maker: coil-and-foam quilted lines (Tranquility Quilted, Grace Quilted, Lily, Dream, Topaz, Rock/Marble/Slate, Generations) = Innerspring",MATT,DIAMO,E KING LILY GEL PILLOW-TOP
LOLIFM-1050,Mattresses,Innerspring,"storefront/maker: coil-and-foam quilted lines (Tranquility Quilted, Grace Quilted, Lily, Dream, Topaz, Rock/Marble/Slate, Generations) = Innerspring",MATT,DIAMO,QUEEN LILY GEL FIRM T/T
LOLUFM-1010,Mattresses,Latex,storefront: Diamond natural latex line (Diana/Lucille/Jeremiah; Natasha shares the LO- latex SKU family),MATT,DIAMO,TWIN LUCILLE LATEX FIRM
LOLUFM-1020,Mattresses,Latex,storefront: Diamond natural latex line (Diana/Lucille/Jeremiah; Natasha shares the LO- latex SKU family),MATT,DIAMO,TWINXL LUCILLE LATEX FIRM
LOLUFM-1030,Mattresses,Latex,storefront: Diamond natural latex line (Diana/Lucille/Jeremiah; Natasha shares the LO- latex SKU family),MATT,DIAMO,FULL LUCILLE LATEX FIRM
LOLUFM-1040,Mattresses,Latex,storefront: Diamond natural latex line (Diana/Lucille/Jeremiah; Natasha shares the LO- latex SKU family),MATT,DIAMO,FULLXL LUCILLE LATEX FIRM
LOLUFM-1050,Mattresses,Latex,storefront: Diamond natural latex line (Diana/Lucille/Jeremiah; Natasha shares the LO- latex SKU family),MATT,DIAMO,QUEEN LUCILLE LATEX FIRM
LOLUFM-1070,Mattresses,Latex,storefront: Diamond natural latex line (Diana/Lucille/Jeremiah; Natasha shares the LO- latex SKU family),MATT,DIAMO,CAKING LUCILLE LATEX FIRM
LOLUFM-1080,Mattresses,Latex,storefront: Diamond natural latex line (Diana/Lucille/Jeremiah; Natasha shares the LO- latex SKU family),MATT,DIAMO,E KING LUCILLE LATEX FIRM
LOLUFM-66X80,Mattresses,Latex,storefront: Diamond natural latex line (Diana/Lucille/Jeremiah; Natasha shares the LO- latex SKU family),MATT,DIAMO,OLYMPIC QU. LUCILLE LATEX FM
LOLUME-1010,Mattresses,Latex,storefront: Diamond natural latex line (Diana/Lucille/Jeremiah; Natasha shares the LO- latex SKU family),MATT,DIAMO,TWIN LUCILLE LATEX MED
LOLUME-1020,Mattresses,Latex,storefront: Diamond natural latex line (Diana/Lucille/Jeremiah; Natasha shares the LO- latex SKU family),MATT,DIAMO,TWINXL LUCILLE LATEX MED
LOLUME-1030,Mattresses,Latex,storefront: Diamond natural latex line (Diana/Lucille/Jeremiah; Natasha shares the LO- latex SKU family),MATT,DIAMO,FULL LUCILLE LATEX MED
LOLUME-1050,Mattresses,Latex,storefront: Diamond natural latex line (Diana/Lucille/Jeremiah; Natasha shares the LO- latex SKU family),MATT,DIAMO,QUEEN LUCILLE LATEX MED
LOLUME-1070,Mattresses,Latex,storefront: Diamond natural latex line (Diana/Lucille/Jeremiah; Natasha shares the LO- latex SKU family),MATT,DIAMO,CAKING LUCILLE LATEX MED
LOLUME-1080,Mattresses,Latex,storefront: Diamond natural latex line (Diana/Lucille/Jeremiah; Natasha shares the LO- latex SKU family),MATT,DIAMO,E KING LUCILLE LATEX MED
LOLUPL-1010,Mattresses,Latex,storefront: Diamond natural latex line (Diana/Lucille/Jeremiah; Natasha shares the LO- latex SKU family),MATT,DIAMO,TWIN LUCILLE LATEX PLUSH
LOLUPL-1020,Mattresses,Latex,storefront: Diamond natural latex line (Diana/Lucille/Jeremiah; Natasha shares the LO- latex SKU family),MATT,DIAMO,TWINXL LUCILLE LATEX PLUSH
LOLUPL-1030,Mattresses,Latex,storefront: Diamond natural latex line (Diana/Lucille/Jeremiah; Natasha shares the LO- latex SKU family),MATT,DIAMO,FULL LUCILLE LATEX PLUSH
LOLUPL-1040,Mattresses,Latex,storefront: Diamond natural latex line (Diana/Lucille/Jeremiah; Natasha shares the LO- latex SKU family),MATT,DIAMO,FULLXL LUCILLE LATEX PLUSH
LOLUPL-1050,Mattresses,Latex,storefront: Diamond natural latex line (Diana/Lucille/Jeremiah; Natasha shares the LO- latex SKU family),MATT,DIAMO,QUEEN LUCILLE LATEX PLUSH
LOLUPL-1070,Mattresses,Latex,storefront: Diamond natural latex line (Diana/Lucille/Jeremiah; Natasha shares the LO- latex SKU family),MATT,DIAMO,CAKING LUCILLE LATEX PLUSH
LOLUPL-1080,Mattresses,Latex,storefront: Diamond natural latex line (Diana/Lucille/Jeremiah; Natasha shares the LO- latex SKU family),MATT,DIAMO,E KING LUCILLE LATEX PLUSH
LONAFM-1130,Mattresses,Latex,storefront: Diamond natural latex line (Diana/Lucille/Jeremiah; Natasha shares the LO- latex SKU family),MATT,DIAMO,FULL NATASHA FIRM
LONAFM-1150,Mattresses,Latex,storefront: Diamond natural latex line (Diana/Lucille/Jeremiah; Natasha shares the LO- latex SKU family),MATT,DIAMO,QUEEN NATASHA FIRM
LONAFM-1170,Mattresses,Latex,storefront: Diamond natural latex line (Diana/Lucille/Jeremiah; Natasha shares the LO- latex SKU family),MATT,DIAMO,CAKING NATASHA LATEX FIRM
LONAFM-1180,Mattresses,Latex,storefront: Diamond natural latex line (Diana/Lucille/Jeremiah; Natasha shares the LO- latex SKU family),MATT,DIAMO,E KING NATASHA LATEX FIRM
LONAME-1150,Mattresses,Latex,storefront: Diamond natural latex line (Diana/Lucille/Jeremiah; Natasha shares the LO- latex SKU family),MATT,DIAMO,QUEEN NATASHA MEDIUM
LONAME-1170,Mattresses,Latex,storefront: Diamond natural latex line (Diana/Lucille/Jeremiah; Natasha shares the LO- latex SKU family),MATT,DIAMO,CAKING NATASHA LATEX MEDIUM
LONAME-1180,Mattresses,Latex,storefront: Diamond natural latex line (Diana/Lucille/Jeremiah; Natasha shares the LO- latex SKU family),MATT,DIAMO,E KING NATASHA LATEX MEDIUM
NLPF12-1110,Mattresses,Hybrid,description: HYBRID,MATT,DIAMO,"TWIN PRO-GEL 12"" HYBRID FIRM"
NLPR08-1110,Mattresses,Memory Foam,"storefront/maker: all-foam (ProGel, Glory, Rally Foam, Float, Aura, Cheer, Surfside, Envoy, Technogel Armonia/Estasi/Favola)",MATT,DIAMO,"TWIN PRO-GEL 8"" GEL MEMORY"
NLPR08-1120,Mattresses,Memory Foam,"storefront/maker: all-foam (ProGel, Glory, Rally Foam, Float, Aura, Cheer, Surfside, Envoy, Technogel Armonia/Estasi/Favola)",MATT,DIAMO,"TWINXL PRO-GEL 8"" GEL MEMORY"
NLPR08-1130,Mattresses,Memory Foam,"storefront/maker: all-foam (ProGel, Glory, Rally Foam, Float, Aura, Cheer, Surfside, Envoy, Technogel Armonia/Estasi/Favola)",MATT,DIAMO,"FULL PRO-GEL 8"" GEL MEMORY"
NLPR08-1140,Mattresses,Memory Foam,"storefront/maker: all-foam (ProGel, Glory, Rally Foam, Float, Aura, Cheer, Surfside, Envoy, Technogel Armonia/Estasi/Favola)",MATT,DIAMO,"FULLXL PRO-GEL 8"" GEL MEMORY"
NLPR08-1150,Mattresses,Memory Foam,"storefront/maker: all-foam (ProGel, Glory, Rally Foam, Float, Aura, Cheer, Surfside, Envoy, Technogel Armonia/Estasi/Favola)",MATT,DIAMO,"QUEEN PRO-GEL 8"" GEL MEMORY"
NLPR08-1170,Mattresses,Memory Foam,"storefront/maker: all-foam (ProGel, Glory, Rally Foam, Float, Aura, Cheer, Surfside, Envoy, Technogel Armonia/Estasi/Favola)",MATT,DIAMO,"CAKING PRO-GEL 8"" GEL MEMORY"
NLPR08-1180,Mattresses,Memory Foam,"storefront/maker: all-foam (ProGel, Glory, Rally Foam, Float, Aura, Cheer, Surfside, Envoy, Technogel Armonia/Estasi/Favola)",MATT,DIAMO,"E KING PRO-GEL 8"" GEL MEMORY"
NLPR10-1110,Mattresses,Memory Foam,"storefront/maker: all-foam (ProGel, Glory, Rally Foam, Float, Aura, Cheer, Surfside, Envoy, Technogel Armonia/Estasi/Favola)",MATT,DIAMO,"TWIN PRO-GEL 10"" GEL MEMORY"
NLPR10-1130,Mattresses,Memory Foam,"storefront/maker: all-foam (ProGel, Glory, Rally Foam, Float, Aura, Cheer, Surfside, Envoy, Technogel Armonia/Estasi/Favola)",MATT,DIAMO,"FULL PRO-GEL 10"" GEL MEMORY"
NLPR12-1110,Mattresses,Hybrid,description: HYBRID,MATT,DIAMO,"TWIN PRO-GEL 12"" HYBRID MED"
RA3FCF-1110,Mattresses,Memory Foam,"storefront/maker: all-foam (ProGel, Glory, Rally Foam, Float, Aura, Cheer, Surfside, Envoy, Technogel Armonia/Estasi/Favola)",MATT,DIAMO,TWIN RALLY FOAM COOLING FIRM
RA3FCF-1120,Mattresses,Memory Foam,"storefront/maker: all-foam (ProGel, Glory, Rally Foam, Float, Aura, Cheer, Surfside, Envoy, Technogel Armonia/Estasi/Favola)",MATT,DIAMO,TWINXL RALLY FOAM COOLING FIRM
RA3FCF-1130,Mattresses,Memory Foam,"storefront/maker: all-foam (ProGel, Glory, Rally Foam, Float, Aura, Cheer, Surfside, Envoy, Technogel Armonia/Estasi/Favola)",MATT,DIAMO,FULL RALLY FOAM COOLING FIRM
RA3FCF-1150,Mattresses,Memory Foam,"storefront/maker: all-foam (ProGel, Glory, Rally Foam, Float, Aura, Cheer, Surfside, Envoy, Technogel Armonia/Estasi/Favola)",MATT,DIAMO,QUEEN RALLY FOAM COOLING FIRM
RA3FCF-1170,Mattresses,Memory Foam,"storefront/maker: all-foam (ProGel, Glory, Rally Foam, Float, Aura, Cheer, Surfside, Envoy, Technogel Armonia/Estasi/Favola)",MATT,DIAMO,CAKING RALLY FOAM COOLING FIRM
RA3FCF-1180,Mattresses,Memory Foam,"storefront/maker: all-foam (ProGel, Glory, Rally Foam, Float, Aura, Cheer, Surfside, Envoy, Technogel Armonia/Estasi/Favola)",MATT,DIAMO,E KING RALLY FOAM COOLING FIRM
RA3FCM-1110,Mattresses,Memory Foam,"storefront/maker: all-foam (ProGel, Glory, Rally Foam, Float, Aura, Cheer, Surfside, Envoy, Technogel Armonia/Estasi/Favola)",MATT,DIAMO,TWIN RALLY FOAM COOLING MED
RA3FCM-1120,Mattresses,Memory Foam,"storefront/maker: all-foam (ProGel, Glory, Rally Foam, Float, Aura, Cheer, Surfside, Envoy, Technogel Armonia/Estasi/Favola)",MATT,DIAMO,TWINXL RALLY FOAM COOLING MED
RA3FCM-1130,Mattresses,Memory Foam,"storefront/maker: all-foam (ProGel, Glory, Rally Foam, Float, Aura, Cheer, Surfside, Envoy, Technogel Armonia/Estasi/Favola)",MATT,DIAMO,FULL RALLY FOAM COOLING MED
RA3FCM-1150,Mattresses,Memory Foam,"storefront/maker: all-foam (ProGel, Glory, Rally Foam, Float, Aura, Cheer, Surfside, Envoy, Technogel Armonia/Estasi/Favola)",MATT,DIAMO,QUEEN RALLY FOAM COOLING MED
RA3FCM-1170,Mattresses,Memory Foam,"storefront/maker: all-foam (ProGel, Glory, Rally Foam, Float, Aura, Cheer, Surfside, Envoy, Technogel Armonia/Estasi/Favola)",MATT,DIAMO,CAKING RALLY FOAM COOLING MED
RA3FCM-1180,Mattresses,Memory Foam,"storefront/maker: all-foam (ProGel, Glory, Rally Foam, Float, Aura, Cheer, Surfside, Envoy, Technogel Armonia/Estasi/Favola)",MATT,DIAMO,E KING RALLY FOAM COOLING MED
RA3FCP-1120,Mattresses,Memory Foam,"storefront/maker: all-foam (ProGel, Glory, Rally Foam, Float, Aura, Cheer, Surfside, Envoy, Technogel Armonia/Estasi/Favola)",MATT,DIAMO,TWINXL RALLY FOAM COOLING PS
RA3FCP-1150,Mattresses,Memory Foam,"storefront/maker: all-foam (ProGel, Glory, Rally Foam, Float, Aura, Cheer, Surfside, Envoy, Technogel Armonia/Estasi/Favola)",MATT,DIAMO,QUEEN RALLY FOAM COOLING PLUSH
RA3FCP-1180,Mattresses,Memory Foam,"storefront/maker: all-foam (ProGel, Glory, Rally Foam, Float, Aura, Cheer, Surfside, Envoy, Technogel Armonia/Estasi/Favola)",MATT,DIAMO,E KING RALLY FOAM COOLING PS
RA3HCF-1110,Mattresses,Hybrid,description: HYBRID,MATT,DIAMO,TWIN RALLY HYBRID COOL FIRM
RA3HCF-1120,Mattresses,Hybrid,description: HYBRID,MATT,DIAMO,TWINXL RALLY HYBRID COOL FIRM
RA3HCF-1130,Mattresses,Hybrid,description: HYBRID,MATT,DIAMO,FULL RALLY HYBRID COOL FIRM
RA3HCF-1150,Mattresses,Hybrid,description: HYBRID,MATT,DIAMO,QUEEN RALLY HYBRID COOL FIRM
RA3HCF-1171,Mattresses,Hybrid,description: HYBRID,MATT,DIAMO,SPLITCK RALLY HYBRID COOL FIRM
RA3HCF-1180,Mattresses,Hybrid,description: HYBRID,MATT,DIAMO,E KING RALLY HYBRID COOL FIRM
RA3HCF-FXL,Mattresses,Hybrid,description: HYBRID,MATT,DIAMO,FULLXL RALLY HYBRID COOL FIRM
RA3HCM-1110,Mattresses,Hybrid,description: HYBRID,MATT,DIAMO,TWIN RALLY HYBRID COOL MED
RA3HCM-1120,Mattresses,Hybrid,description: HYBRID,MATT,DIAMO,TWINXL RALLY HYBRID COOL MED
RA3HCM-1130,Mattresses,Hybrid,description: HYBRID,MATT,DIAMO,FULL RALLY HYBRID COOL MED
RA3HCM-1150,Mattresses,Hybrid,description: HYBRID,MATT,DIAMO,QUEEN RALLY HYBRID COOL MED
RA3HCM-1170,Mattresses,Hybrid,description: HYBRID,MATT,DIAMO,CAKING RALLY HYBRID COOL MED
RA3HCM-1180,Mattresses,Hybrid,description: HYBRID,MATT,DIAMO,E KING RALLY HYBRID COOL MED
RA3HCM-FXL,Mattresses,Hybrid,description: HYBRID,MATT,DIAMO,FULLXL RALLY HYBRID COOL MED
RA3HCP-1120,Mattresses,Hybrid,description: HYBRID,MATT,DIAMO,TWINXL RALLY HYBRID COOL PLUSH
RA3HCP-1150,Mattresses,Hybrid,description: HYBRID,MATT,DIAMO,QUEEN RALLY HYBRID COOL PLUSH
RA3HCP-1170,Mattresses,Hybrid,description: HYBRID,MATT,DIAMO,CAKING RALLY HYBRID COOL PLUSH
RA3HCP-FXL,Mattresses,Hybrid,description: HYBRID,MATT,DIAMO,FULLXL RALLY HYBRID COOL PLUSH
SURFSIDEFMQ,Mattresses,Memory Foam,"storefront/maker: all-foam (ProGel, Glory, Rally Foam, Float, Aura, Cheer, Surfside, Envoy, Technogel Armonia/Estasi/Favola)",MATT,DIAMO,QUEEN SURFSIDE FIRM
TGARM3-1050,Mattresses,Memory Foam,"storefront/maker: all-foam (ProGel, Glory, Rally Foam, Float, Aura, Cheer, Surfside, Envoy, Technogel Armonia/Estasi/Favola)",MATT,DIAMO,QUEEN TECHNOGEL ARMONIA 3.0
TGEST3-1050,Mattresses,Memory Foam,"storefront/maker: all-foam (ProGel, Glory, Rally Foam, Float, Aura, Cheer, Surfside, Envoy, Technogel Armonia/Estasi/Favola)",MATT,DIAMO,QUEEN TECHNOGEL ESTASI 3.0
TGEST3-1080,Mattresses,Memory Foam,"storefront/maker: all-foam (ProGel, Glory, Rally Foam, Float, Aura, Cheer, Surfside, Envoy, Technogel Armonia/Estasi/Favola)",MATT,DIAMO,E KING TECHNOGEL ESTASI 3.0
TGFAV3-1080,Mattresses,Memory Foam,"storefront/maker: all-foam (ProGel, Glory, Rally Foam, Float, Aura, Cheer, Surfside, Envoy, Technogel Armonia/Estasi/Favola)",MATT,DIAMO,E KING TECHNOGEL FAVOLA 3.0
TGFAV3-10SPH80,Mattresses,Memory Foam,"storefront/maker: all-foam (ProGel, Glory, Rally Foam, Float, Aura, Cheer, Surfside, Envoy, Technogel Armonia/Estasi/Favola)",MATT,DIAMO,E KINGSPH TECHNOGEL FAVOLA 3.0
TGMELH-1050,Mattresses,Hybrid,description: HYBRID,MATT,DIAMO,QUEEN TECHNOGEL MELODIA HYBR.
ZADJU11-0050,Adjustable Bases,Adjustable Bed Bases,code: sized ADJ group,ADJUST,DIAMO,QUEEN ADJUST ES600
ZADJU11-0080,Adjustable Bases,Adjustable Bed Bases,code: sized ADJ group,ADJUST,DIAMO,E KING 1-PC ADJUST ES600
ZADJU12-0050,Adjustable Bases,Adjustable Bed Bases,maker: head-up adjustable base kit,ADJUST,DIAMO,QUEEN ELEVATE KIT
ZADJU12-0080,Adjustable Bases,Adjustable Bed Bases,maker: head-up adjustable base kit,ADJUST,DIAMO,E KING 1-PC ELEVATE KIT
6434-5/0,Mattresses,Innerspring,storefront: Micah / Royal Sands / Spruce = Innerspring; Lifetime Permatuft & Greenwood two-sided innerspring (maker),MATT,EASTMAN,QUEEN LIFETIME PERMATUFT FIRM
6730-6/6,Mattresses,Innerspring,storefront: Micah / Royal Sands / Spruce = Innerspring; Lifetime Permatuft & Greenwood two-sided innerspring (maker),MATT,EASTMAN,E KING GREENWOOD E/T
6755-4/6,Mattresses,Latex,storefront: Seville Latex / Avalon Latex Hybrid listed under Latex,MATT,EASTMAN,FULL SEVILLE LATEX EXTRA-FIRM
6756-4/6,Mattresses,Latex,storefront: Seville Latex / Avalon Latex Hybrid listed under Latex,MATT,EASTMAN,FULL SEVILLE LATEX LUX FIRM
6756-5/0,Mattresses,Latex,storefront: Seville Latex / Avalon Latex Hybrid listed under Latex,MATT,EASTMAN,QUEEN SEVILLE LATEX LUX FIRM
6756-6/6,Mattresses,Latex,storefront: Seville Latex / Avalon Latex Hybrid listed under Latex,MATT,EASTMAN,E KING SEVILLE LATEX LUX FIRM
6757-5/0,Mattresses,Latex,storefront: Seville Latex / Avalon Latex Hybrid listed under Latex,MATT,EASTMAN,QUEEN SEVILLE LATEX PLUSH
6757-6/6,Mattresses,Latex,storefront: Seville Latex / Avalon Latex Hybrid listed under Latex,MATT,EASTMAN,E KING SEVILLE LATEX PLUSH
7701-3/3,Mattresses,Innerspring,storefront: Micah / Royal Sands / Spruce = Innerspring; Lifetime Permatuft & Greenwood two-sided innerspring (maker),MATT,EASTMAN,TWIN MICAH EXTRA-FIRM
7701-39X84,Mattresses,Innerspring,storefront: Micah / Royal Sands / Spruce = Innerspring; Lifetime Permatuft & Greenwood two-sided innerspring (maker),MATT,EASTMAN,SPLIT CK MICAH EXTRA-FIRM
7701-3X,Mattresses,Innerspring,storefront: Micah / Royal Sands / Spruce = Innerspring; Lifetime Permatuft & Greenwood two-sided innerspring (maker),MATT,EASTMAN,TWINXL MICAH EXTRA-FIRM
7701-4/6,Mattresses,Innerspring,storefront: Micah / Royal Sands / Spruce = Innerspring; Lifetime Permatuft & Greenwood two-sided innerspring (maker),MATT,EASTMAN,FULL MICAH EXTRA-FIRM
7701-4XL,Mattresses,Innerspring,storefront: Micah / Royal Sands / Spruce = Innerspring; Lifetime Permatuft & Greenwood two-sided innerspring (maker),MATT,EASTMAN,FULLXL MICAH EXTRA-FIRM
7701-5/0,Mattresses,Innerspring,storefront: Micah / Royal Sands / Spruce = Innerspring; Lifetime Permatuft & Greenwood two-sided innerspring (maker),MATT,EASTMAN,QUEEN MICAH EXTRA-FIRM
7701-6/6,Mattresses,Innerspring,storefront: Micah / Royal Sands / Spruce = Innerspring; Lifetime Permatuft & Greenwood two-sided innerspring (maker),MATT,EASTMAN,E KING MICAH EXTRA-FIRM
7701-6/7,Mattresses,Innerspring,storefront: Micah / Royal Sands / Spruce = Innerspring; Lifetime Permatuft & Greenwood two-sided innerspring (maker),MATT,EASTMAN,CAKING MICAH EXTRA-FIRM
7703-3/3,Mattresses,Innerspring,storefront: Micah / Royal Sands / Spruce = Innerspring; Lifetime Permatuft & Greenwood two-sided innerspring (maker),MATT,EASTMAN,TWIN MICAH FIRM
7703-36X84,Mattresses,Innerspring,storefront: Micah / Royal Sands / Spruce = Innerspring; Lifetime Permatuft & Greenwood two-sided innerspring (maker),MATT,EASTMAN,SPLIT CK MICAH FIRM
7703-3X,Mattresses,Innerspring,storefront: Micah / Royal Sands / Spruce = Innerspring; Lifetime Permatuft & Greenwood two-sided innerspring (maker),MATT,EASTMAN,TWINXL MICAH FIRM
7703-4/6,Mattresses,Innerspring,storefront: Micah / Royal Sands / Spruce = Innerspring; Lifetime Permatuft & Greenwood two-sided innerspring (maker),MATT,EASTMAN,FULL MICAH FIRM
7703-4XL,Mattresses,Innerspring,storefront: Micah / Royal Sands / Spruce = Innerspring; Lifetime Permatuft & Greenwood two-sided innerspring (maker),MATT,EASTMAN,FULLXL MICAH FIRM
7703-5/0,Mattresses,Innerspring,storefront: Micah / Royal Sands / Spruce = Innerspring; Lifetime Permatuft & Greenwood two-sided innerspring (maker),MATT,EASTMAN,QUEEN MICAH FIRM
CM7200IV-HB-FQ,Bedroom Furniture,Headboards,description: HB / headboard,FURN,FOA,LEEROY
MT-FRM40-TXL,Bed Frames,Platform & Folding Frames,code: GROUP BEDFRA / platform bed base,BED,FOA,TWINXL FRAMOS BED FRAME
CM7200LB-HB-T,Bedroom Furniture,Headboards,description: HB / headboard,FURN,FOA,TWIN/TWINXL LEEROY II HB
CM7880GY-HB,Bedroom Furniture,Headboards,description: HB / headboard,FURN,FOA,QUEEN HASSELT GREY HEADBOARD
CM1477GY-BED,Bedroom Furniture,Daybeds & Sofa Beds,description: daybed / sofa bed,FURN,FOA,LYCORIS DAYBED
CM7386BK-D,Bedroom Furniture,"Dressers, Chests & Mirrors",description: dresser / chest / mirror,FURN,FOA,LENNART BLACK DRESSER
CM7416GY-F,Bedroom Furniture,Beds & Bed Pieces,"description: bed, footboard, rails, decking, panel",FURN,FOA,FULL ALISON BED GRAY
FM1206GR-BED,Bedroom Furniture,Daybeds & Sofa Beds,description: daybed / sofa bed,FURN,FOA,NARDI TWIN DAYBED W/ TRUNDLE
PL677YW-2PK,Pillows,Specialty & Kids Pillows,description: body pillow / pillow cub / decorative,PILLOW,FOA,FIFI PILLOW
CM-FC606,Bedroom Furniture,Living Room & Decor,code: GROUP LIVING / RUGS / DINE,FURN,FOA,SHERMAN OFFICE CHAIR
AM7971-Q,Bedroom Furniture,Headboards,description: HB / headboard,FURN,FOA,QUEEN ILA HEADBOARD
AM7971F,Bedroom Furniture,Headboards,description: HB / headboard,FURN,FOA,FULL ILA HEADBOARD
AM7971WH-EK,Bedroom Furniture,Headboards,description: HB / headboard,FURN,FOA,E KING WHITE ROCKWALL HB
AM7971WH-Q,Bedroom Furniture,Headboards,description: HB / headboard,FURN,FOA,QUEEN WHITE ROCKWALL HEADBOARD
CM7008EX-Q,Bedroom Furniture,Beds & Bed Pieces,"description: bed, footboard, rails, decking, panel",FURN,FOA,QUEEN WINN PARK BED
CM7051GR-HB-FQ,Bedroom Furniture,Headboards,description: HB / headboard,FURN,FOA,QN/FL HERSTAL GREEN HEADBOARD
CM7160BK-Q,Bedroom Furniture,Beds & Bed Pieces,"description: bed, footboard, rails, decking, panel",FURN,FOA,QUEEN BLACK CARLY PLAT. BED
CM7195N,Bedroom Furniture,Nightstands,description: nightstand,FURN,FOA,LORAINE NIGHT STAND
CM7386A-Q,Bedroom Furniture,Beds & Bed Pieces,"description: bed, footboard, rails, decking, panel",FURN,FOA,QUEEN LENNART OAK BED
CM7545CK,Bedroom Furniture,Beds & Bed Pieces,"description: bed, footboard, rails, decking, panel",FURN,FOA,CAKING BED CM7545CK
CM7556N,Bedroom Furniture,Nightstands,description: nightstand,FURN,FOA,DAPHNE NIGHTSTAND
CM7580GY-N,Bedroom Furniture,Nightstands,description: nightstand,FURN,FOA,BERENICE NIGHTSTAND GRAY
CM7628N,Bedroom Furniture,Nightstands,description: nightstand,FURN,FOA,JANEIRO RUSTIC NIGHTSTAND
CM7880BG-HB-FQ,Bedroom Furniture,Headboards,description: HB / headboard,FURN,FOA,FULL/QUEEN HASSELT HEADBOARD
CM7880GY-HB-EK,Bedroom Furniture,Headboards,description: HB / headboard,FURN,FOA,E KING GREY HASSELT HB
FM7213WN-Q-BED,Bedroom Furniture,Beds & Bed Pieces,"description: bed, footboard, rails, decking, panel",FURN,FOA,QUEEN KIRKHAM BED
L731201,Bedroom Furniture,Living Room & Decor,code: GROUP LIVING / RUGS / DINE,FURN,FOA,ZOE TABLE LAMP BLACK
L76297,Bedroom Furniture,Living Room & Decor,code: GROUP LIVING / RUGS / DINE,FURN,FOA,JESSICA TABLE LAMP CHAMPAGNE
L78106ES-2PK,Bedroom Furniture,Living Room & Decor,code: GROUP LIVING / RUGS / DINE,FURN,FOA,SUZY TABLE LAMP (2/B0X)
RG1037,Bedroom Furniture,Living Room & Decor,code: GROUP LIVING / RUGS / DINE,FURN,FOA,GRESFORD AREA RUG BEIGE/GRAY
RG5189M,Bedroom Furniture,Living Room & Decor,code: GROUP LIVING / RUGS / DINE,FURN,FOA,MED DEVELI AREA RUG GRAY
RG5189S,Bedroom Furniture,Living Room & Decor,code: GROUP LIVING / RUGS / DINE,FURN,FOA,SMALL DEVELI AREA RUG GRAY
RG5194M,Bedroom Furniture,Living Room & Decor,code: GROUP LIVING / RUGS / DINE,FURN,FOA,MED DEVELI AREA RUG CHARCOAL
RG5194S,Bedroom Furniture,Living Room & Decor,code: GROUP LIVING / RUGS / DINE,FURN,FOA,SMALL DEVELI AREA RUG CHARCOAL
