SKU,LOCATION,ON_HAND,AS_IS,MIN_STOCK,UNIT_COST
7703-6/6,Koreatown,0,0,0,468.00
7703-6/6,Warehouse,2,1,0,468.00
7703-6/7,Warehouse,0,0,0,468.00
7704-3/3,Koreatown,0,0,0,220.00
7704-3/3,Warehouse,0,0,0,220.00
7704-4/6,Warehouse,0,0,0,303.00
7704-5/0,Warehouse,0,0,0,358.00
7704-6/6,Warehouse,0,0,0,468.00
7705-3/3,Warehouse,0,0,0,248.00
7705-36X84,Warehouse,0,0,0,263.00
7705-3X,Warehouse,0,0,0,263.00
7705-4/6,Warehouse,0,0,0,330.00
7705-4XL,Warehouse,0,0,0,385.00
7705-5/0,Koreatown,1,1,0,385.00
7705-5/0,West LA,1,1,0,385.00
7705-5/0,Studio City,1,1,0,385.00
7705-5/0,Warehouse,3,1,0,385.00
7705-6/6,Warehouse,1,0,0,495.00
7705-6/7,Warehouse,0,0,0,495.00
7705-66x80,West LA,0,0,0,595.00
7705-66x80,Warehouse,0,0,0,595.00
7706-3/3,Warehouse,2,0,0,455.00
7706-3X,Warehouse,0,0,0,470.00
7706-4/6,Warehouse,0,0,0,515.00
7706-4XL,Warehouse,0,0,0,535.00
7706-5/0,Koreatown,0,0,0,535.00
7706-5/0,West LA,0,0,0,535.00
7706-5/0,La Brea,0,0,0,535.00
7706-5/0,Studio City,1,1,0,535.00
7706-5/0,Warehouse,0,0,0,535.00
7706-6/6,Warehouse,0,0,0,665.00
7706-6/7,Warehouse,1,0,0,665.00
7707-3/3,Koreatown,1,1,0,455.00
7707-3/3,Warehouse,0,0,0,455.00
7707-36X84,Warehouse,0,0,0,470.00
7707-4/6,Warehouse,0,0,0,515.00
7707-5/0,Koreatown,0,0,0,535.00
7707-5/0,West LA,0,0,0,535.00
7707-5/0,La Brea,0,0,0,535.00
7707-5/0,Warehouse,0,0,0,535.00
7707-6/6,Warehouse,0,0,0,665.00
7707-6/7,Warehouse,0,0,0,665.00
7708-3/3,Warehouse,0,0,0,480.00
7708-3X,Warehouse,0,0,0,495.00
7708-4/6,Warehouse,0,0,0,550.00
7708-5/0,Koreatown,0,0,0,570.00
7708-5/0,West LA,0,0,0,570.00
7708-5/0,La Brea,0,0,0,570.00
7708-5/0,Studio City,1,1,0,570.00
7708-5/0,Warehouse,0,0,0,570.00
7708-6/6,Warehouse,1,0,0,700.00
7708-6/7,Warehouse,0,0,0,700.00
7915-3/3,Warehouse,0,0,0,265.00
7915-3X,Warehouse,0,0,0,285.00
7915-4/6,Warehouse,0,0,0,355.00
7915-5/0,Koreatown,1,1,0,410.00
7915-5/0,West LA,0,0,0,410.00
7915-5/0,La Brea,0,0,0,410.00
7915-5/0,Studio City,1,1,0,410.00
7915-5/0,Warehouse,2,1,0,410.00
7915-6/6,Warehouse,1,1,0,530.00
7915-6/7,Warehouse,0,0,0,530.00
7917-3/3,Warehouse,0,0,0,265.00
7917-3X,Warehouse,0,0,0,285.00
7917-4/6,Warehouse,0,0,0,355.00
7917-5/0,Koreatown,1,1,0,410.00
7917-5/0,Warehouse,0,0,0,410.00
7917-6/6,Warehouse,0,0,0,530.00
7917-6/7,Warehouse,0,0,0,530.00
7919-3/3,Warehouse,0,0,0,295.00
7919-36X84,Warehouse,0,0,0,315.00
7919-3X,Warehouse,0,0,0,315.00
7919-4/6,Warehouse,0,0,0,385.00
7919-4XL,Warehouse,0,0,0,455.00
7919-5/0,Koreatown,1,1,0,455.00
7919-5/0,West LA,1,1,0,455.00
7919-5/0,La Brea,1,1,0,455.00
7919-5/0,Studio City,1,1,0,455.00
7919-5/0,Warehouse,2,0,0,455.00
7919-6/6,Warehouse,1,0,0,565.00
7919-6/7,Warehouse,0,0,0,565.00
7921-3/3,Warehouse,0,0,0,265.00
7921-3X,Warehouse,0,0,0,285.00
7921-4/6,Warehouse,0,0,0,355.00
7921-5/0,Koreatown,1,1,0,410.00
7921-5/0,West LA,1,1,0,410.00
7921-5/0,Warehouse,0,0,0,410.00
7921-6/6,Warehouse,0,0,0,530.00
7921-6/7,Warehouse,0,0,0,530.00
8070-3X,Warehouse,0,0,0,80.00
8070-5/0,Warehouse,0,0,0,100.00
8270-5/0,Warehouse,0,0,0,100.00
9610-3/3,Warehouse,0,0,0,370.00
9610-36X84,Warehouse,0,0,0,395.00
9610-3X,Warehouse,0,0,0,395.00
9610-4/6,Warehouse,0,0,0,470.00
9610-5/0,West LA,0,0,0,570.00
9610-5/0,Warehouse,0,0,0,570.00
9610-6/6,Warehouse,0,0,0,720.00
9610-6/7,Warehouse,0,0,0,720.00
9611-3/3,Warehouse,0,0,0,370.00
9611-36X84,Warehouse,0,0,0,395.00
9611-3X,Warehouse,1,0,0,395.00
9611-4/6,Warehouse,0,0,0,470.00
9611-5/0,Koreatown,0,0,0,570.00
9611-5/0,West LA,0,0,0,570.00
9611-5/0,Studio City,0,0,0,570.00
9611-5/0,Warehouse,0,0,0,570.00
9611-6/6,Warehouse,0,0,0,720.00
9611-6/7,Warehouse,0,0,0,720.00
1005-3/3,Warehouse,0,0,0,315.00
1005-3X,Warehouse,0,0,0,335.00
1005-4/6,Warehouse,0,0,0,405.00
1005-5/0,Koreatown,0,0,0,475.00
1005-5/0,West LA,0,0,0,475.00
1005-5/0,La Brea,0,0,0,475.00
1005-5/0,Studio City,0,0,0,475.00
1005-5/0,Warehouse,0,0,0,475.00
1005-6/6,Warehouse,0,0,0,595.00
1005-6/7,Warehouse,0,0,0,595.00
1010-3/3,Warehouse,0,0,0,315.00
1010-3X,Warehouse,0,0,0,335.00
1010-4/6,Warehouse,0,0,0,405.00
1010-5/0,Koreatown,0,0,0,475.00
1010-5/0,West LA,0,0,0,475.00
1010-5/0,La Brea,0,0,0,475.00
1010-5/0,Studio City,0,0,0,475.00
1010-5/0,Warehouse,0,0,0,475.00
1010-6/6,Koreatown,0,0,0,595.00
1010-6/6,Warehouse,0,0,0,595.00
1010-6/7,Warehouse,0,0,0,595.00
3020-3/3,Warehouse,0,0,0,315.00
3020-3X,Warehouse,1,0,0,335.00
3020-4/6,Warehouse,0,0,0,405.00
3020-5/0,Koreatown,1,1,0,475.00
3020-5/0,West LA,0,0,0,475.00
3020-5/0,La Brea,1,1,0,475.00
3020-5/0,Studio City,1,1,0,475.00
3020-5/0,Warehouse,3,1,0,475.00
3020-6/6,Warehouse,2,1,0,595.00
3020-6/7,Warehouse,1,1,0,595.00
3020-QFH,Warehouse,0,0,0,725.00
3022-3/3,Warehouse,0,0,0,315.00
3022-3X,Warehouse,0,0,0,335.00
3022-4/6,Warehouse,0,0,0,405.00
3022-5/0,Koreatown,1,1,0,475.00
3022-5/0,West LA,0,0,0,475.00
3022-5/0,La Brea,1,1,0,475.00
3022-5/0,Studio City,1,1,0,475.00
3022-5/0,Warehouse,2,1,0,475.00
3022-6/6,Koreatown,0,0,0,595.00
3022-6/6,Warehouse,1,0,0,595.00
3022-6/7,Warehouse,0,0,0,595.00
5335-4/6,Warehouse,0,0,0,269.00
5335-5/0,Warehouse,0,0,0,309.00
5335-6/6,Warehouse,0,0,0,389.00
5336-3/3,Warehouse,0,0,0,239.00
5336-5/0,Warehouse,0,0,0,339.00
5336-6/6,Warehouse,0,0,0,429.00
5337-3X,Warehouse,0,0,0,309.00
7700-3/3,Koreatown,1,1,0,140.00
7700-3/3,West LA,1,1,0,140.00
7700-3/3,La Brea,2,1,0,140.00
7700-3/3,Studio City,0,0,0,140.00
7700-3/3,Warehouse,3,0,0,140.00
7700-3X,Koreatown,1,1,0,180.00
7700-3X,Warehouse,0,0,0,180.00
7700-4/6,Warehouse,2,0,0,180.00
7700-5/0,Koreatown,0,0,0,210.00
7700-5/0,Warehouse,0,0,0,210.00
7700-6/6,Warehouse,1,0,0,285.00
7700-6/7,Warehouse,0,0,0,285.00
7702-3/3,La Brea,0,0,0,180.00
7702-3/3,Warehouse,0,0,0,180.00
7702-3X,Warehouse,0,0,0,240.00
7702-4/6,West LA,1,1,0,240.00
7702-4/6,Warehouse,0,0,0,240.00
7702-5/0,Warehouse,0,0,0,280.00
7702-6/6,Warehouse,0,0,0,355.00
7702-6/7,Warehouse,0,0,0,355.00
DIMPLEPROTFL,West LA,1,0,0,14.50
EF1.5FMTOPPERFL,Warehouse,1,1,0,35.74
EF1.5FMTOPPERQN,West LA,1,0,0,43.50
EF1.5FMTOPPERQN,La Brea,0,0,0,43.50
EF1.5FMTOPPERQN,Studio City,0,0,0,43.50
EF1.5FMTOPPERQN,Warehouse,0,0,0,43.50
EF3.0FMTOPPERCK,Warehouse,0,0,0,103.50
EF3.0FMTOPPERKG,Koreatown,0,0,0,102.50
ELXBTPAD-CK,Studio City,0,0,0,56.00
ELXBTPAD-CK,Warehouse,0,0,0,56.00
ELXBTPAD-KG,Warehouse,0,0,0,54.50
ELXBTPAS-QN,Koreatown,0,0,0,47.50
ELXBTPAS-QN,Studio City,0,0,0,47.50
ELXBTPAS-QN,Warehouse,0,0,0,47.50
ELXPWDLJAC-SINGLE,Koreatown,0,0,0,11.50
ELXPWDLJAC-SINGLE,West LA,0,0,0,11.50
ELXPWDLJAC-SINGLE,Warehouse,0,0,0,11.50
ELXPWDLJAC-UNC-BLUE,Koreatown,1,1,0,23.00
ELXPWDLJAC-UNC-BLUE,La Brea,0,0,0,23.00
ELXPWDLJAC-UNC-BLUE,Warehouse,1,1,0,23.00
GRENADAHB-GY-FQ,West LA,1,1,0,165.50
INVIS-ENC-CK,West LA,1,1,0,22.50
INVIS-ENC-CK,Warehouse,1,0,0,22.50
INVIS-ENC-KG,La Brea,1,0,0,22.00
INVIS-ENC-KG,Warehouse,1,0,0,22.00
INVIS-ENC-TXL,West LA,1,0,0,14.50
TERRYPROTFL,La Brea,1,0,0,13.00
TERRYPROTKG,Warehouse,2,2,0,16.50
TERRYPROTQN,Warehouse,2,2,0,14.50
TERRYPROTTW,Studio City,1,0,0,12.00
TERRYPROTTW,Warehouse,3,3,0,12.00
Z1ENAD1PB1-6080,Warehouse,0,0,0,1079.00
Z1ENEX1FT1-6080,Warehouse,0,0,0,436.00
Z1ENEX1PP1-7284,Warehouse,0,0,0,673.00
Z1ENGR1FT1-3684,Warehouse,0,0,0,255.00
Z1ENGR1FT1-3974,Warehouse,1,0,0,243.00
Z1ENGR1FT1-3980,Warehouse,0,0,0,255.00
Z1ENGR1FT1-5474,Warehouse,0,0,0,299.00
Z1ENGR1FT1-5480XL,Warehouse,0,0,0,331.00
Z1ENGR1FT1-6080,Koreatown,0,0,0,331.00
Z1ENGR1FT1-6080,West LA,0,0,0,331.00
Z1ENGR1FT1-6080,Warehouse,0,0,0,331.00
Z1ENGR1FT1-7284,Warehouse,0,0,0,436.00
Z1ENGR1FT1-7680,Warehouse,0,0,0,436.00
Z1ENGR1PP1-3684,Warehouse,0,0,0,288.00
Z1ENGR1PP1-3974,Warehouse,0,0,0,275.00
Z1ENGR1PP1-3980,Warehouse,0,0,0,288.00
Z1ENGR1PP1-5474,Warehouse,0,0,0,326.00
Z1ENGR1PP1-5480XL,Warehouse,0,0,0,357.00
Z1ENGR1PP1-6080,Koreatown,0,0,0,357.00
Z1ENGR1PP1-6080,Warehouse,0,0,0,357.00
Z1ENGR1PP1-7284,Warehouse,0,0,0,453.00
Z1ENGR1PP1-7680,Warehouse,0,0,0,453.00
Z4ENAY1PP1-7680,Warehouse,0,0,0,526.00
BT2000Q,Koreatown,0,0,0,299.00
BT2000Q,West LA,0,0,0,299.00
BT2000Q,La Brea,0,0,0,299.00
BT2000Q,Studio City,0,0,0,299.00
BT2000Q,Warehouse,0,0,0,299.00
BT4000K,Koreatown,0,0,0,649.00
BT4000K,La Brea,0,0,0,649.00
BT4000K,Warehouse,1,1,0,649.00
H100IRQ,Warehouse,0,0,0,379.00
LUX-1050,Warehouse,0,0,0,275.00
LUX-1250,Warehouse,0,0,0,325.00
PC1450,Warehouse,0,0,0,329.00
SERVICE001,Warehouse,0,0,0,0.00
SERVICE002,Warehouse,0,0,0,0.00
801.0,La Brea,0,0,0,9.00
801.0,Studio City,10,10,0,9.00
CKS,Koreatown,3,0,0,14.00
CKS,West LA,8,0,0,14.00
CKS,La Brea,4,0,0,14.00
CKS,Studio City,1,0,0,14.00
CKS,Warehouse,86,1,0,14.00
FLC,Warehouse,14,0,0,16.00
FLS,Koreatown,1,0,0,10.00
FLS,Warehouse,12,1,0,10.00
KCP,West LA,26,0,0,9.00
KCP,La Brea,3,0,0,9.00
KCP,Studio City,12,0,0,9.00
KSP,Koreatown,5,0,0,18.00
KSP,West LA,17,0,0,18.00
KSP,La Brea,7,0,0,18.00
KSP,Studio City,16,0,0,18.00
QC,Studio City,1,1,0,17.00
QCP,Studio City,7,0,0,8.00
QSP,West LA,15,1,0,15.00
QSP,Studio City,2,0,0,15.00
QSP,Warehouse,1,1,0,15.00
SCKC,La Brea,1,0,0,15.00
SCKC,Warehouse,23,0,0,15.00
SCKS,Warehouse,41,0,0,13.00
SG-SZ-T,Koreatown,1,0,0,30.00
TLC,Warehouse,1,1,0,15.00
TLS,La Brea,0,0,0,13.00
0075-3/3,Warehouse,0,0,0,83.00
0075-36X84,Warehouse,0,0,0,89.00
0075-3X,Warehouse,0,0,0,89.00
0075-4/6,Warehouse,0,0,0,108.00
0075-5/0,Warehouse,0,0,0,119.00
0076-3/3,Warehouse,0,0,0,83.00
0076-3X,Warehouse,0,0,0,89.00
0076-4/6,Warehouse,0,0,0,108.00
0076-5/0,Warehouse,0,0,0,119.00
1050-6/6,Warehouse,0,0,0,335.00
1050-6/7,Warehouse,0,0,0,335.00
1055-3/3,West LA,1,1,0,275.00
1055-3/3,Warehouse,0,0,0,275.00
1055-3X,Warehouse,0,0,0,300.00
1055-4/6,Warehouse,0,0,0,350.00
1055-5/0,Warehouse,0,0,0,470.00
1055-6/6,Warehouse,0,0,0,525.00
1055-6/7,Warehouse,1,1,0,525.00
1060-3/3,Warehouse,0,0,0,490.00
1060-4/6,Warehouse,0,0,0,570.00
1060-5/0,Warehouse,0,0,0,730.00
1060-6/6,Warehouse,0,0,0,890.00
1060-6/7,Warehouse,0,0,0,890.00
1065-3/3,Warehouse,0,0,0,590.00
1065-4/6,Warehouse,0,0,0,760.00
1065-5/0,West LA,0,0,0,940.00
1065-5/0,Studio City,0,0,0,940.00
1065-5/0,Warehouse,0,0,0,940.00
1065-6/6,Warehouse,0,0,0,1100.00
1065-6/7,Warehouse,0,0,0,1100.00
1075-5/0,Warehouse,0,0,0,1000.00
HEBS46-5475,Warehouse,0,0,0,631.00
HEBS50-6080,Warehouse,0,0,0,663.00
HEXDUC50-6080,Warehouse,0,0,0,717.00
HEXELITEMI_FP-6080,Koreatown,1,1,0,973.00
HEXELITEMI_FP-6080,West LA,1,1,0,973.00
HEXELITEMI_FP-6080,La Brea,1,1,0,973.00
HEXELITEMI_FP-6080,Studio City,1,1,0,973.00
HEXELITEMI_FP-6080,Warehouse,2,0,0,973.00
HEXELITEMI_FP-7284,Warehouse,1,1,0,1129.00
HEXELITEMI_FP-7680,Warehouse,3,0,0,1126.00
HEXELITETW_FP-6080,Koreatown,1,1,0,973.00
HEXELITETW_FP-6080,West LA,1,1,0,973.00
HEXELITETW_FP-6080,La Brea,1,1,0,973.00
HEXELITETW_FP-6080,Studio City,1,1,0,973.00
HEXELITETW_FP-6080,Warehouse,5,3,0,973.00
HEXELITETW_FP-7284,Warehouse,0,0,0,1129.00
HEXELITETW_FP-7680,Warehouse,0,0,0,1126.00
HEXMI66-7680,Warehouse,0,0,0,777.00
HEXMICK66-7680,Warehouse,0,0,0,911.00
HEXMIC_FP-3975,Warehouse,0,0,0,446.00
HEXMIC_FP-5475,Warehouse,0,0,0,595.00
HEXMIC_FP-6080,Koreatown,1,1,0,677.00
HEXMIC_FP-6080,West LA,1,1,0,677.00
HEXMIC_FP-6080,La Brea,1,1,0,677.00
HEXMIC_FP-6080,Studio City,1,1,0,677.00
HEXMIC_FP-6080,Warehouse,3,0,0,677.00
HEXMIC_FP-7284,Warehouse,1,0,0,806.00
HEXMIC_FP-7680,Warehouse,3,0,0,803.00
HEXMIL66-7680,Warehouse,0,0,0,848.00
HEXMILC-7680,Warehouse,0,0,0,917.00
HEXMILC66-7680,Warehouse,0,0,0,858.00
HEXMILC67-7284,Warehouse,1,1,0,917.00
HEXMILCK66-7680,Warehouse,0,0,0,967.00
HEXSMIC66-7680,Warehouse,0,0,0,591.00
HEXSMIL-7284,Warehouse,0,0,0,590.00
HEXSMIL50-6080,Warehouse,0,0,0,476.00
HEXSMI_FP-3975,Warehouse,0,0,0,262.00
HEXSMI_FP-5475,Warehouse,1,0,0,343.00
HEXSMI_FP-6080,Koreatown,1,1,0,379.00
HEXSMI_FP-6080,West LA,1,1,0,379.00
HEXSMI_FP-6080,La Brea,0,0,0,379.00
HEXSMI_FP-6080,Studio City,1,1,0,379.00
HEXSMI_FP-6080,Warehouse,2,0,0,379.00
HEXSMI_FP-7284,Warehouse,1,0,0,470.00
HEXSMI_FP-7680,Warehouse,0,0,0,468.00
HEXSSU_FP-6080,Warehouse,0,0,0,379.00
HEXSTW_FP-3975,Warehouse,3,0,0,262.00
HEXSTW_FP-3980,Warehouse,0,0,0,296.00
HEXSTW_FP-5475,Warehouse,2,1,0,343.00
HEXSTW_FP-6080,Koreatown,1,1,0,379.00
HEXSTW_FP-6080,West LA,1,1,0,379.00
HEXSTW_FP-6080,La Brea,1,1,0,379.00
HEXSTW_FP-6080,Studio City,1,1,0,379.00
HEXSTW_FP-6080,Warehouse,1,0,0,379.00
HEXSTW_FP-7284,Warehouse,0,0,0,470.00
HEXSTW_FP-7680,Warehouse,1,0,0,468.00
HEXTWC_FP-3975,Warehouse,0,0,0,446.00
HEXTWC_FP-5475,Warehouse,0,0,0,595.00
HEXTWC_FP-6080,Koreatown,1,1,0,677.00
HEXTWC_FP-6080,West LA,1,1,0,677.00
HEXTWC_FP-6080,La Brea,1,1,0,677.00
HEXTWC_FP-6080,Studio City,1,1,0,677.00
HEXTWC_FP-6080,Warehouse,3,0,0,677.00
HEXTWC_FP-7284,Warehouse,2,0,0,806.00
HEXTWC_FP-7680,Warehouse,3,0,0,803.00
1139-2,Warehouse,0,0,0,65.00
1154-2,Warehouse,1,0,0,70.00
1160-2,Koreatown,0,0,0,80.00
1160-2,West LA,4,4,0,80.00
1160-2,La Brea,0,0,0,80.00
1160-2,Studio City,1,1,0,80.00
1160-2,Warehouse,1,0,0,80.00
1172-2,West LA,0,0,0,90.00
1172-2,Warehouse,1,1,0,90.00
1176-2,West LA,0,0,0,90.00
1176-2,Warehouse,3,0,0,90.00
2139-1T,Warehouse,0,0,0,120.00
2139-2T,Warehouse,0,0,0,120.00
2139-3T,Warehouse,0,0,0,120.00
2139-4T,Warehouse,0,0,0,120.00
2139-5T,Warehouse,0,0,0,120.00
2139XL-1,Warehouse,0,0,0,125.00
2139XL-2,Warehouse,0,0,0,125.00
2139XL-3,Warehouse,0,0,0,125.00
2139XL-4,Warehouse,0,0,0,125.00
2139XL-5,Warehouse,0,0,0,125.00
2154-1F,Warehouse,0,0,0,135.00
2154-2F,Warehouse,0,0,0,135.00
2154-3F,Koreatown,0,0,0,135.00
2154-3F,Warehouse,0,0,0,135.00
2154-4F,Studio City,1,1,0,135.00
2154-4F,Warehouse,0,0,0,135.00
2154-5F,Warehouse,0,0,0,135.00
2160-1Q,Koreatown,0,0,0,150.00
2160-1Q,West LA,0,0,0,150.00
2160-1Q,La Brea,0,0,0,150.00
2160-1Q,Warehouse,0,0,0,150.00
2160-2Q,Koreatown,0,0,0,150.00
2160-2Q,West LA,0,0,0,150.00
2160-2Q,La Brea,2,2,0,150.00
2160-2Q,Studio City,2,2,0,150.00
2160-2Q,Warehouse,1,1,0,150.00
2160-3Q,Koreatown,1,1,0,150.00
2160-3Q,West LA,3,3,0,150.00
2160-3Q,La Brea,2,2,0,150.00
2160-3Q,Studio City,1,1,0,150.00
2160-3Q,Warehouse,0,0,0,150.00
2160-4Q,West LA,0,0,0,150.00
2160-4Q,Warehouse,0,0,0,150.00
2160-5Q,Warehouse,0,0,0,150.00
2172-1CK,Warehouse,0,0,0,175.00
2172-2CK,Koreatown,1,1,0,175.00
2172-2CK,Warehouse,1,1,0,175.00
2172-3CK,West LA,2,2,0,175.00
2172-3CK,Warehouse,2,2,0,175.00
2172-4CK,Warehouse,1,0,0,175.00
2176-1K,Warehouse,0,0,0,175.00
2176-2K,Koreatown,0,0,0,175.00
2176-2K,La Brea,0,0,0,175.00
2176-2K,Studio City,1,1,0,175.00
2176-2K,Warehouse,0,0,0,175.00
2176-3K,West LA,0,0,0,175.00
2176-3K,Warehouse,0,0,0,175.00
2176-4K,Studio City,1,1,0,185.00
2176-4K,Warehouse,0,0,0,185.00
2176-5K,Warehouse,0,0,0,175.00
38G,Koreatown,2,2,0,23.00
38G,West LA,1,0,0,23.00
38G,La Brea,2,2,0,23.00
38G,Studio City,4,3,0,23.00
38G,Warehouse,20,2,0,23.00
4139-4T,Warehouse,0,0,0,150.00
4139XL-4,Warehouse,0,0,0,175.00
4154-2F,Warehouse,0,0,0,150.00
4160-1Q,Warehouse,0,0,0,175.00
4160-2Q,Warehouse,0,0,0,175.00
4172-2CK,Warehouse,0,0,0,200.00
4176-1EK,Warehouse,0,0,0,200.00
4176-2EK,Warehouse,0,0,0,200.00
4176-4EK,Warehouse,0,0,0,200.00
4650G,Koreatown,6,5,0,38.00
4650G,West LA,7,5,0,38.00
4650G,La Brea,0,0,0,38.00
4650G,Studio City,9,7,0,38.00
4650G,Warehouse,40,2,0,38.00
6078G,Koreatown,5,4,0,44.00
6078G,West LA,1,0,0,44.00
6078G,La Brea,2,0,0,44.00
6078G,Studio City,0,0,0,44.00
6078G,Warehouse,32,8,0,44.00
BEDBEAM-CK,Warehouse,0,0,0,85.00
BEDBEAM-EK,Warehouse,0,0,0,85.00
BEDBEAM-F,Warehouse,0,0,0,65.00
BEDBEAM-Q,Warehouse,0,0,0,75.00
EK-BOLT-IN-RAILS,Warehouse,0,0,0,74.95
K/Q-WHEELS-KNICK,Koreatown,0,0,0,9.00
K/Q-WHEELS-KNICK,La Brea,0,0,0,9.00
K/Q-WHEELS-KNICK,Studio City,0,0,0,9.00
K/Q-WHEELS-KNICK,Warehouse,0,0,0,9.00
KB2007-G,Warehouse,1,0,0,59.95
KB618,Koreatown,0,0,0,49.95
KB618,West LA,0,0,0,49.95
KB618,Warehouse,0,0,0,49.95
LAZARBEAM-CK,Warehouse,0,0,0,50.00
LAZARBEAM-EK,Warehouse,0,0,0,45.00
LAZARBEAM-F,Warehouse,0,0,0,35.00
LAZARBEAM-Q,Warehouse,0,0,0,40.00
SM-SC-BIFD-75F,Warehouse,0,0,0,200.00
T/F-WHEELS-KNICK,Koreatown,0,0,0,6.00
T/F-WHEELS-KNICK,La Brea,0,0,0,6.00
T/F-WHEELS-KNICK,Warehouse,0,0,0,6.00
WHEEL-KNICK,Koreatown,0,0,0,1.50
WHEEL-KNICK,La Brea,6,0,0,1.50
WHEEL-KNICK,Studio City,0,0,0,1.50
WHEEL-KNICK,Warehouse,69,0,0,1.50
420059,Warehouse,1,0,0,54.60
420221,Koreatown,1,1,0,25.00
420298,Warehouse,2,0,0,16.30
420546,Warehouse,1,0,0,15.00
426207,Warehouse,2,0,0,15.00
426210,Warehouse,2,0,0,25.00
434077-6974,Warehouse,1,0,0,20.00
571083,Warehouse,1,0,0,83.50
571083-BLACK,Warehouse,1,0,0,20.00
QD0120,Studio City,0,0,0,20.00
QD0121,La Brea,0,0,0,20.00
QD0122,La Brea,0,0,0,23.00
QD0124,La Brea,0,0,0,29.00
QD0129,La Brea,0,0,0,29.00
QD0181,Koreatown,0,0,0,16.95
QD0182,Koreatown,0,0,0,16.95
QD0182,West LA,12,0,0,16.95
QD0270,West LA,2,0,0,36.95
QD0270,Studio City,0,0,0,36.95
QD0270,Warehouse,1,0,0,36.95
MA0001UPLCKCH,Warehouse,0,0,0,215.00
MA0001UPLFFCH,Warehouse,0,0,0,135.00
MA0001UPLKKCH,Warehouse,0,0,0,215.00
MA0001UPLQQCH,Warehouse,0,0,0,150.00
MA03CKOPTS,Koreatown,0,0,0,71.00
MA03CKOPTS,Warehouse,0,0,0,71.00
MA03FFWHTS,Koreatown,0,0,0,62.00
MA03FFWHTS,La Brea,0,0,0,62.00
MA03FFWHTS,Studio City,0,0,0,62.00
MA03FFWHTS,Warehouse,0,0,0,62.00
MA03KKDUTS,Koreatown,0,0,0,70.00
MA03KKDUTS,West LA,0,0,0,70.00
MA03KKDUTS,Studio City,1,0,0,70.00
MA03KKDUTS,Warehouse,0,0,0,70.00
MA03KKHATS,Koreatown,0,0,0,64.00
MA03KKHATS,Warehouse,0,0,0,64.00
MA03KKWHTS,Koreatown,0,0,0,70.00
MA03KKWHTS,West LA,0,0,0,70.00
MA03KKWHTS,Studio City,0,0,0,70.00
MA03KKWHTS,Warehouse,0,0,0,70.00
MA03QQDUTC,Warehouse,0,0,0,18.00
MA03QQECTC,Warehouse,0,0,0,18.00
MA03QQECTS,West LA,1,0,0,65.00
MA03QQECTS,La Brea,0,0,0,65.00
MA03QQECTS,Studio City,0,0,0,65.00
MA03QQECTS,Warehouse,0,0,0,65.00
MA03QQHATC,West LA,0,0,0,17.00
MA03QQHATC,Warehouse,0,0,0,17.00
MA03QQHATS,Koreatown,0,0,0,59.00
MA03QQHATS,West LA,0,0,0,59.00
MA03QQHATS,Warehouse,0,0,0,59.00
MA03QQIVTC,Warehouse,0,0,0,17.00
MA03QQOPTC,Koreatown,0,0,0,18.00
MA03QQOPTC,West LA,1,0,0,18.00
MA03QQOPTC,La Brea,1,0,0,18.00
MA03QQOPTC,Studio City,1,0,0,18.00
MA03QQOPTC,Warehouse,3,0,0,18.00
MA03QQOPTS,Koreatown,0,0,0,65.00
MA03QQOPTS,La Brea,0,0,0,65.00
MA03QQOPTS,Studio City,0,0,0,65.00
MA03QQOPTS,Warehouse,0,0,0,65.00
MA03QQWHTC,Koreatown,1,0,0,18.00
MA03QQWHTC,West LA,1,0,0,18.00
MA03QQWHTC,La Brea,1,0,0,18.00
MA03QQWHTC,Studio City,0,0,0,18.00
MA03QQWHTC,Warehouse,0,0,0,18.00
MA03QQWHTS,Koreatown,0,0,0,65.00
MA03QQWHTS,West LA,1,0,0,65.00
MA03QQWHTS,La Brea,1,0,0,65.00
MA03QQWHTS,Warehouse,0,0,0,65.00
MA03SKDUTS,Warehouse,0,0,0,85.00
MA06QQIVCS,West LA,1,0,0,45.00
MA06QQIVCS,Warehouse,0,0,0,45.00
MA12CKSACS,Warehouse,0,0,0,54.00
MA12CKSGCS,Warehouse,0,0,0,54.00
MA12FFSGCS,Koreatown,0,0,0,46.00
MA12FFSGCS,Warehouse,0,0,0,46.00
MA12FFWHCS,Koreatown,0,0,0,46.00
MA12FFWHCS,Warehouse,0,0,0,46.00
MA12KKSACS,Warehouse,0,0,0,21.98
MA12KKSGCS,Koreatown,0,0,0,54.00
MA12KKSGCS,Studio City,0,0,0,54.00
MA12KKSGCS,Warehouse,0,0,0,54.00
MA12KKWHCS,Koreatown,0,0,0,54.00
MA12KKWHCS,Warehouse,0,0,0,54.00
MA12QQFGCC,Warehouse,0,0,0,15.00
MA12QQSACC,Warehouse,0,0,0,15.00
MA12QQSACS,Koreatown,0,0,0,49.00
MA12QQSACS,West LA,0,0,0,49.00
MA12QQSACS,La Brea,0,0,0,49.00
MA12QQSACS,Studio City,0,0,0,49.00
MA12QQSACS,Warehouse,0,0,0,49.00
MA12QQSGCC,Koreatown,1,0,0,15.00
MA12QQSGCC,West LA,1,0,0,15.00
MA12QQSGCC,La Brea,1,0,0,15.00
MA12QQSGCC,Studio City,1,0,0,15.00
MA12QQSGCC,Warehouse,0,0,0,15.00
MA12QQWHCC,Koreatown,1,0,0,15.00
MA12QQWHCC,West LA,0,0,0,15.00
MA12QQWHCC,La Brea,1,0,0,15.00
MA12QQWHCC,Studio City,0,0,0,15.00
MA12QQWHCC,Warehouse,0,0,0,15.00
MA12QQWHCS,Koreatown,0,0,0,49.00
MA12QQWHCS,West LA,0,0,0,49.00
MA12QQWHCS,La Brea,0,0,0,49.00
MA12QQWHCS,Studio City,0,0,0,49.00
MA12QQWHCS,Warehouse,0,0,0,49.00
MA12TTSACS,Koreatown,0,0,0,44.00
MA12TTSACS,Warehouse,0,0,0,44.00
MA12TTSGCS,Warehouse,0,0,0,44.00
MA25CKRABS,Koreatown,0,0,0,71.00
MA25CKRABS,Studio City,0,0,0,71.00
MA25CKRABS,Warehouse,0,0,0,71.00
MA25CKWHBS,Koreatown,1,0,0,71.00
MA25CKWHBS,Warehouse,0,0,0,71.00
MA25FFWHBS,Koreatown,0,0,0,62.00
MA25FFWHBS,Studio City,1,0,0,62.00
MA25FFWHBS,Warehouse,0,0,0,62.00
MA25KKDRBS,Koreatown,0,0,0,70.00
MA25KKDRBS,West LA,0,0,0,70.00
MA25KKDRBS,La Brea,0,0,0,70.00
MA25KKDRBS,Studio City,0,0,0,70.00
MA25KKDRBS,Warehouse,0,0,0,70.00
MA25KKRABS,Warehouse,0,0,0,70.00
MA25KKWHBS,Koreatown,0,0,0,70.00
MA25KKWHBS,West LA,0,0,0,70.00
MA25KKWHBS,La Brea,0,0,0,70.00
MA25KKWHBS,Studio City,0,0,0,70.00
MA25KKWHBS,Warehouse,0,0,0,70.00
MA25QQASBC,Warehouse,0,0,0,18.00
MA25QQASBS,Koreatown,0,0,0,65.00
MA25QQASBS,West LA,0,0,0,65.00
MA25QQASBS,La Brea,0,0,0,65.00
MA25QQASBS,Studio City,1,0,0,65.00
MA25QQASBS,Warehouse,0,0,0,65.00
MA25QQDRBC,Koreatown,0,0,0,18.00
MA25QQDRBC,Warehouse,0,0,0,18.00
MA25QQDRBS,Koreatown,0,0,0,65.00
MA25QQDRBS,La Brea,0,0,0,65.00
MA25QQDRBS,Warehouse,0,0,0,65.00
MA25QQIVBC,Warehouse,0,0,0,17.00
MA25QQRABC,Warehouse,0,0,0,18.00
MA25QQWHBC,Warehouse,0,0,0,18.00
MA25QQWHBS,Koreatown,0,0,0,65.00
MA25QQWHBS,West LA,0,0,0,65.00
MA25QQWHBS,La Brea,0,0,0,65.00
MA25QQWHBS,Warehouse,0,0,0,65.00
MA25SKWHBS,Warehouse,0,0,0,85.00
MA25TXWHBS,Warehouse,0,0,0,57.00
MA90CKDRMS,West LA,0,0,0,27.00
MA90CKDRMS,La Brea,0,0,0,27.00
MA90CKDRMS,Warehouse,0,0,0,27.00
MA90CKWHMS,West LA,0,0,0,27.00
MA90CKWHMS,Warehouse,0,0,0,27.00
MA90FFASMS,Koreatown,0,0,0,21.00
MA90FFASMS,West LA,0,0,0,21.00
MA90FFASMS,Studio City,1,0,0,21.00
MA90FFASMS,Warehouse,0,0,0,21.00
MA90FFWHMS,Koreatown,0,0,0,21.00
MA90FFWHMS,West LA,0,0,0,21.00
MA90FFWHMS,Warehouse,0,0,0,21.00
MA90KKDRMS,Koreatown,0,0,0,26.00
MA90KKDRMS,West LA,0,0,0,26.00
MA90KKDRMS,La Brea,0,0,0,26.00
MA90KKDRMS,Studio City,0,0,0,26.00
MA90KKDRMS,Warehouse,0,0,0,26.00
MA90KKFEMS,Koreatown,0,0,0,24.00
MA90KKFEMS,Studio City,0,0,0,24.00
MA90KKFEMS,Warehouse,0,0,0,24.00
MA90KKPAMS,Koreatown,0,0,0,28.00
MA90KKPAMS,West LA,0,0,0,28.00
MA90KKPAMS,Studio City,0,0,0,28.00
MA90KKPAMS,Warehouse,0,0,0,28.00
MA90KKWHMS,Koreatown,0,0,0,28.00
MA90KKWHMS,West LA,1,0,0,28.00
MA90KKWHMS,Studio City,0,0,0,28.00
MA90KKWHMS,Warehouse,0,0,0,28.00
MA90QQASMS,Koreatown,0,0,0,25.00
MA90QQASMS,West LA,0,0,0,25.00
MA90QQASMS,La Brea,0,0,0,25.00
MA90QQASMS,Studio City,0,0,0,25.00
MA90QQASMS,Warehouse,0,0,0,25.00
MA90QQASPC,West LA,0,0,0,11.00
MA90QQASPC,Warehouse,0,0,0,11.00
MA90QQBHPC,Koreatown,0,0,0,10.00
MA90QQBHPC,West LA,0,0,0,10.00
MA90QQBHPC,La Brea,0,0,0,10.00
MA90QQBHPC,Studio City,0,0,0,10.00
MA90QQBHPC,Warehouse,0,0,0,10.00
MA90QQDRMS,Koreatown,0,0,0,25.00
MA90QQDRMS,West LA,1,1,0,25.00
MA90QQDRMS,La Brea,0,0,0,25.00
MA90QQDRMS,Studio City,1,0,0,25.00
MA90QQDRMS,Warehouse,0,0,0,25.00
MA90QQDRPC,Warehouse,0,0,0,11.00
MA90QQFEMS,Koreatown,0,0,0,21.00
MA90QQFEMS,West LA,0,0,0,21.00
MA90QQFEMS,La Brea,0,0,0,21.00
MA90QQFEMS,Studio City,1,0,0,21.00
MA90QQFEMS,Warehouse,0,0,0,21.00
MA90QQFEPC,Koreatown,2,0,0,10.00
MA90QQFEPC,West LA,1,0,0,10.00
MA90QQFEPC,La Brea,0,0,0,10.00
MA90QQFEPC,Studio City,0,0,0,10.00
MA90QQFEPC,Warehouse,0,0,0,10.00
MA90QQPAMS,Koreatown,0,0,0,25.00
MA90QQPAMS,West LA,0,0,0,25.00
MA90QQPAMS,La Brea,0,0,0,25.00
MA90QQPAMS,Studio City,1,0,0,25.00
MA90QQPAMS,Warehouse,0,0,0,25.00
MA90QQPAPC,Koreatown,0,0,0,11.00
MA90QQPAPC,West LA,1,0,0,11.00
MA90QQPAPC,La Brea,0,0,0,11.00
MA90QQPAPC,Studio City,0,0,0,11.00
MA90QQPAPC,Warehouse,0,0,0,11.00
MA90QQWHMS,Koreatown,0,0,0,23.00
MA90QQWHMS,West LA,0,0,0,23.00
MA90QQWHMS,La Brea,0,0,0,23.00
MA90QQWHMS,Warehouse,0,0,0,23.00
MA90QQWHPC,Koreatown,1,0,0,11.00
MA90QQWHPC,West LA,2,0,0,11.00
MA90QQWHPC,La Brea,0,0,0,11.00
MA90QQWHPC,Studio City,0,0,0,11.00
MA90QQWHPC,Warehouse,0,0,0,11.00
MA90TTPAMS,Koreatown,0,0,0,20.00
MA90TTPAMS,West LA,1,0,0,20.00
MA90TTPAMS,La Brea,0,0,0,20.00
MA90TTPAMS,Studio City,0,0,0,20.00
MA90TTPAMS,Warehouse,0,0,0,20.00
MA90TTWHMS,Koreatown,0,0,0,20.00
MA90TTWHMS,West LA,3,0,0,20.00
MA90TTWHMS,La Brea,0,0,0,20.00
MA90TTWHMS,Studio City,1,0,0,20.00
MA90TTWHMS,Warehouse,0,0,0,20.00
MAS6CKCCSS,Warehouse,0,0,0,135.00
MAS6CKFLSS,Warehouse,0,0,0,135.00
MAS6CKWHSS,Warehouse,0,0,0,135.00
MAS6FFCCSS,Warehouse,0,0,0,100.00
MAS6FFFLSS,Warehouse,0,0,0,100.00
MAS6FFSMSS,Warehouse,0,0,0,100.00
MAS6FFWHSS,Warehouse,0,0,0,100.00
MAS6KKSMSS,Koreatown,0,0,0,125.00
MAS6KKSMSS,La Brea,0,0,0,125.00
MAS6KKSMSS,Studio City,0,0,0,125.00
MAS6KKSMSS,Warehouse,0,0,0,125.00
MAS6KKWHSS,Koreatown,0,0,0,135.00
MAS6KKWHSS,West LA,0,0,0,135.00
MAS6KKWHSS,La Brea,0,0,0,135.00
MAS6KKWHSS,Studio City,1,0,0,135.00
MAS6KKWHSS,Warehouse,0,0,0,135.00
MAS6QQCCPC,Warehouse,0,0,0,22.00
MAS6QQCCSS,Koreatown,0,0,0,110.00
MAS6QQCCSS,West LA,0,0,0,110.00
MAS6QQCCSS,La Brea,0,0,0,110.00
MAS6QQCCSS,Warehouse,0,0,0,110.00
MAS6QQFLPC,Warehouse,0,0,0,22.00
MAS6QQFLSS,Koreatown,0,0,0,110.00
MAS6QQFLSS,West LA,0,0,0,110.00
MAS6QQFLSS,La Brea,1,0,0,110.00
MAS6QQFLSS,Studio City,0,0,0,110.00
MAS6QQFLSS,Warehouse,0,0,0,110.00
MAS6QQSMPC,Koreatown,1,0,0,22.00
MAS6QQSMPC,West LA,2,0,0,22.00
MAS6QQSMPC,La Brea,0,0,0,22.00
MAS6QQSMPC,Studio City,1,1,0,22.00
MAS6QQSMPC,Warehouse,0,0,0,22.00
MAS6QQSMSS,West LA,1,0,0,110.00
MAS6QQSMSS,La Brea,0,0,0,110.00
MAS6QQSMSS,Warehouse,0,0,0,110.00
MAS6QQWHPC,Koreatown,0,0,0,22.00
MAS6QQWHPC,West LA,1,0,0,22.00
MAS6QQWHPC,La Brea,0,0,0,22.00
MAS6QQWHPC,Studio City,1,0,0,22.00
MAS6QQWHPC,Warehouse,0,0,0,22.00
MAS6TXCCSS,Warehouse,0,0,0,95.00
MAS6TXFLSS,Warehouse,0,0,0,95.00
MAS6TXWHSS,Warehouse,0,0,0,95.00
PCUB-B,Koreatown,0,0,0,26.00
PCUB-B,West LA,1,0,0,26.00
PCUB-B,Warehouse,0,0,0,26.00
PCUB-SL,La Brea,1,1,0,26.00
PCUB-SL,Studio City,0,0,0,26.00
PCUB-SL,Warehouse,0,0,0,26.00
STCKCHEASTPL,Warehouse,0,0,0,215.00
STCKOAEASTPL,Warehouse,0,0,0,200.00
STCKOAWATSPL,Warehouse,0,0,0,325.00
STDUNCUPLQQCH,Warehouse,1,1,0,300.00
STDUNCUPLQQST,West LA,1,0,0,300.00
STDUNCUPLQQST,Warehouse,0,0,0,300.00
STFFDECARLHB,West LA,0,0,0,125.00
STFFDECARLHB,Warehouse,0,0,0,125.00
STFFSTBLWBHB,West LA,1,1,0,71.98
STFFSTBLWBHB,Warehouse,0,0,0,71.98
STKKCHBLWBHB,Koreatown,1,1,0,195.00
STKKCHBLWBHB,Warehouse,0,0,0,195.00
STKKCHCARLHB,Warehouse,0,0,0,150.00
STKKCHSCORHB,West LA,0,0,0,165.00
STKKCHSCORHB,La Brea,0,0,0,165.00
STKKCHSCORHB,Warehouse,0,0,0,165.00
STKKOACARLHB,Warehouse,0,0,0,160.00
STKKSTCARLHB,Warehouse,0,0,0,160.00
STKKSTEASTPL,Warehouse,0,0,0,215.00
STKKSTHENNHB,La Brea,0,0,0,150.00
STKKSTHENNHB,Warehouse,0,0,0,150.00
STKKSTSCORHB,La Brea,0,0,0,165.00
STKKSTSCORHB,Warehouse,0,0,0,165.00
STQQCHBLWBHB,West LA,1,1,0,170.00
STQQCHBLWBHB,Studio City,0,0,0,170.00
STQQCHBLWBHB,Warehouse,0,0,0,170.00
STQQCHCARLHB,West LA,1,1,0,135.00
STQQCHCARLHB,Warehouse,0,0,0,135.00
STQQCHEASTPL,West LA,1,1,0,180.00
STQQCHEASTPL,Warehouse,0,0,0,180.00
STQQCHHENNHB,West LA,1,1,0,135.00
STQQCHHENNHB,Warehouse,0,0,0,135.00
STQQCHSCORHB,West LA,1,1,0,130.00
STQQCHSCORHB,Warehouse,0,0,0,130.00
STQQOABLWBHB,West LA,1,1,0,150.00
STQQOABLWBHB,Warehouse,0,0,0,150.00
STQQOACARLHB,West LA,0,0,0,135.00
STQQOACARLHB,La Brea,0,0,0,135.00
STQQOACARLHB,Warehouse,0,0,0,135.00
STQQOAEASTPL,Warehouse,0,0,0,180.00
STQQOAHENNHB,West LA,1,1,0,120.00
STQQOAHENNHB,Warehouse,0,0,0,120.00
STQQOASCORHB,West LA,0,0,0,150.00
STQQOASCORHB,Warehouse,0,0,0,150.00
STQQSTBLWBHB,West LA,1,1,0,150.00
STQQSTBLWBHB,Warehouse,0,0,0,150.00
STQQSTCARLHB,West LA,1,1,0,135.00
STQQSTCARLHB,Warehouse,0,0,0,135.00
STQQSTHENNHB,West LA,1,1,0,120.00
STQQSTHENNHB,La Brea,0,0,0,120.00
STQQSTHENNHB,Studio City,0,0,0,120.00
STQQSTHENNHB,Warehouse,0,0,0,120.00
STQQSTSCORHB,West LA,1,1,0,150.00
STQQSTSCORHB,La Brea,1,1,0,150.00
STQQSTSCORHB,Studio City,0,0,0,150.00
STQQSTSCORHB,Warehouse,0,0,0,150.00
STQQSTWATSPL,West LA,0,0,0,275.00
STQQSTWATSPL,Warehouse,1,0,0,275.00
STS755QQAB,La Brea,0,0,0,900.00
STS755QQAB,Warehouse,0,0,0,900.00
STS755SCAB,Warehouse,0,0,0,800.00
STTTSTCARLHB,West LA,0,0,0,110.00
STTTSTCARLHB,Warehouse,0,0,0,110.00
STTTSTHENNHB,West LA,0,0,0,110.00
STTTSTHENNHB,Warehouse,0,0,0,110.00
WK02FFCHCS,Warehouse,0,0,0,24.98
WO162CKWHLS,West LA,1,0,0,214.00
WO162CKWHLS,La Brea,0,0,0,214.00
WO162CKWHLS,Studio City,0,0,0,214.00
WO162CKWHLS,Warehouse,0,0,0,214.00
ZZKK00GM,Warehouse,0,0,0,22.00
ZZKK3L90DD,Koreatown,0,0,0,55.00
ZZKK3L90DD,Warehouse,0,0,0,55.00
ZZKKX2QC,Warehouse,0,0,0,42.00
ZZQQ00GM,West LA,0,0,0,18.00
ZZQQ00GM,Warehouse,20,0,0,18.00
ZZQQ3L90DD,Koreatown,0,0,0,50.00
ZZQQ3L90DD,West LA,0,0,0,50.00
ZZQQ3L90DD,La Brea,0,0,0,50.00
ZZQQ3L90DD,Studio City,0,0,0,50.00
ZZQQ3L90DD,Warehouse,2,2,0,50.00
ZZQQMPCCLT,Koreatown,0,0,0,50.00
ZZQQMPCCLT,West LA,0,0,0,50.00
ZZQQMPCCLT,La Brea,1,1,0,50.00
ZZQQMPCCLT,Studio City,0,0,0,50.00
ZZQQMPCCLT,Warehouse,0,0,0,50.00
ZZQQX2QC,West LA,0,0,0,37.00
ZZQQX2QC,Warehouse,0,0,0,37.00
1M-Q80-1,Warehouse,0,0,0,199.00
CTLR-WIRE,Warehouse,0,0,0,
CVKF-75,Warehouse,0,0,0,40.00
CVKF-80,Warehouse,0,0,0,40.00
CVKQ-80,Studio City,0,0,0,40.00
CVKQ-80,Warehouse,0,0,0,40.00
CVKT-75,Warehouse,0,0,0,35.00
CVKT-80,Koreatown,0,0,0,35.00
CVKT-80,Warehouse,2,0,0,35.00
CVKT-84,Warehouse,0,0,0,35.00
EBQN-80-02,Warehouse,0,0,0,315.00
EBQN-80-RHMT-03,Warehouse,0,0,0,355.00
EBTW-84-RHMT-03,Warehouse,0,0,0,320.00
ETFL-75-RHMT-01,Warehouse,0,0,0,290.00
ETFL-75-RHMT-02,Warehouse,0,0,0,330.00
ETFL-75-RHMT-03,Warehouse,0,0,0,370.00
ETFL-80-RHMT-01,Warehouse,0,0,0,300.00
ETFL-80-RHMT-02,Koreatown,0,0,0,340.00
ETFL-80-RHMT-02,Warehouse,0,0,0,340.00
ETFL-80-RHMT-03,Warehouse,0,0,0,380.00
ETQN-80-RHMT-01,Studio City,0,0,0,315.00
ETQN-80-RHMT-01,Warehouse,0,0,0,315.00
ETQN-80-RHMT-02,Koreatown,1,1,0,355.00
ETQN-80-RHMT-02,Warehouse,0,0,0,355.00
ETQN-80-RHMT-03,Koreatown,0,0,0,395.00
ETQN-80-RHMT-03,West LA,0,0,0,395.00
ETQN-80-RHMT-03,La Brea,0,0,0,395.00
ETQN-80-RHMT-03,Studio City,1,1,0,395.00
ETQN-80-RHMT-03,Warehouse,0,0,0,395.00
ETTW-75-RHMT-01,Warehouse,0,0,0,280.00
ETTW-75-RHMT-02,La Brea,0,0,0,320.00
ETTW-75-RHMT-02,Warehouse,0,0,0,320.00
ETTW-75-RHMT-03,Warehouse,0,0,0,360.00
ETTW-80-RHMT-01,Warehouse,1,0,0,280.00
ETTW-80-RHMT-01-BRWN,Warehouse,2,0,0,280.00
ETTW-80-RHMT-01-GRAY,Warehouse,2,0,0,280.00
ETTW-80-RHMT-02,La Brea,1,0,0,320.00
ETTW-80-RHMT-02,Warehouse,2,2,0,320.00
ETTW-80-RHMT-03,Warehouse,0,0,0,360.00
ETTW-80-RHMT-03-GREY,La Brea,0,0,0,360.00
ETTW-80-RHMT-03-GREY,Warehouse,0,0,0,360.00
ETTW-84-RHMT-01,Warehouse,0,0,0,280.00
ETTW-84-RHMT-02,Koreatown,0,0,0,320.00
ETTW-84-RHMT-02,Warehouse,3,0,0,320.00
ETTW-84-RHMT-03,Warehouse,0,0,0,360.00
ETTW-84-RHMT-03-BLUE,Warehouse,0,0,0,360.00
FFL-60,Warehouse,0,0,0,74.95
GREY-ETTW-80-RHMT-02,La Brea,0,0,0,320.00
GREY-ETTW-80-RHMT-02,Warehouse,2,1,0,320.00
HDBB-1,West LA,0,0,0,20.00
HDBB-1,Warehouse,2,0,0,20.00
HJC8-BT,Warehouse,0,0,0,50.00
HL-F75-2-FL,Warehouse,0,0,0,299.00
HL-F75-3-F,Warehouse,0,0,0,419.00
HL-K72-2-CK,Warehouse,0,0,0,439.00
HL-K72-3-CK,Warehouse,0,0,0,539.00
HL-K76-2-EK,La Brea,0,0,0,439.00
HL-K76-2-EK,Warehouse,2,1,0,439.00
HL-K76-3-EK,Warehouse,0,0,0,539.00
HL-Q80-2-Q,Koreatown,1,1,0,329.00
HL-Q80-2-Q,West LA,1,1,0,329.00
HL-Q80-2-Q,La Brea,1,1,0,329.00
HL-Q80-2-Q,Studio City,0,0,0,329.00
HL-Q80-2-Q,Warehouse,0,0,0,329.00
HL-Q80-3-Q,Koreatown,1,1,0,429.00
HL-Q80-3-Q,West LA,0,0,0,429.00
HL-Q80-3-Q,La Brea,1,1,0,429.00
HL-Q80-3-Q,Studio City,1,1,0,429.00
HL-Q80-3-Q,Warehouse,0,0,0,429.00
HL-T75-2-T,La Brea,0,0,0,269.00
HL-T75-2-T,Warehouse,0,0,0,269.00
HL-T80-2-TXL,West LA,0,0,0,269.00
HL-T80-2-TXL,Warehouse,1,0,0,269.00
HL-T80-2-TXL1,Warehouse,0,0,0,269.00
HL-T80-3-T,Warehouse,1,1,0,379.00
HL-T80-3-TXL,West LA,2,2,0,379.00
HL-T80-3-TXL,Warehouse,0,0,0,379.00
HL-T84-2-SCK,Warehouse,0,0,0,269.00
HL-T84-3-SCK,Warehouse,0,0,0,379.00
HU-CKG-RHMT-01,Warehouse,0,0,0,210.00
HU-CKG-RHMT-02,Warehouse,0,0,0,250.00
HU-EKG-RHMT-01,Warehouse,0,0,0,210.00
HU-EKG-RHMT-02,Warehouse,0,0,0,250.00
HU-QEN-RHMT-02,Warehouse,0,0,0,210.00
HUFF-72,Warehouse,0,0,0,210.00
LED-UBL,Warehouse,0,0,0,12.00
SAB-QEN,West LA,0,0,0,899.95
SAB-QEN,Warehouse,0,0,0,899.95
SHQ-80,Warehouse,0,0,0,549.00
SMF-75-WIRELESS,Warehouse,0,0,0,330.00
SMQ-80-WIRED,West LA,0,0,0,336.80
SMQ-80-WIRED,Studio City,0,0,0,336.80
SMQ-80-WIRED,Warehouse,0,0,0,336.80
SMT-75-WIRELESS,Warehouse,0,0,0,336.80
SMT-84-WIRELESS,Warehouse,0,0,0,346.80
SOLUTIONS-3PC-LEG,Koreatown,0,0,0,12.95
SOLUTIONS-3PC-LEG,West LA,0,0,0,12.95
SOLUTIONS-3PC-LEG,La Brea,0,0,0,12.95
SOLUTIONS-3PC-LEG,Studio City,0,0,0,12.95
SOLUTIONS-3PC-LEG,Warehouse,0,0,0,12.95
SOLUTIONS-6INCH-LEG,Warehouse,0,0,0,12.95
TFB-TCK,Warehouse,0,0,0,789.95
WIRELESS-REMOTE,Koreatown,0,0,0,5.00
WIRELESS-REMOTE,Warehouse,0,0,0,5.00
YCABLE,Warehouse,0,0,0,29.95
BAM0142,Koreatown,0,0,0,20.00
BAM0142,Warehouse,0,0,0,20.00
BOM1109,Warehouse,0,0,0,38.70
BOM1209,West LA,0,0,0,38.70
BOM1209,Warehouse,0,0,0,38.70
BOM1213,West LA,0,0,0,38.70
BOM1213,Warehouse,0,0,0,38.70
BOM1236,West LA,0,0,0,38.70
BOM1236,Warehouse,0,0,0,38.70
P0128,Koreatown,0,0,0,28.07
P0128,West LA,1,0,0,28.07
P0128,La Brea,0,0,0,28.07
P0128,Studio City,0,0,0,28.07
P0128,Warehouse,1,1,0,28.07
P0142,West LA,0,0,0,34.16
P0142,La Brea,0,0,0,34.16
P0142,Warehouse,2,2,0,34.16
P0159,Warehouse,0,0,0,28.00
P0197,West LA,0,0,0,24.40
P0197,La Brea,0,0,0,24.40
P0197,Warehouse,2,0,0,24.40
TSP0111,West LA,5,0,0,35.39
TSP0111,Warehouse,4,0,0,35.39
TSP0128,Koreatown,0,0,0,39.04
TSP0128,West LA,0,0,0,39.04
TSP0128,La Brea,0,0,0,39.04
TSP0128,Studio City,0,0,0,39.04
TSP0128,Warehouse,0,0,0,39.04
TSP0135,Koreatown,0,0,0,43.92
TSP0135,West LA,9,0,0,43.92
TSP0135,La Brea,3,1,0,43.92
TSP0135,Studio City,0,0,0,43.92
TSP0135,Warehouse,26,4,0,43.92
TSP0142,Koreatown,0,0,0,53.69
TSP0142,West LA,9,1,0,53.69
TSP0142,La Brea,0,0,0,53.69
TSP0142,Studio City,0,0,0,53.69
TSP0142,Warehouse,13,2,0,53.69
TSP0159,West LA,2,0,0,57.35
TSP0159,Warehouse,4,0,0,57.35
TSP0159S,West LA,2,0,0,39.05
TSP0159S,Warehouse,2,0,0,39.05
TSP0197,West LA,2,0,0,36.60
TSP0197,La Brea,0,0,0,36.60
TSP0197,Warehouse,9,1,0,36.60
TSP0232,Warehouse,0,0,0,36.55
TSS0128,Koreatown,1,0,0,97.61
TSS0128,West LA,6,0,0,97.61
TSS0128,La Brea,6,0,0,97.61
TSS0128,Studio City,0,0,0,97.61
TSS0128,Warehouse,15,0,0,97.61
TSS0142,Warehouse,0,0,0,34.00
3-IN-1-LEGS,Warehouse,3,0,0,31.00
9T24.04-E63-F100.2-Q,La Brea,2,2,0,849.00
9T24.04-E63-F100.2-Q,Studio City,1,1,0,849.00
9T24.04-E63-F100.2-Q,Warehouse,1,1,0,849.00
ABL300,Warehouse,1,0,0,20.00
AM-BT-S01,Warehouse,1,1,0,199.00
POP-KSK-001,Warehouse,2,2,0,0.00
R400-Q,West LA,1,1,0,450.00
R400-SCK,Warehouse,2,0,0,420.00
R650-Q,Koreatown,2,2,0,800.00
1000004,Warehouse,0,0,0,40.00
1310047,Warehouse,0,0,0,1135.00
1310110,Warehouse,0,0,0,320.00
1310111,Warehouse,1,1,0,320.00
1310114,Koreatown,1,1,0,366.00
1310114,West LA,1,1,0,366.00
1310114,La Brea,1,1,0,366.00
1310114,Studio City,1,1,0,366.00
1310120,Koreatown,1,1,0,478.00
1310120,West LA,1,1,0,478.00
1310120,La Brea,1,1,0,478.00
1310120,Studio City,2,2,0,478.00
1310120,Warehouse,10,0,0,478.00
1310122,Warehouse,2,0,0,617.00
1310164,La Brea,1,1,0,614.00
1310164,Studio City,1,1,0,614.00
1310164,Warehouse,1,0,0,614.00
1310172,Warehouse,1,0,0,670.00
1310174,Koreatown,1,1,0,726.00
1310174,West LA,1,1,0,726.00
1310174,Warehouse,4,0,0,726.00
1310176,Warehouse,2,0,0,888.00
1310181,West LA,1,1,0,267.00
1310181,Warehouse,1,0,0,267.00
1350002,Warehouse,1,1,0,108.00
1350225,La Brea,1,1,0,108.00
1350232,La Brea,1,1,0,108.00
2310014,Koreatown,1,1,0,28.00
2310014,West LA,1,1,0,28.00
2310014,Warehouse,2,0,0,28.00
2310081,La Brea,6,6,0,6.00
2310081,Studio City,6,0,0,6.00
2310081,Warehouse,49,0,0,6.00
4760002,La Brea,1,0,0,8.95
4760002,Warehouse,1,1,0,8.95
4760004,Warehouse,0,0,0,7.95
DQKG6,West LA,1,1,0,43.45
DQKG6,Warehouse,0,0,0,43.45
DTQG5,La Brea,1,1,0,36.46
DTQG5,Warehouse,3,0,0,36.46
DTQSG4,Warehouse,0,0,0,30.95
I-CS374PG,Warehouse,0,0,0,40.00
I-PK165,Warehouse,0,0,0,34.00
MP100-CK,Koreatown,1,0,0,14.75
MP100-CK,West LA,2,0,0,14.75
MP100-CK,La Brea,1,0,0,14.75
MP100-CK,Studio City,0,0,0,14.75
MP100-CK,Warehouse,0,0,0,14.75
MP100-F,Koreatown,0,0,0,12.50
MP100-F,West LA,1,0,0,12.50
MP100-F,La Brea,1,0,0,12.50
MP100-F,Studio City,0,0,0,12.50
MP100-F,Warehouse,0,0,0,12.50
MP100-K,Koreatown,0,0,0,14.75
MP100-K,West LA,0,0,0,14.75
MP100-K,La Brea,9,0,0,14.75
MP100-K,Studio City,0,0,0,14.75
MP100-K,Warehouse,1,0,0,14.75
MP100-Q,Koreatown,3,0,0,12.50
MP100-Q,West LA,3,0,0,12.50
MP100-Q,La Brea,1,0,0,12.50
MP100-Q,Studio City,1,0,0,12.50
MP100-Q,Warehouse,1,1,0,12.50
MP100-T,Koreatown,1,0,0,10.25
MP100-T,West LA,1,0,0,10.25
MP100-T,La Brea,0,0,0,10.25
MP100-T,Studio City,0,0,0,10.25
MP100-T,Warehouse,0,0,0,10.25
MP100-TXL,La Brea,0,0,0,10.25
MP100-TXL,Warehouse,0,0,0,10.25
MP200-Q,Koreatown,9,0,0,17.00
MP200-Q,West LA,3,0,0,17.00
MP200-Q,La Brea,6,0,0,17.00
MP200-Q,Studio City,2,0,0,17.00
MP200-Q,Warehouse,12,0,0,17.00
MP200-T,Koreatown,2,0,0,15.75
MP200-T,La Brea,0,0,0,15.75
MP200-T,Warehouse,0,0,0,15.75
MP200-TXL,West LA,0,0,0,12.00
MP200-TXL,Warehouse,2,0,0,12.00
RZ-CLOUD-Q,Koreatown,4,1,0,30.00
RZ-CLOUD-Q,West LA,4,1,0,30.00
RZ-CLOUD-Q,La Brea,6,1,0,30.00
RZ-CLOUD-Q,Studio City,1,0,0,30.00
RZ-CLOUD-Q,Warehouse,4,2,0,30.00
RZ-CONTOUR-K,Warehouse,0,0,0,45.00
RZ-CONTOUR-Q,Koreatown,8,0,0,35.00
RZ-CONTOUR-Q,West LA,2,1,0,35.00
RZ-CONTOUR-Q,La Brea,6,1,0,35.00
RZ-CONTOUR-Q,Studio City,6,2,0,35.00
RZ-CONTOUR-Q,Warehouse,18,0,0,35.00
RZ-PUFF-Q,Koreatown,0,0,0,30.00
RZ-PUFF-Q,West LA,0,0,0,30.00
RZ-PUFF-Q,La Brea,0,0,0,30.00
RZ-PUFF-Q,Studio City,1,1,0,30.00
RZ-PUFF-Q,Warehouse,0,0,0,30.00
STFG4,Warehouse,0,0,0,22.65
TFQ9903,Warehouse,0,0,0,20.00
MLPK,West LA,1,1,0,70.00
MLPK,La Brea,1,1,0,70.00
MLPK,Studio City,1,1,0,70.00
MLPK,Warehouse,3,0,0,70.00
MLPQ,West LA,1,1,0,65.00
MLPQ,La Brea,1,0,0,65.00
MLPQ,Studio City,1,1,0,65.00
MLPQ,Warehouse,4,0,0,65.00
MLPS,West LA,2,1,0,60.00
MLPS,La Brea,1,1,0,60.00
MLPS,Studio City,1,1,0,60.00
MLPS,Warehouse,4,0,0,60.00
MPCK,West LA,1,0,0,90.00
MPCK,Warehouse,2,0,0,90.00
MPF,Warehouse,0,0,0,75.00
MPK,Warehouse,0,0,0,90.00
MPQ,Warehouse,0,0,0,85.00
MPSCK,Warehouse,0,0,0,73.00
MPT,Warehouse,0,0,0,70.00
MPTXL,Warehouse,0,0,0,73.00
MWLTTX,Warehouse,0,0,0,220.00
OCPCK,Warehouse,0,0,0,90.00
OCPF,Warehouse,0,0,0,75.00
OCPT,Warehouse,0,0,0,60.00
OSKSSW,Warehouse,0,0,0,120.00
OSZP,Warehouse,0,0,0,30.00
SPLQ,West LA,1,1,0,65.00
SPLQ,La Brea,1,1,0,65.00
SPLQ,Studio City,1,1,0,65.00
SPLQ,Warehouse,3,0,0,65.00
SPLS,West LA,0,0,0,60.00
SPLS,La Brea,1,1,0,60.00
SPLS,Studio City,1,1,0,60.00
SPLS,Warehouse,4,0,0,60.00
WCKMT,Warehouse,0,0,0,150.00
WQMT,Warehouse,0,0,0,140.00
CK-CSHEET,Warehouse,1,0,0,120.00
CK-SEREN-ALLDUN,Koreatown,1,1,0,1745.00
K-CMP,Warehouse,1,0,0,110.00
K-MOS10,Warehouse,2,0,0,1695.00
K-WMP,Warehouse,1,0,0,175.00
Q-BR1,Warehouse,2,1,0,65.00
Q-F-DUNLOP,Warehouse,2,2,0,0.00
Q-LWP,Warehouse,2,2,0,70.00
Q-M-DUNLOP,Warehouse,1,1,0,0.00
Q-MDATFOUN9,Warehouse,3,1,0,315.00
Q-OSM25D5T10,Koreatown,2,2,0,1545.00
Q-SEREN-ALLDUN,Warehouse,1,1,0,1395.00
Q-SR-PLTBD,Warehouse,1,1,0,350.00
Q-SRCP,Warehouse,3,3,0,55.00
Q-SRSSP,Warehouse,2,2,0,55.00
Q-SWT,Warehouse,2,1,0,395.00
Q-TPKC,Warehouse,2,2,0,100.00
SCAK-M-TALALAY,Koreatown,1,1,0,0.00
SCAK-S-DUNLOP,Koreatown,4,4,0,0.00
SCAK-S-TALALAY,Koreatown,1,1,0,0.00
SQ-F-DUNLOP,Warehouse,2,0,0,0.00
SQ-F-TALALAY,Koreatown,2,2,0,0.00
SQ-F-TALALAY,Warehouse,1,0,0,0.00
SQ-M-DUNLOP,Warehouse,2,0,0,0.00
SQ-M-TALALAY,Warehouse,1,0,0,0.00
TL-CMP,Warehouse,1,0,0,65.00
TL-NTFOUN9,Koreatown,4,0,0,195.00
TL-OSM10,Koreatown,1,0,0,1145.00
TL-OSM10,Warehouse,1,0,0,1145.00
TL-OSM2D1T10,Koreatown,1,1,0,975.00
TXL-F-DUNLOP,Warehouse,1,0,0,0.00
TXL-F-TALALAY,Koreatown,2,2,0,0.00
TXL-M-DUNLOP,Koreatown,1,1,0,0.00
TXL-OSM2D1T10,Koreatown,1,1,0,975.00
TXL-OSMPT4T,Koreatown,1,1,0,1645.00
TXL-S-DUNLOP,Koreatown,7,4,0,0.00
TXL-S-DUNLOP,Warehouse,1,0,0,0.00
TXL-S-TALALAY,Koreatown,2,2,0,0.00
TXL-S-TALALAY,Warehouse,1,0,0,0.00
63017740,Warehouse,1,1,0,565.00
S40103,Koreatown,2,0,0,0.00
SEALYBOX-STD-Q,Warehouse,1,1,0,145.00
SEALYBOX-STD-TXL,Warehouse,1,0,0,112.00
500826619-7550,Koreatown,1,1,0,400.00
4000941-1070,Warehouse,1,1,0,600.00
999220-5010,West LA,1,1,0,80.00
999220-5010,Studio City,1,1,0,80.00
25SBCOBEF_FP-3975,La Brea,1,0,0,200.00
25SBCOBEF_FP-3975,Warehouse,0,0,0,200.00
25SBCOBEF_FP-5475,Warehouse,0,0,0,273.00
25SBCOBEF_FP-6080,Koreatown,0,0,0,278.00
25SBCOBEF_FP-6080,La Brea,0,0,0,278.00
25SBCOBEF_FP-6080,Warehouse,1,0,0,278.00
25SBCOBEF_FP-7284,Warehouse,0,0,0,341.00
25SBCOBEF_FP-7680,Warehouse,0,0,0,341.00
25SBCOBET-5475,Warehouse,0,0,0,273.00
25SBCOBET_FP-5475,Warehouse,0,0,0,273.00
25SBCOBET_FP-6080,Koreatown,0,0,0,278.00
25SBCOBET_FP-6080,West LA,0,0,0,278.00
25SBCOBET_FP-6080,Studio City,0,0,0,278.00
25SBCOBET_FP-6080,Warehouse,0,0,0,278.00
25SBCOBET_FP-7284,Warehouse,0,0,0,341.00
25SBCOBET_FP-7680,Warehouse,0,0,0,341.00
25SBCOBF_FP-3975,Warehouse,4,1,0,200.00
25SBCOBF_FP-3980,Warehouse,0,0,0,210.00
25SBCOBF_FP-5475,Warehouse,2,1,0,273.00
25SBCOBF_FP-6080,Koreatown,0,0,0,278.00
25SBCOBF_FP-6080,West LA,0,0,0,278.00
25SBCOBF_FP-6080,La Brea,1,1,0,278.00
25SBCOBF_FP-6080,Studio City,0,0,0,278.00
25SBCOBF_FP-6080,Warehouse,0,0,0,278.00
25SBCOBF_FP-7284,Warehouse,1,0,0,341.00
25SBCOBF_FP-7680,Warehouse,0,0,0,341.00
25SBCOBM-6080,West LA,1,1,0,265.00
25SBCOBM-6080,La Brea,1,1,0,265.00
25SBCOBM-6080,Studio City,0,0,0,265.00
25SBCOBM-6080,Warehouse,0,0,0,265.00
25SBCOBM_FP-3975,Warehouse,2,0,0,200.00
25SBCOBM_FP-3980,Warehouse,0,0,0,210.00
25SBCOBM_FP-5475,Warehouse,1,0,0,273.00
25SBCOBM_FP-6080,West LA,0,0,0,278.00
25SBCOBM_FP-6080,La Brea,0,0,0,278.00
25SBCOBM_FP-6080,Studio City,1,1,0,278.00
25SBCOBM_FP-6080,Warehouse,2,1,0,278.00
25SBCOBM_FP-7284,Warehouse,2,1,0,341.00
25SBCOBM_FP-7680,Koreatown,1,1,0,341.00
25SBCOBM_FP-7680,Warehouse,2,0,0,341.00
AC-2INCASTER-4PACK,Warehouse,0,0,0,12.00
AC-HS-2INLEG-4PACK,Warehouse,2,0,0,15.00
AC-HS980074-HB-BRKT,Warehouse,0,0,0,35.00
AC-LM-RF-ZG26-WHT,Koreatown,1,1,0,45.00
AC-LM-RF-ZG26-WHT,Warehouse,0,0,0,45.00
IMC26HF0SBLK-3080,Warehouse,0,0,0,530.00
IMC26HF0SBLK-3684,Warehouse,1,0,0,504.00
IMC26HF0SBLK-3974,Warehouse,0,0,0,504.00
IMC26HF0SBLK-3980,Warehouse,0,0,0,494.00
IMC26HF0SBLK-5474,Warehouse,0,0,0,541.00
IMC26HF0SBLK-5480,Warehouse,0,0,0,541.00
IMC26HF0SBLK-6080,Koreatown,1,1,0,530.00
IMC26HF0SBLK-6080,West LA,0,0,0,530.00
IMC26HF0SBLK-6080,La Brea,1,1,0,530.00
IMC26HF0SBLK-6080,Studio City,1,1,0,530.00
IMC26HF0SBLK-6080,Warehouse,0,0,0,530.00
IMC26HF0SBLK-7284,Warehouse,2,2,0,682.00
IMC26HF0SBLK-7680,Koreatown,0,0,0,662.00
IMC26HF0SBLK-7680,La Brea,0,0,0,662.00
IMC26HF0SBLK-7680,Warehouse,1,1,0,662.00
IMC94WH2BLK-6080,La Brea,1,1,0,700.00
IMC94WH2BLK-6080,Warehouse,0,0,0,700.00
IMC94WH2SBLK-3684,Warehouse,0,0,0,679.00
IMC94WH2SBLK-3974,Warehouse,0,0,0,595.00
IMC94WH2SBLK-3980,Koreatown,2,2,0,663.00
IMC94WH2SBLK-3980,Warehouse,2,0,0,663.00
OVATION,Warehouse,0,0,0,250.00
SOUTHPROTOTYPE,Koreatown,0,0,0,200.00
SOUTHPROTOTYPE,La Brea,0,0,0,200.00
SOUTHPROTOTYPE,Warehouse,0,0,0,200.00
Z0LAPE2ET1-3684,Warehouse,0,0,0,222.00
Z0LAPE2ET1-3974,Koreatown,0,0,0,206.00
Z0LAPE2ET1-3974,Warehouse,0,0,0,206.00
Z0LAPE2ET1-3980,Warehouse,0,0,0,222.00
Z0LAPE2ET1-5474,Koreatown,0,0,0,258.00
Z0LAPE2ET1-5474,Warehouse,0,0,0,258.00
Z0LAPE2ET1-5480XL,Warehouse,2,2,0,265.00
Z0LAPE2ET1-6080,Koreatown,0,0,0,265.00
Z0LAPE2ET1-6080,West LA,0,0,0,265.00
Z0LAPE2ET1-6080,La Brea,0,0,0,265.00
Z0LAPE2ET1-6080,Studio City,0,0,0,265.00
Z0LAPE2ET1-6080,Warehouse,0,0,0,265.00
Z0LAPE2ET1-7284,Koreatown,0,0,0,360.00
Z0LAPE2ET1-7284,Warehouse,0,0,0,360.00
Z0LAPE2ET1-7680,Koreatown,0,0,0,360.00
Z0LAPE2ET1-7680,Warehouse,1,1,0,360.00
Z0LAPE2FT1-3974,Koreatown,0,0,0,206.00
Z0LAPE2FT1-3974,Warehouse,2,2,0,206.00
Z0LAPE2FT1-3980,Warehouse,0,0,0,222.00
Z0LAPE2FT1-5474,Warehouse,2,2,0,258.00
Z0LAPE2FT1-5480XL,Warehouse,1,0,0,265.00
Z0LAPE2FT1-6080,Koreatown,0,0,0,265.00
Z0LAPE2FT1-6080,West LA,1,1,0,265.00
Z0LAPE2FT1-6080,La Brea,0,0,0,265.00
Z0LAPE2FT1-6080,Studio City,0,0,0,265.00
Z0LAPE2FT1-6080,Warehouse,2,2,0,265.00
Z0LAPE2FT1-7284,Warehouse,2,2,0,360.00
Z0LAPE2FT1-7680,Koreatown,0,0,0,360.00
Z0LAPE2FT1-7680,Warehouse,2,2,0,360.00
Z0SGTT1PT1-6080,Warehouse,0,0,0,863.00
Z0WBBXX1W4-3080,Warehouse,0,0,0,71.00
Z0WBBXX1W4-3684,Warehouse,0,0,0,71.00
Z0WBBXX1W4-3974,Koreatown,0,0,0,69.00
Z0WBBXX1W4-3974,Warehouse,1,1,0,69.00
Z0WBBXX1W4-3980,Warehouse,0,0,0,71.00
Z0WBBXX1W4-5475,Warehouse,0,0,0,79.00
Z0WBBXX1W4-5480,Warehouse,0,0,0,87.00
Z0WBBXX1W4-6080,Koreatown,0,0,0,87.00
Z0WBBXX1W4-6080,West LA,0,0,0,87.00
Z0WBBXX1W4-6080,Warehouse,0,0,0,87.00
Z0WBBXX1W9-3080,Koreatown,0,0,0,71.00
Z0WBBXX1W9-3080,Warehouse,2,0,0,71.00
Z0WBBXX1W9-3684,Koreatown,0,0,0,71.00
Z0WBBXX1W9-3684,Warehouse,0,0,0,71.00
Z0WBBXX1W9-3974,La Brea,0,0,0,69.00
Z0WBBXX1W9-3974,Warehouse,0,0,0,69.00
Z0WBBXX1W9-3980,Koreatown,0,0,0,71.00
Z0WBBXX1W9-3980,West LA,0,0,0,71.00
Z0WBBXX1W9-3980,Warehouse,0,0,0,71.00
Z0WBBXX1W9-5474,Koreatown,0,0,0,79.00
Z0WBBXX1W9-5474,Warehouse,0,0,0,79.00
Z0WBBXX1W9-5480,Warehouse,0,0,0,87.00
Z0WBBXX1W9-6080,Koreatown,0,0,0,87.00
Z0WBBXX1W9-6080,West LA,1,1,0,87.00
Z0WBBXX1W9-6080,La Brea,0,0,0,87.00
Z0WBBXX1W9-6080,Studio City,0,0,0,87.00
Z0WBBXX1W9-6080,Warehouse,0,0,0,87.00
Z1ENGR1PP1-1824,Koreatown,1,0,0,0.00
Z1ENGR1PP1-1824,Warehouse,0,0,0,0.00
Z2SAAY4PB1-3684,Warehouse,0,0,0,770.00
Z2SAAY4PB1-3974,Warehouse,0,0,0,757.00
Z2SAAY4PB1-3980,Warehouse,0,0,0,770.00
Z2SAAY4PB1-5474,Warehouse,0,0,0,947.00
Z2SAAY4PB1-6080,Koreatown,0,0,0,980.00
Z2SAAY4PB1-6080,La Brea,0,0,0,980.00
Z2SAAY4PB1-6080,Warehouse,0,0,0,980.00
Z2SAAY4PB1-7284,Warehouse,0,0,0,1191.00
Z2SAAY4PB1-7680,Warehouse,0,0,0,1191.00
Z2SACC4PE1-6080,Warehouse,0,0,0,904.00
Z2SASM4FE1-3974,Warehouse,0,0,0,757.00
Z2SASM4FE1-3980,Warehouse,0,0,0,770.00
Z2SASM4FE1-5474,Warehouse,0,0,0,947.00
Z2SASM4FE1-6080,Koreatown,0,0,0,980.00
Z2SASM4FE1-6080,West LA,0,0,0,980.00
Z2SASM4FE1-6080,La Brea,0,0,0,980.00
Z2SASM4FE1-6080,Studio City,0,0,0,980.00
Z2SASM4FE1-6080,Warehouse,0,0,0,980.00
Z2SASM4FE1-7284,Warehouse,0,0,0,1191.00
Z2SASM4FE1-7680,Warehouse,0,0,0,1191.00
Z2SASM4PB1-3684,Warehouse,0,0,0,1142.00
Z2SASM4PB1-3974,Warehouse,0,0,0,1115.00
Z2SASM4PB1-3980,Warehouse,0,0,0,1142.00
Z2SASM4PB1-5474,Warehouse,0,0,0,1629.00
Z2SASM4PB1-6080,West LA,0,0,0,1642.00
Z2SASM4PB1-6080,La Brea,0,0,0,1642.00
Z2SASM4PB1-6080,Studio City,0,0,0,1642.00
Z2SASM4PB1-6080,Warehouse,0,0,0,1642.00
Z2SASM4PB1-7284,Warehouse,0,0,0,1898.00
Z2SASM4PB1-7680,Koreatown,0,0,0,1898.00
Z2SASM4PB1-7680,Warehouse,0,0,0,1898.00
Z6SBBXX1S4-3080,Warehouse,0,0,0,50.00
Z6SBBXX1S4-3684,Koreatown,0,0,0,70.00
Z6SBBXX1S4-3684,Warehouse,0,0,0,70.00
Z6SBBXX1S4-3974,West LA,0,0,0,68.00
Z6SBBXX1S4-3974,Warehouse,4,2,0,68.00
Z6SBBXX1S4-3980,Warehouse,4,2,0,70.00
Z6SBBXX1S4-5475,Warehouse,2,1,0,78.00
Z6SBBXX1S4-5480,Warehouse,0,0,0,85.00
Z6SBBXX1S4-6080,West LA,1,1,0,85.00
Z6SBBXX1S4-6080,La Brea,0,0,0,85.00
Z6SBBXX1S4-6080,Warehouse,5,0,0,85.00
Z6SBBXX1S9-3080,Warehouse,0,0,0,70.00
Z6SBBXX1S9-3684,Warehouse,2,0,0,70.00
Z6SBBXX1S9-3974,Koreatown,1,1,0,68.00
Z6SBBXX1S9-3974,West LA,1,1,0,68.00
Z6SBBXX1S9-3974,La Brea,0,0,0,68.00
Z6SBBXX1S9-3974,Warehouse,1,0,0,68.00
Z6SBBXX1S9-3980,Koreatown,0,0,0,70.00
Z6SBBXX1S9-3980,La Brea,0,0,0,70.00
Z6SBBXX1S9-3980,Warehouse,4,2,0,70.00
Z6SBBXX1S9-5474,Koreatown,0,0,0,78.00
Z6SBBXX1S9-5474,Studio City,0,0,0,78.00
Z6SBBXX1S9-5474,Warehouse,3,0,0,78.00
Z6SBBXX1S9-5480,Warehouse,0,0,0,85.00
Z6SBBXX1S9-6080,Koreatown,0,0,0,85.00
Z6SBBXX1S9-6080,West LA,1,0,0,85.00
Z6SBBXX1S9-6080,La Brea,0,0,0,85.00
Z6SBBXX1S9-6080,Warehouse,4,2,0,85.00
48600Q,Warehouse,0,0,0,110.00
CLOUDGELPT,West LA,0,0,0,550.00
CLOUDGELPT,Warehouse,0,0,0,550.00
ELE-MED-QN,Warehouse,0,0,0,500.00
MONETXFM-EK,Warehouse,0,0,0,750.00
SB-UNIV05-09-5000,Warehouse,0,0,0,94.00
SM-ASPENFM-3300,West LA,0,0,0,130.00
SM-ASPENFM-3300,La Brea,0,0,0,130.00
SM-ASPENFM-3300,Warehouse,0,0,0,130.00
SM-ASPENFM-33XL,Warehouse,0,0,0,140.50
SM-ASPENFM-4600,Warehouse,0,0,0,170.00
SM-ASPENFM-5000,Koreatown,0,0,0,198.00
SM-ASPENFM-5000,Warehouse,0,0,0,198.00
SM-DOGWDFM-3300,Koreatown,0,0,0,145.00
SM-DOGWDFM-3300,West LA,1,1,0,145.00
SM-DOGWDFM-3300,Warehouse,0,0,0,145.00
SM-DOGWDFM-4600,Koreatown,0,0,0,178.00
SM-DOGWDFM-4600,Warehouse,0,0,0,178.00
SM-DOGWDFM-5000,Warehouse,0,0,0,200.00
SM-DOGWDPT-3300,Koreatown,0,0,0,145.00
SM-DOGWDPT-3300,West LA,1,1,0,145.00
SM-DOGWDPT-3300,La Brea,0,0,0,145.00
SM-DOGWDPT-3300,Warehouse,0,0,0,145.00
SM-DOGWDPT-33XL,Warehouse,1,1,0,152.00
SM-DOGWDPT-4600,Warehouse,0,0,0,178.00
SM-DOGWDPT-5000,Warehouse,0,0,0,200.00
SM-ERINFET-5000,Warehouse,0,0,0,254.00
SM-FOXTAILFM-3300,West LA,0,0,0,119.00
SM-FOXTAILFM-3300,Warehouse,0,0,0,119.00
SM-FRANCESCAFM-5000,Warehouse,0,0,0,433.00
SM-HUGHESFM-5000,West LA,0,0,0,297.00
SM-HUGHESFM-5000,Warehouse,0,0,0,297.00
SM-HUGHESFM-6600,Warehouse,0,0,0,390.60
SM-HUGHESFM-6700,Warehouse,0,0,0,361.00
SM-HUGHESPT-33XL,Warehouse,0,0,0,249.90
SM-HUGHESPT-5000,Koreatown,0,0,0,283.50
SM-HUGHESPT-5000,West LA,0,0,0,283.50
SM-HUGHESPT-5000,Studio City,0,0,0,283.50
SM-HUGHESPT-5000,Warehouse,0,0,0,283.50
SM-HUGHESPT-6600,Warehouse,0,0,0,407.00
SM-ISABELPL-4600,Warehouse,0,0,0,323.00
SM-ISABELPL-5000,Warehouse,0,0,0,390.00
SM-ISABELPT-5000,Warehouse,0,0,0,390.00
SM-ISABELPT-6600,Warehouse,0,0,0,510.00
SM-JOSIEPT-5000,Warehouse,0,0,0,490.00
SM-KATRINAXF-5000,Warehouse,0,0,0,575.00
SM-KATRINAXF-6600,Warehouse,0,0,0,719.00
SM-KATRINAXF-6700,Koreatown,1,1,0,719.00
SM-KATRINAXF-6700,Warehouse,0,0,0,719.00
SM-OLIVEFM-3300,Koreatown,0,0,0,92.00
SM-OLIVEFM-3300,West LA,0,0,0,92.00
SM-OLIVEFM-3300,Warehouse,0,0,0,92.00
SM-OLIVEFM-33XL,Warehouse,0,0,0,98.00
SM-OLIVEFM-4600,Warehouse,0,0,0,126.00
SM-OLIVEFM-5000,Warehouse,0,0,0,149.00
SM-PALOVERD-3300,Koreatown,0,0,0,64.50
SM-PALOVERD-3300,West LA,0,0,0,64.50
SM-PALOVERD-3300,Warehouse,0,0,0,64.50
SM-PALOVERD-5000,Warehouse,0,0,0,100.00
SM-RAINERFM-6600,Warehouse,0,0,0,982.00
SM-SLOANPT-3300,Warehouse,0,0,0,283.00
SM-SLOANPT-5000,Koreatown,0,0,0,364.00
SM-SLOANPT-5000,West LA,0,0,0,364.00
SM-SLOANPT-5000,La Brea,0,0,0,364.00
SM-SLOANPT-5000,Warehouse,0,0,0,364.00
SM-VANGOGHPT-5000,Koreatown,1,1,0,396.00
SM-VANGOGHPT-5000,West LA,0,0,0,396.00
SM-VANGOGHPT-5000,Warehouse,1,0,0,396.00
151131P4,Koreatown,1,1,0,51.60
151131P4,West LA,5,2,0,51.60
151131P4,La Brea,2,1,0,51.60
151131P4,Studio City,3,1,0,51.60
151131P4,Warehouse,3,0,0,51.60
151141P5,Koreatown,1,1,0,71.60
151141P5,West LA,1,1,0,71.60
151141P5,La Brea,2,1,0,71.60
151141P5,Studio City,0,0,0,71.60
151141P5,Warehouse,1,1,0,71.60
151141P6,West LA,0,0,0,87.60
151141P6,Warehouse,4,0,0,87.60
53001331-PROMO,Warehouse,0,0,0,717.00
53001340,Warehouse,0,0,0,827.00
53001351,Koreatown,0,0,0,827.00
53001351,Studio City,0,0,0,827.00
53001351,Warehouse,0,0,0,827.00
53001351-PROMO,Warehouse,0,0,0,752.00
53001361,Warehouse,0,0,0,1037.00
53001362-PROMO,Warehouse,0,0,0,962.00
53007731,Warehouse,0,0,0,1254.00
53007731-PROMO,Warehouse,0,0,0,1190.00
53007732-PROMO,Warehouse,0,0,0,1190.00
53007751,Koreatown,0,0,0,1289.00
53007751,West LA,1,1,0,1289.00
53007751,Warehouse,0,0,0,1289.00
53007751-PROMO,Warehouse,0,0,0,1225.00
53007761,Warehouse,0,0,0,1499.00
53007761-PROMO,Warehouse,0,0,0,1435.00
53007762,Warehouse,0,0,0,1499.00
53007762-PROMO,Warehouse,0,0,0,1435.00
53008151,Warehouse,0,0,0,1839.00
53008161-PROMO,Warehouse,0,0,0,1954.00
53008162,Warehouse,0,0,0,2049.00
53008162-PROMO,Warehouse,0,0,0,1954.00
53008451,Studio City,1,1,0,1504.00
53008451,Warehouse,0,0,0,1504.00
53008451-PROMO,Warehouse,0,0,0,1354.00
53008461,Warehouse,0,0,0,1714.00
53008461-PROMO,Warehouse,1,0,0,1564.00
53008462,Warehouse,0,0,0,1714.00
53008462-PROMO,Warehouse,0,0,0,1564.00
53008851,Warehouse,0,0,0,1055.00
53008862-PROMO,Warehouse,0,0,0,1190.00
53008931,Warehouse,0,0,0,1020.00
53008931-PROMO,Warehouse,0,0,0,945.00
53008940,Warehouse,0,0,0,1055.00
53008940-PROMO,Warehouse,0,0,0,980.00
53008951,Koreatown,0,0,0,1055.00
53008951,West LA,0,0,0,1055.00
53008951,La Brea,0,0,0,1055.00
53008951,Studio City,0,0,0,1055.00
53008951,Warehouse,0,0,0,1055.00
53008951-PROMO,Studio City,0,0,0,980.00
53008951-PROMO,Warehouse,0,0,0,980.00
53008961,Warehouse,0,0,0,1265.00
53008961-PROMO,Warehouse,0,0,0,1190.00
53008962,Warehouse,0,0,0,1265.00
53008962-PROMO,Warehouse,0,0,0,1190.00
53009031,Warehouse,0,0,0,1340.00
53009031-PROMO,Warehouse,0,0,0,1190.00
53009051,Koreatown,0,0,0,1375.00
53009051,West LA,1,1,0,1375.00
53009051,La Brea,0,0,0,1375.00
53009051,Studio City,0,0,0,1375.00
53009051,Warehouse,2,2,0,1375.00
53009051-PROMO,Warehouse,1,0,0,1225.00
53009061,Warehouse,0,0,0,1585.00
53009061-PROMO,Warehouse,0,0,0,1435.00
53009062,Warehouse,0,0,0,1585.00
53009062-PROMO,Warehouse,0,0,0,1435.00
53009131,Warehouse,0,0,0,1108.00
53009132,Warehouse,0,0,0,1108.00
53009140,Warehouse,0,0,0,1143.00
53009151,West LA,0,0,0,1143.00
53009151,Studio City,0,0,0,1143.00
53009151,Warehouse,0,0,0,1143.00
53009151-PROMO,Warehouse,0,0,0,1068.00
53009161-PROMO,Warehouse,0,0,0,1278.00
53009162-PROMO,Warehouse,0,0,0,1278.00
53009531,Warehouse,0,0,0,1108.00
53009531-PROMO,Warehouse,2,0,0,1033.00
53009532,Warehouse,0,0,0,1108.00
53009540-PROMO,Warehouse,0,0,0,1068.00
53009551,West LA,1,1,0,1143.00
53009551,La Brea,0,0,0,1143.00
53009551,Warehouse,0,0,0,1143.00
53009551-PROMO,West LA,0,0,0,1068.00
53009551-PROMO,Warehouse,0,0,0,1068.00
53009561,Warehouse,0,0,0,1353.00
53009561-PROMO,Warehouse,0,0,0,1278.00
53009562,Warehouse,0,0,0,1353.00
53009562-PROMO,Warehouse,0,0,0,1278.00
53009962-PROMO,Warehouse,0,0,0,2634.00
53010051,Warehouse,0,0,0,2199.00
53010051-PROMO,Warehouse,0,0,0,2024.00
53010062-PROMO,Warehouse,0,0,0,2234.00
53019230,Koreatown,0,0,0,885.00
53019230,Warehouse,0,0,0,885.00
53019231,Warehouse,0,0,0,885.00
53019240-PROMO,Warehouse,0,0,0,845.00
53019251,Koreatown,0,0,0,920.00
53019251,Studio City,0,0,0,920.00
53019251,Warehouse,0,0,0,920.00
53019251-PROMO,Warehouse,0,0,0,845.00
53019261,Warehouse,0,0,0,1130.00
53019261-PROMO,Warehouse,0,0,0,1055.00
53019262,Warehouse,0,0,0,1130.00
53019262-PROMO,Warehouse,0,0,0,1055.00
53019331-PROMO,Warehouse,0,0,0,1412.00
53019351,Studio City,0,0,0,1597.00
53019351,Warehouse,0,0,0,1597.00
53019351-PROMO,Warehouse,0,0,0,1447.00
53019361,Warehouse,0,0,0,1807.00
53019361-PROMO,Warehouse,0,0,0,1657.00
53019362,West LA,1,1,0,1807.00
53019362,Warehouse,0,0,0,1807.00
53019362-PROMO,Warehouse,0,0,0,1657.00
53019431,Warehouse,0,0,0,1469.00
53019451,West LA,0,0,0,1504.00
53019451,Studio City,0,0,0,1504.00
53019451,Warehouse,1,1,0,1504.00
53019451-PROMO,West LA,1,1,0,1354.00
53019451-PROMO,Warehouse,0,0,0,1354.00
53019461,Warehouse,0,0,0,1714.00
53019461-PROMO,Warehouse,0,0,0,1564.00
53019462,Warehouse,1,0,0,1714.00
53019462-PROMO,Warehouse,0,0,0,1564.00
53019951,Warehouse,1,0,0,2199.00
53019961-PROMO,Warehouse,0,0,0,2234.00
53019962,Warehouse,0,0,0,2409.00
53019962-PROMO,Warehouse,0,0,0,2234.00
53051331,Warehouse,0,0,0,1020.00
53051331-PROMO,Warehouse,0,0,0,945.00
53051340,Warehouse,0,0,0,1055.00
53051340-PROMO,Warehouse,0,0,0,980.00
53051351,Koreatown,0,0,0,1055.00
53051351,West LA,0,0,0,1055.00
53051351,La Brea,0,0,0,1055.00
53051351,Studio City,0,0,0,1055.00
53051351,Warehouse,0,0,0,1055.00
53051351-PROMO,West LA,1,1,0,980.00
53051351-PROMO,La Brea,0,0,0,980.00
53051351-PROMO,Warehouse,0,0,0,980.00
53051361,Koreatown,0,0,0,1265.00
53051361,Warehouse,0,0,0,1265.00
53051361-PROMO,Warehouse,0,0,0,1190.00
53051362,Warehouse,0,0,0,1265.00
53051362-PROMO,Warehouse,0,0,0,1190.00
53167631-PROMO,Warehouse,0,0,0,810.00
53167640,Warehouse,0,0,0,920.00
53167640-PROMO,Warehouse,0,0,0,845.00
53167651,Warehouse,0,0,0,920.00
53167651-PROMO,Warehouse,0,0,0,845.00
53167661,Warehouse,0,0,0,1130.00
53167661-PROMO,Warehouse,0,0,0,1055.00
53167662-PROMO,Warehouse,0,0,0,1055.00
53167751,Warehouse,0,0,0,1679.00
53167751-PROMO,Warehouse,0,0,0,1529.00
53167762,Warehouse,0,0,0,1889.00
53167762-PROMO,Warehouse,0,0,0,1739.00
63048931,Warehouse,2,0,0,130.00
63048932,Warehouse,0,0,0,130.00
63048940,Warehouse,0,0,0,165.00
63048951,Koreatown,0,0,0,165.00
63048951,West LA,2,2,0,165.00
63048951,La Brea,0,0,0,165.00
63048951,Studio City,1,1,0,165.00
63048951,Warehouse,6,1,0,165.00
63049031,Warehouse,0,0,0,130.00
63049032,Warehouse,0,0,0,130.00
63049040,Warehouse,0,0,0,165.00
63049051,Warehouse,0,0,0,165.00
ES2-EPT-CK,Warehouse,0,0,0,1275.00
ES2-EPT-F,Warehouse,0,0,0,982.00
ES2-EPT-K,Warehouse,0,0,0,1275.00
ES2-EPT-Q,Koreatown,0,0,0,1005.00
ES2-EPT-Q,West LA,1,1,0,1005.00
ES2-EPT-Q,La Brea,0,0,0,1005.00
ES2-EPT-Q,Studio City,0,0,0,1005.00
ES2-EPT-Q,Warehouse,1,1,0,1005.00
ES2-EPT-SCK,Warehouse,0,0,0,960.00
ES2-EPT-TXL,Warehouse,0,0,0,960.00
ES4-EPS-K,Warehouse,0,0,0,1358.00
ES4-EPS-Q,Warehouse,0,0,0,1100.00
ES4-EPT-CK,Warehouse,0,0,0,1358.00
ES4-EPT-F,Warehouse,0,0,0,1078.00
ES4-EPT-K,Warehouse,0,0,0,1358.00
ES4-EPT-Q,Koreatown,0,0,0,1100.00
ES4-EPT-Q,West LA,0,0,0,1100.00
ES4-EPT-Q,La Brea,0,0,0,1100.00
ES4-EPT-Q,Warehouse,0,0,0,1100.00
ES4-EPT-SCK,Warehouse,0,0,0,1057.00
ES4-EPT-TXL,Studio City,0,0,0,1057.00
ES4-EPT-TXL,Warehouse,0,0,0,1057.00
ES4-TT-CK,Warehouse,0,0,0,1272.00
ES4-TT-F,Warehouse,0,0,0,992.00
ES4-TT-K,Warehouse,0,0,0,1272.00
ES4-TT-Q,Koreatown,0,0,0,1014.00
ES4-TT-Q,West LA,0,0,0,1014.00
ES4-TT-Q,La Brea,0,0,0,1014.00
ES4-TT-Q,Warehouse,0,0,0,1014.00
ES4-TT-SCK,Warehouse,0,0,0,971.00
ES4-TT-TXL,Studio City,0,0,0,971.00
ES4-TT-TXL,Warehouse,1,1,0,971.00
LE2-EFT-CK,West LA,0,0,0,1587.00
LE2-EFT-CK,Warehouse,0,0,0,1587.00
LE2-EFT-K,Warehouse,0,0,0,1587.00
LE2-EFT-Q,Warehouse,1,1,0,1335.00
LE2-EPT-CK,Warehouse,0,0,0,1587.00
LE2-EPT-F,Warehouse,0,0,0,1314.00
LE2-EPT-K,Warehouse,0,0,0,1587.00
LE2-EPT-Q,La Brea,0,0,0,1335.00
LE2-EPT-Q,Warehouse,0,0,0,1335.00
LE2-EPT-SCK,Warehouse,0,0,0,1293.00
LE2-EPT-TXL,Warehouse,0,0,0,1293.00
LE2-TT-CK,Warehouse,0,0,0,1458.00
LE2-TT-F,Warehouse,0,0,0,1185.00
LE2-TT-K,Warehouse,0,0,0,1458.00
LE2-TT-LX-CK,Koreatown,0,0,0,1458.00
LE2-TT-LX-CK,Warehouse,0,0,0,1458.00
LE2-TT-LX-F,Warehouse,0,0,0,1185.00
LE2-TT-LX-K,Warehouse,0,0,0,1458.00
LE2-TT-LX-Q,Koreatown,0,0,0,1206.00
LE2-TT-LX-Q,West LA,0,0,0,1206.00
LE2-TT-LX-Q,La Brea,0,0,0,1206.00
LE2-TT-LX-Q,Studio City,0,0,0,1206.00
LE2-TT-LX-Q,Warehouse,1,1,0,1206.00
LE2-TT-LX-SCK,Warehouse,0,0,0,1164.00
LE2-TT-LX-TXL,Warehouse,0,0,0,1164.00
LE2-TT-Q,Koreatown,0,0,0,1206.00
LE2-TT-Q,West LA,0,0,0,1206.00
LE2-TT-Q,La Brea,0,0,0,1206.00
LE2-TT-Q,Studio City,0,0,0,1206.00
LE2-TT-Q,Warehouse,1,1,0,1206.00
LE2-TT-SCK,Warehouse,0,0,0,1164.00
LE2-TT-TXL,Warehouse,0,0,0,1164.00
LE2-UPEPT-Q,La Brea,0,0,0,1329.00
LE2-UPEPT-Q,Warehouse,0,0,0,1329.00
RE2-EPT-CK,West LA,0,0,0,2490.00
RE2-EPT-CK,Warehouse,0,0,0,2490.00
RE2-EPT-F,Warehouse,0,0,0,2230.00
RE2-EPT-K,Koreatown,0,0,0,2490.00
RE2-EPT-K,Warehouse,0,0,0,2490.00
RE2-EPT-Q,Koreatown,0,0,0,2250.00
RE2-EPT-Q,West LA,0,0,0,2250.00
RE2-EPT-Q,La Brea,0,0,0,2250.00
RE2-EPT-Q,Studio City,0,0,0,2250.00
RE2-EPT-Q,Warehouse,0,0,0,2250.00
RE2-EPT-SCK,Warehouse,0,0,0,2210.00
RE2-EPT-TXL,Warehouse,0,0,0,2210.00
RE2-TT-CK,Warehouse,0,0,0,2090.00
RE2-TT-F,Warehouse,0,0,0,1830.00
RE2-TT-K,Warehouse,0,0,0,2090.00
RE2-TT-Q,Koreatown,0,0,0,1850.00
RE2-TT-Q,West LA,0,0,0,1850.00
RE2-TT-Q,Studio City,0,0,0,1850.00
RE2-TT-Q,Warehouse,0,0,0,1850.00
RE2-TT-SCK,Warehouse,0,0,0,1810.00
RE2-TT-TXL,Warehouse,0,0,0,1810.00
S&FBOX-LP-F,Warehouse,0,0,0,150.00
S&FBOX-LP-Q,Warehouse,0,0,0,150.00
S&FBOX-LP-SCK,Warehouse,0,0,0,130.00
S&FBOX-LP-SPLQ,Warehouse,0,0,0,100.00
S&FBOX-LP-TXL,Warehouse,0,0,0,130.00
S&FBOX-STD-F,Warehouse,0,0,0,150.00
S&FBOX-STD-Q,Koreatown,0,0,0,150.00
S&FBOX-STD-Q,West LA,2,2,0,150.00
S&FBOX-STD-Q,La Brea,0,0,0,150.00
S&FBOX-STD-Q,Studio City,3,3,0,150.00
S&FBOX-STD-Q,Warehouse,3,3,0,150.00
S&FBOX-STD-SCK,West LA,2,2,0,130.00
S&FBOX-STD-SCK,Warehouse,0,0,0,130.00
S&FBOX-STD-SPLQ,Warehouse,2,0,0,100.00
S&FBOX-STD-TXL,Koreatown,0,0,0,130.00
S&FBOX-STD-TXL,Studio City,0,0,0,130.00
S&FBOX-STD-TXL,Warehouse,0,0,0,130.00
851243003569,Warehouse,0,0,0,80.00
AA-BATTERIES,Koreatown,1,0,0,10.00
AA-BATTERIES,West LA,2,0,0,10.00
AA-BATTERIES,La Brea,6,0,0,10.00
AA-BATTERIES,Warehouse,0,0,0,10.00
AAA-BATTERIES,Koreatown,1,0,0,10.00
AAA-BATTERIES,West LA,2,0,0,10.00
AAA-BATTERIES,La Brea,7,0,0,10.00
AAA-BATTERIES,Studio City,3,0,0,10.00
AAA-BATTERIES,Warehouse,0,0,0,10.00
AFRAME-MATTRESSSIGN,Studio City,1,0,0,0.00
AFRAME-MATTRESSSIGN,Warehouse,0,0,0,0.00
AIRFRESHENER,Koreatown,2,0,0,4.00
AIRFRESHENER,West LA,1,0,0,4.00
AIRFRESHENER,La Brea,3,0,0,4.00
AIRFRESHENER,Studio City,0,0,0,4.00
AIRFRESHENER,Warehouse,1,0,0,4.00
AIRWICKREFILLS,Koreatown,3,0,0,1.00
AIRWICKREFILLS,West LA,5,0,0,1.00
AIRWICKREFILLS,Warehouse,0,0,0,1.00
ALLPURPOSECLEANER,Koreatown,0,0,0,4.00
ALLPURPOSECLEANER,West LA,0,0,0,4.00
ALLPURPOSECLEANER,La Brea,2,0,0,4.00
ALLPURPOSECLEANER,Warehouse,3,0,0,4.00
BALLOONSBLUE,West LA,0,0,0,20.00
BALLOONSBLUE,La Brea,1,0,0,20.00
BALLOONSBLUE,Warehouse,0,0,0,20.00
BALLOONSRED,Koreatown,1,0,0,20.00
BALLOONSRED,West LA,1,0,0,20.00
BALLOONSRED,La Brea,0,0,0,20.00
BALLOONSRED,Warehouse,0,0,0,20.00
BALLOONSWHITE,West LA,0,0,0,20.00
BALLOONSWHITE,La Brea,1,0,0,20.00
BALLOONSWHITE,Warehouse,0,0,0,20.00
BLACKTONER,Koreatown,0,0,0,65.00
BLACKTONER,West LA,3,0,0,65.00
BLACKTONER,La Brea,3,1,0,65.00
BLACKTONER,Studio City,0,0,0,65.00
BLACKTONER,Warehouse,0,0,0,65.00
BUSINESS-CARDS,West LA,1,0,0,0.00
BUSINESS-CARDS,La Brea,2,0,0,0.00
BUSINESS-CARDS,Studio City,1,0,0,0.00
BUSINESS-CARDS,Warehouse,1,0,0,0.00
CABINET-5,La Brea,1,0,0,0.00
CABINET-5,Warehouse,0,0,0,0.00
CREDITCARDPAPER,Koreatown,9,0,0,1.00
CREDITCARDPAPER,West LA,0,0,0,1.00
CREDITCARDPAPER,La Brea,8,0,0,1.00
CREDITCARDPAPER,Warehouse,26,0,0,1.00
CUSTOMERCHAIR,Koreatown,1,0,0,5.00
CUSTOMERCHAIR,West LA,5,1,0,5.00
CUSTOMERCHAIR,La Brea,2,0,0,5.00
CUSTOMERCHAIR,Studio City,0,0,0,5.00
CUSTOMERCHAIR,Warehouse,1,1,0,5.00
CYANTONER,West LA,2,0,0,75.00
CYANTONER,La Brea,6,0,0,75.00
CYANTONER,Studio City,0,0,0,75.00
CYANTONER,Warehouse,2,0,0,75.00
DESK,Warehouse,1,0,0,0.00
DESKTOP-COMPUTER,Koreatown,1,0,0,0.00
DESKTOP-COMPUTER,La Brea,1,0,0,0.00
DESKTOP-COMPUTER,Warehouse,0,0,0,0.00
EKB,West LA,2,0,0,0.00
EKB,Warehouse,45,0,0,0.00
EMPLOYEECHAIR,West LA,1,1,0,10.00
EMPLOYEECHAIR,Warehouse,0,0,0,10.00
ENVELOPES,La Brea,0,0,0,12.00
ENVELOPES,Warehouse,99,0,0,12.00
EXTENSIONCORD,Warehouse,1,0,0,0.00
FACIALTISSUE,Koreatown,0,0,0,2.00
FACIALTISSUE,West LA,1,0,0,2.00
FACIALTISSUE,La Brea,1,0,0,2.00
FACIALTISSUE,Warehouse,0,0,0,2.00
FRIDGE,La Brea,1,0,0,0.00
FRIDGE,Warehouse,1,0,0,0.00
GLASSCLEANER,La Brea,1,0,0,
GLASSCLEANER,Studio City,1,0,0,
GLASSCLEANER,Warehouse,19,0,0,
GRID,Warehouse,0,0,0,0.00
HANDSOAP,Koreatown,2,0,0,3.00
HANDSOAP,West LA,2,0,0,3.00
HANDSOAP,La Brea,0,0,0,3.00
HANDSOAP,Studio City,0,0,0,3.00
HANDSOAP,Warehouse,3,0,0,3.00
HAWK-T-F,Warehouse,0,0,0,170.00
HELIUMTANK,Koreatown,1,0,0,0.00
HELIUMTANK,West LA,1,0,0,0.00
HELIUMTANK,La Brea,1,0,0,0.00
HELIUMTANK,Studio City,2,1,0,0.00
HELIUMTANK,Warehouse,6,0,0,0.00
HIGHLIGHTER,La Brea,4,0,0,0.00
HIGHLIGHTER,Warehouse,3,0,0,0.00
INSPECTION,Warehouse,0,0,0,0.00
IRW-MATTRESSSALEKIT,Warehouse,0,0,0,72.95
LAMATTFOLDER,West LA,1,0,0,0.00
LAMATTFOLDER,La Brea,98,0,0,0.00
LAMATTFOLDER,Warehouse,0,0,0,0.00
LINTREMOVER,Koreatown,0,0,0,5.00
LINTREMOVER,La Brea,1,0,0,5.00
LINTREMOVER,Warehouse,3,0,0,5.00
MAGENTATONER,Koreatown,0,0,0,75.00
MAGENTATONER,West LA,2,0,0,75.00
MAGENTATONER,La Brea,7,0,0,75.00
MAGENTATONER,Studio City,0,0,0,75.00
MAGENTATONER,Warehouse,1,0,0,75.00
MICROWAVE,Warehouse,1,0,0,0.00
OPENSIGN,Studio City,1,0,0,0.00
OPENSIGN,Warehouse,0,0,0,0.00
PACKAGETAPE,West LA,1,0,0,1.00
PACKAGETAPE,La Brea,1,0,0,1.00
PACKAGETAPE,Warehouse,6,0,0,1.00
PAPER-SHREDDER,Warehouse,0,0,0,0.00
PAPERTOWELS,Koreatown,7,0,0,12.00
PAPERTOWELS,West LA,1,0,0,12.00
PAPERTOWELS,La Brea,10,0,0,12.00
PAPERTOWELS,Studio City,10,0,0,12.00
PAPERTOWELS,Warehouse,0,0,0,12.00
PENSPACK,Koreatown,0,0,0,20.00
PENSPACK,La Brea,2,0,0,20.00
PENSPACK,Warehouse,2,0,0,20.00
PERMANENTMARKER,La Brea,3,0,0,2.00
PERMANENTMARKER,Warehouse,9,0,0,2.00
PERMANENTPEN,West LA,1,0,0,1.00
PERMANENTPEN,Warehouse,23,0,0,1.00
PHONEINBOX,Warehouse,1,0,0,30.00
POST-ITS,Koreatown,0,0,0,4.50
POST-ITS,West LA,0,0,0,4.50
POST-ITS,La Brea,2,0,0,4.50
POST-ITS,Warehouse,0,0,0,4.50
PRINTER,Studio City,1,0,0,0.00
PRINTER,Warehouse,1,0,0,0.00
PRINTPAPER,Koreatown,17,0,0,4.00
PRINTPAPER,West LA,8,4,0,4.00
PRINTPAPER,La Brea,23,0,0,4.00
PRINTPAPER,Studio City,1,0,0,4.00
PRINTPAPER,Warehouse,0,0,0,4.00
QB,West LA,1,1,0,
QB,Warehouse,0,0,0,
RUBBERBANDS,Warehouse,5,0,0,1.00
SCOTCHTAPE,Koreatown,0,0,0,1.00
SCOTCHTAPE,La Brea,0,0,0,1.00
SCOTCHTAPE,Warehouse,21,0,0,1.00
STAINREMOVER,Koreatown,0,0,0,4.00
STAINREMOVER,La Brea,1,0,0,4.00
STAINREMOVER,Warehouse,4,0,0,4.00
STAMPS,Warehouse,0,0,0,20.00
STAPLER,Warehouse,0,0,0,1.00
STAPLES,La Brea,0,0,0,4.85
STAPLES,Warehouse,9,0,0,4.85
TAPEMEASURE,West LA,1,0,0,10.00
TAPEMEASURE,Warehouse,0,0,0,10.00
TOILETPAPER,Koreatown,3,0,0,4.00
TOILETPAPER,West LA,2,1,0,4.00
TOILETPAPER,La Brea,6,0,0,4.00
TOILETPAPER,Studio City,2,0,0,4.00
TOILETPAPER,Warehouse,0,0,0,4.00
TRASHBAG10GAL,West LA,2,0,0,3.00
TRASHBAG10GAL,Warehouse,0,0,0,3.00
TRASHBAG13GAL,Koreatown,1,0,0,5.00
TRASHBAG13GAL,West LA,0,0,0,5.00
TRASHBAG13GAL,La Brea,2,0,0,5.00
TRASHBAG13GAL,Warehouse,16,0,0,5.00
TRASHBAG30GAL,La Brea,1,0,0,5.00
TRASHBAG30GAL,Warehouse,0,0,0,5.00
WATERCOOLER,Koreatown,1,0,0,119.00
WATERCOOLER,Warehouse,0,0,0,119.00
WHITEOUT,West LA,1,0,0,1.00
WHITEOUT,La Brea,0,0,0,1.00
WHITEOUT,Warehouse,8,0,0,1.00
XFB,Warehouse,6,0,0,5.00
YELLOWTONER,Koreatown,1,0,0,75.00
YELLOWTONER,West LA,1,0,0,75.00
YELLOWTONER,La Brea,6,0,0,75.00
YELLOWTONER,Studio City,1,0,0,75.00
YELLOWTONER,Warehouse,0,0,0,75.00
iPhone,Koreatown,1,0,0,0.00
iPhone,Warehouse,0,0,0,0.00
10203261,Warehouse,0,0,0,3330.00
10203261-PROMO,Warehouse,1,1,0,3240.00
10238232-PROMO,Warehouse,0,0,0,2291.00
10238251,La Brea,0,0,0,2601.00
10238251,Warehouse,1,1,0,2601.00
10238251-PROMO,Warehouse,0,0,0,2511.00
10238261,Warehouse,0,0,0,2931.00
10238261-PROMO,Warehouse,0,0,0,2841.00
10238262-PROMO,Warehouse,0,0,0,2841.00
10241231-PROMO,Warehouse,0,0,0,1719.00
10241251,Warehouse,0,0,0,2009.00
10241261,Warehouse,0,0,0,2349.00
10241262-PROMO,Warehouse,0,0,0,2259.00
10242262,Warehouse,0,0,0,2349.00
10242262-PROMO,Warehouse,0,0,0,2259.00
10243251,Warehouse,0,0,0,2601.00
10243261-PROMO,Warehouse,0,0,0,2841.00
10243262,Warehouse,0,0,0,2931.00
10243262-PROMO,Warehouse,0,0,0,2841.00
10244251,Warehouse,0,0,0,2601.00
10244251-PROMO,Koreatown,0,0,0,2511.00
10244251-PROMO,West LA,0,0,0,2511.00
10244251-PROMO,La Brea,0,0,0,2511.00
10244251-PROMO,Warehouse,1,1,0,2511.00
10244261,Warehouse,0,0,0,2931.00
10244261-PROMO,Warehouse,0,0,0,2841.00
10244262,Warehouse,0,0,0,2931.00
10244262-PROMO,Warehouse,0,0,0,2841.00
10728231,Warehouse,0,0,0,1929.00
10728231-PROMO,Warehouse,0,0,0,1839.00
10728232,Warehouse,0,0,0,1929.00
10728232-PROMO,Warehouse,0,0,0,1839.00
10728251,West LA,1,1,0,2154.00
10728251,Warehouse,0,0,0,2154.00
10728251-PROMO,Warehouse,0,0,0,2064.00
10728261,Warehouse,0,0,0,2469.00
10728261-PROMO,Warehouse,0,0,0,2379.00
10728262,Warehouse,0,0,0,2469.00
10728262-PROMO,Warehouse,0,0,0,2379.00
10745130,Warehouse,0,0,0,804.00
10745130-PROMO,Warehouse,0,0,0,774.00
10745131,Studio City,1,1,0,804.00
10745131,Warehouse,0,0,0,804.00
10745131-PROMO,Warehouse,0,0,0,774.00
10745132,Warehouse,0,0,0,804.00
10745132-PROMO,Warehouse,0,0,0,774.00
10745140,Warehouse,0,0,0,964.00
10745140-PROMO,Warehouse,0,0,0,934.00
10745151,Koreatown,1,1,0,1034.00
10745151,West LA,1,1,0,1034.00
10745151,La Brea,1,1,0,1034.00
10745151,Warehouse,0,0,0,1034.00
10745151-PROMO,Warehouse,4,0,0,1004.00
10745161,Warehouse,0,0,0,1355.00
10745161-PROMO,Warehouse,0,0,0,1325.00
10745162,Warehouse,0,0,0,1355.00
10745162-PROMO,Warehouse,0,0,0,1325.00
10746130,Warehouse,0,0,0,944.00
10746130-PROMO,Warehouse,0,0,0,914.00
10746131,Studio City,1,1,0,944.00
10746131,Warehouse,0,0,0,944.00
10746131-PROMO,Warehouse,0,0,0,914.00
10746132-PROMO,Warehouse,0,0,0,914.00
10746140,Warehouse,0,0,0,1104.00
10746140-PROMO,Warehouse,0,0,0,1074.00
10746151,Koreatown,0,0,0,1174.00
10746151,West LA,1,1,0,1174.00
10746151,La Brea,0,0,0,1174.00
10746151,Warehouse,1,0,0,1174.00
10746151-PROMO,Warehouse,0,0,0,1144.00
10746161,Warehouse,0,0,0,1495.00
10746161-PROMO,Warehouse,1,1,0,1465.00
10746162,Warehouse,0,0,0,1495.00
10746162-PROMO,Warehouse,0,0,0,1465.00
10747130,Warehouse,0,0,0,1340.00
10747130-PROMO,Warehouse,0,0,0,1280.00
10747131,Warehouse,0,0,0,1340.00
10747131-PROMO,Warehouse,0,0,0,1280.00
10747140,Warehouse,0,0,0,1497.00
10747140-PROMO,Warehouse,0,0,0,1437.00
10747151,Koreatown,0,0,0,1565.00
10747151,West LA,1,1,0,1565.00
10747151,La Brea,1,1,0,1565.00
10747151,Studio City,0,0,0,1565.00
10747151,Warehouse,2,0,0,1565.00
10747151-PROMO,Warehouse,1,0,0,1505.00
10747161,Warehouse,0,0,0,1880.00
10747161-PROMO,Warehouse,2,0,0,1820.00
10747162,Warehouse,0,0,0,1880.00
10747162-PROMO,Warehouse,0,0,0,1820.00
10748131,Warehouse,0,0,0,1340.00
10748131-PROMO,Warehouse,0,0,0,1280.00
10748132,Warehouse,0,0,0,1340.00
10748151,Koreatown,0,0,0,1565.00
10748151,West LA,1,1,0,1565.00
10748151,Warehouse,1,0,0,1565.00
10748151-PROMO,Warehouse,1,0,0,1505.00
10748161,Warehouse,0,0,0,1880.00
10748161-PROMO,Warehouse,0,0,0,1820.00
10748162,Warehouse,0,0,0,1880.00
10748162-PROMO,Warehouse,0,0,0,1820.00
10749130-PROMO,Warehouse,0,0,0,1280.00
10749131,Warehouse,0,0,0,1340.00
10749151,Warehouse,0,0,0,1565.00
10749162-PROMO,Warehouse,0,0,0,1820.00
10752130,Warehouse,0,0,0,1340.00
10752131,Warehouse,0,0,0,1340.00
10752131-PROMO,Warehouse,1,0,0,1280.00
10752132,Warehouse,0,0,0,1340.00
10752132-PROMO,Warehouse,0,0,0,1280.00
10752140,Warehouse,0,0,0,1497.00
10752140-PROMO,Warehouse,0,0,0,1437.00
10752151,Koreatown,0,0,0,1565.00
10752151,West LA,1,1,0,1565.00
10752151,La Brea,0,0,0,1565.00
10752151,Studio City,1,1,0,1565.00
10752151,Warehouse,0,0,0,1565.00
10752151-PROMO,Koreatown,0,0,0,1505.00
10752151-PROMO,Warehouse,1,0,0,1505.00
10752161,Warehouse,0,0,0,1880.00
10752161-PROMO,Warehouse,1,0,0,1820.00
10752162,Warehouse,0,0,0,1880.00
10752162-PROMO,Warehouse,0,0,0,1820.00
10753151,Warehouse,0,0,0,1971.00
10753151-PROMO,Warehouse,0,0,0,2064.00
10753161,Warehouse,0,0,0,2469.00
10753161-PROMO,Warehouse,0,0,0,2379.00
10753162-PROMO,Warehouse,0,0,0,2379.00
10754151,Warehouse,1,0,0,2154.00
10754151-PROMO,West LA,0,0,0,2064.00
10754151-PROMO,Warehouse,1,1,0,2064.00
10754161,Warehouse,0,0,0,2286.00
10754161-PROMO,Warehouse,0,0,0,2379.00
10754162-PROMO,Warehouse,0,0,0,2379.00
15374250,Koreatown,1,1,0,70.00
15374250,West LA,1,1,0,70.00
15374250,La Brea,2,1,0,70.00
15374250,Studio City,0,0,0,70.00
15374250,Warehouse,2,0,0,70.00
15374270,West LA,0,0,0,84.00
15374270,Warehouse,1,1,0,84.00
15376250,Koreatown,0,0,0,70.00
15376250,West LA,4,3,0,70.00
15376250,La Brea,2,0,0,70.00
15376250,Studio City,0,0,0,70.00
15376250,Warehouse,4,0,0,70.00
15376270,La Brea,0,0,0,84.00
15376270,Studio City,0,0,0,84.00
15376270,Warehouse,0,0,0,84.00
15381225,Studio City,0,0,0,104.00
15381225,Warehouse,4,0,0,104.00
15381250,Koreatown,0,0,0,87.00
15381250,West LA,2,1,0,87.00
15381250,La Brea,3,1,0,87.00
15381250,Studio City,0,0,0,87.00
15381250,Warehouse,9,0,0,87.00
15382225,Warehouse,4,0,0,104.00
15382250,Koreatown,0,0,0,87.00
15382250,West LA,2,1,0,87.00
15382250,La Brea,1,0,0,87.00
15382250,Studio City,0,0,0,87.00
15382250,Warehouse,6,0,0,87.00
25552131,Warehouse,0,0,0,825.00
25552131-PROMO,Warehouse,0,0,0,795.00
25552132,Warehouse,0,0,0,825.00
25552132-PROMO,Warehouse,0,0,0,795.00
25552140,Warehouse,0,0,0,875.00
25552140-PROMO,Warehouse,0,0,0,845.00
25552151,Koreatown,1,1,0,875.00
25552151,West LA,1,1,0,875.00
25552151,La Brea,0,0,0,875.00
25552151,Studio City,1,1,0,875.00
25552151,Warehouse,1,0,0,875.00
25552151-PROMO,Warehouse,1,0,0,845.00
25552161,Warehouse,1,0,0,1225.00
25552161-PROMO,Warehouse,1,0,0,1195.00
25552162,Warehouse,0,0,0,1225.00
25552162-PROMO,Warehouse,0,0,0,1195.00
25553131,Warehouse,0,0,0,1075.00
25553131-PROMO,Warehouse,0,0,0,1015.00
25553132,Warehouse,0,0,0,1075.00
25553132-PROMO,Warehouse,0,0,0,1015.00
25553151,Warehouse,0,0,0,1125.00
25553161,Warehouse,0,0,0,1475.00
25553161-PROMO,Warehouse,0,0,0,1415.00
25553162,Warehouse,0,0,0,1475.00
25553162-PROMO,Warehouse,0,0,0,1415.00
25554131,Warehouse,2,2,0,1330.00
25554131-PROMO,Warehouse,2,2,0,1270.00
25554132,Warehouse,0,0,0,1330.00
25554132-PROMO,Warehouse,0,0,0,1270.00
25554151,Warehouse,0,0,0,1380.00
25554151-PROMO,West LA,1,1,0,1320.00
25554151-PROMO,La Brea,0,0,0,1320.00
25554151-PROMO,Warehouse,1,0,0,1320.00
25554161,Warehouse,0,0,0,1725.00
25554161-PROMO,Warehouse,0,0,0,1665.00
25554162,Warehouse,0,0,0,1725.00
25554162-PROMO,Warehouse,0,0,0,1665.00
25556131-PROMO,Warehouse,0,0,0,1690.00
40100531,Warehouse,0,0,0,68.00
42557299,Koreatown,0,0,0,41.00
42557299,West LA,0,0,0,41.00
42557299,Warehouse,0,0,0,41.00
45188196,La Brea,0,0,0,34.00
45188196,Warehouse,2,0,0,34.00
455721,Warehouse,0,0,0,150.00
455722,Warehouse,1,0,0,41.00
507691,Koreatown,1,0,0,32.00
507691,West LA,1,0,0,32.00
507691,La Brea,1,1,0,32.00
507691,Studio City,1,0,0,32.00
507691,Warehouse,0,0,0,32.00
ADAPT-M-HYB-CK,Warehouse,0,0,0,1495.00
ADAPT-MED-CK,Warehouse,0,0,0,1355.00
ADAPT-MED-F,Warehouse,0,0,0,964.00
ADAPT-MED-K,Warehouse,0,0,0,1355.00
ADAPT-MED-Q,Koreatown,0,0,0,1034.00
ADAPT-MED-Q,West LA,0,0,0,1034.00
ADAPT-MED-Q,La Brea,0,0,0,1034.00
ADAPT-MED-Q,Studio City,0,0,0,1034.00
ADAPT-MED-Q,Warehouse,0,0,0,1034.00
ADAPT-MED-SCK,Warehouse,0,0,0,804.00
ADAPT-MED-T,Warehouse,0,0,0,804.00
ADAPT-MED-TXL,Koreatown,1,1,0,804.00
ADAPT-MED-TXL,Studio City,0,0,0,804.00
ADAPT-MED-TXL,Warehouse,0,0,0,804.00
ADAPT-MEDHYB-F,Warehouse,1,1,0,1104.00
ADAPT-MEDHYB-K,Warehouse,0,0,0,1495.00
ADAPT-MEDHYB-Q,West LA,0,0,0,1174.00
ADAPT-MEDHYB-Q,Warehouse,0,0,0,1174.00
ADAPT-MEDHYB-SCK,Warehouse,0,0,0,944.00
ADAPT-MEDHYB-T,Warehouse,0,0,0,944.00
ADAPT-MEDHYB-TXL,Studio City,0,0,0,944.00
ADAPT-MEDHYB-TXL,Warehouse,0,0,0,944.00
ADAPTMED-COVER-Q,Warehouse,0,0,0,205.00
LUXADAPT-F-CK,Warehouse,0,0,0,2240.00
LUXADAPT-F-K,Warehouse,0,0,0,2240.00
LUXADAPT-F-Q,Koreatown,0,0,0,1925.00
LUXADAPT-F-Q,West LA,0,0,0,1925.00
LUXADAPT-F-Q,La Brea,0,0,0,1925.00
LUXADAPT-F-Q,Studio City,0,0,0,1925.00
LUXADAPT-F-Q,Warehouse,0,0,0,1925.00
LUXADAPT-F-SCK,Warehouse,0,0,0,1700.00
LUXADAPT-F-TXL,Warehouse,0,0,0,1700.00
LUXADAPT-S-CK,Warehouse,0,0,0,2240.00
LUXADAPT-S-K,Warehouse,0,0,0,2240.00
LUXADAPT-S-Q,Koreatown,0,0,0,1925.00
LUXADAPT-S-Q,West LA,0,0,0,1925.00
LUXADAPT-S-Q,La Brea,0,0,0,1925.00
LUXADAPT-S-Q,Studio City,0,0,0,1925.00
LUXADAPT-S-Q,Warehouse,0,0,0,1925.00
LUXADAPT-S-SCK,Warehouse,0,0,0,1700.00
LUXADAPT-S-TXL,Warehouse,0,0,0,1700.00
PROADAPT-F-CK,Warehouse,0,0,0,1880.00
PROADAPT-F-F,Warehouse,0,0,0,1497.00
PROADAPT-F-K,Warehouse,0,0,0,1880.00
PROADAPT-F-Q,Koreatown,0,0,0,1565.00
PROADAPT-F-Q,West LA,0,0,0,1565.00
PROADAPT-F-Q,La Brea,0,0,0,1565.00
PROADAPT-F-Q,Studio City,0,0,0,1565.00
PROADAPT-F-Q,Warehouse,0,0,0,1565.00
PROADAPT-F-SCK,Warehouse,0,0,0,1340.00
PROADAPT-F-T,Warehouse,0,0,0,1340.00
PROADAPT-F-TXL,Warehouse,0,0,0,1340.00
PROADAPT-HM-CK,Warehouse,0,0,0,1880.00
PROADAPT-M-CK,Warehouse,0,0,0,1880.00
PROADAPT-M-F,Warehouse,0,0,0,1497.00
PROADAPT-M-HYB-F,Warehouse,0,0,0,1497.00
PROADAPT-M-HYB-K,Warehouse,0,0,0,1880.00
PROADAPT-M-HYB-Q,West LA,0,0,0,1565.00
PROADAPT-M-HYB-Q,Warehouse,0,0,0,1565.00
PROADAPT-M-HYB-T,Warehouse,0,0,0,1340.00
PROADAPT-M-HYB-TXL,Warehouse,0,0,0,1340.00
PROADAPT-M-K,Koreatown,0,0,0,1880.00
PROADAPT-M-K,Warehouse,0,0,0,1880.00
PROADAPT-M-Q,Koreatown,0,0,0,1565.00
PROADAPT-M-Q,West LA,0,0,0,1565.00
PROADAPT-M-Q,La Brea,0,0,0,1565.00
PROADAPT-M-Q,Studio City,1,1,0,1565.00
PROADAPT-M-Q,Warehouse,0,0,0,1565.00
PROADAPT-M-SCK,Warehouse,0,0,0,1340.00
PROADAPT-M-T,Warehouse,0,0,0,1340.00
PROADAPT-M-TXL,Warehouse,0,0,0,1340.00
PROADAPT-S-CK,Warehouse,0,0,0,1880.00
PROADAPT-S-F,Warehouse,0,0,0,1497.00
PROADAPT-S-K,Warehouse,0,0,0,1880.00
PROADAPT-S-Q,Koreatown,0,0,0,1565.00
PROADAPT-S-Q,West LA,0,0,0,1565.00
PROADAPT-S-Q,La Brea,0,0,0,1565.00
PROADAPT-S-Q,Studio City,0,0,0,1565.00
PROADAPT-S-Q,Warehouse,1,1,0,1565.00
PROADAPT-S-SCK,Warehouse,0,0,0,1340.00
PROADAPT-S-T,Warehouse,0,0,0,1340.00
PROADAPT-S-TXL,Warehouse,0,0,0,1340.00
TEMP-ERG-ST-CK-1PC,Warehouse,0,0,0,1350.00
TEMP-ERG-ST-Q,Warehouse,0,0,0,1000.00
TEMP-ERG-ST-TXL,Warehouse,0,0,0,675.00
TEMP-EXT-ST-Q,La Brea,0,0,0,1305.00
TEMP-EXT-ST-Q,Warehouse,0,0,0,1305.00
TEMP-EXT-ST-SCK,Warehouse,0,0,0,1200.00
TEMP-NECK-STD,Koreatown,0,0,0,76.50
TEMP-NECK-STD,West LA,1,0,0,76.50
TEMP-NECK-STD,La Brea,3,1,0,76.50
TEMP-NECK-STD,Studio City,0,0,0,76.50
TEMP-NECK-STD,Warehouse,2,0,0,76.50
TEMP-SY,West LA,2,1,0,63.50
TEMP-SY,La Brea,2,2,0,63.50
TEMP-SY,Studio City,0,0,0,63.50
TEMP-SY,Warehouse,3,1,0,63.50
TEMPUR-ERGO-CK-1PC,Warehouse,0,0,0,1200.00
TEMPUR-ERGO-F,Warehouse,0,0,0,850.00
TEMPUR-ERGO-TXL,Warehouse,0,0,0,600.00
TEMPUR-UHB,Warehouse,1,0,0,22.00
TEMPURBOX-LP-F,Warehouse,0,0,0,195.00
TEMPURBOX-LP-Q,Koreatown,0,0,0,195.00
TEMPURBOX-LP-Q,Studio City,0,0,0,195.00
TEMPURBOX-LP-Q,Warehouse,2,0,0,195.00
TEMPURBOX-LP-SCK,Warehouse,0,0,0,135.00
TEMPURBOX-LP-SPLQ,Warehouse,0,0,0,125.00
TEMPURBOX-LP-T,Warehouse,0,0,0,135.00
TEMPURBOX-LP-TXL,Warehouse,3,1,0,135.00
TEMPURBOX-STD-F,Warehouse,0,0,0,195.00
TEMPURBOX-STD-Q,Koreatown,0,0,0,195.00
TEMPURBOX-STD-Q,West LA,2,2,0,195.00
TEMPURBOX-STD-Q,La Brea,1,1,0,195.00
TEMPURBOX-STD-Q,Studio City,5,5,0,195.00
TEMPURBOX-STD-Q,Warehouse,2,2,0,195.00
TEMPURBOX-STD-SCK,West LA,0,0,0,135.00
TEMPURBOX-STD-SCK,Warehouse,0,0,0,135.00
TEMPURBOX-STD-SPLQ,Warehouse,0,0,0,125.00
TEMPURBOX-STD-T,Warehouse,0,0,0,135.00
TEMPURBOX-STD-TXL,Koreatown,0,0,0,135.00
TEMPURBOX-STD-TXL,Warehouse,1,0,0,135.00
TEMPURBOX-ULP-F,Warehouse,0,0,0,195.00
TEMPURBOX-ULP-Q,Warehouse,0,0,0,195.00
TEMPURBOX-ULP-SCK,Warehouse,2,0,0,135.00
TEMPURBOX-ULP-T,Warehouse,0,0,0,135.00
TEMPURBOX-ULP-TXL,Warehouse,2,0,0,135.00
TPF40103,Koreatown,2,0,0,0.00
TPF40103,West LA,3,0,0,0.00
TPF40103,Warehouse,0,0,0,0.00
BASEINSTALL,Warehouse,0,0,0,20.00
CLEANBED,West LA,1,0,0,0.00
CLEANBED,Warehouse,0,0,0,0.00
FURNINSTALL,Warehouse,0,0,0,
FURNREMOVAL,Warehouse,0,0,0,
MATTRESS-FLR-CLEAN,Warehouse,0,0,0,
SERVICE01,Koreatown,0,0,0,0.00
SERVICE01,La Brea,0,0,0,0.00
SERVICE01,Warehouse,0,0,0,0.00
SHEETS,Warehouse,1,0,0,0.01
VDS-OUTSIDE-DELIVERY,Koreatown,0,0,0,
VDS-OUTSIDE-DELIVERY,West LA,0,0,0,
VDS-OUTSIDE-DELIVERY,La Brea,0,0,0,
VDS-OUTSIDE-DELIVERY,Studio City,0,0,0,
VDS-OUTSIDE-DELIVERY,Warehouse,0,0,0,
22773NIGHTSTAND,Warehouse,1,1,0,102.00
59852,West LA,4,0,0,59.00
59852,Studio City,4,0,0,59.00
STEEL-CHAIR,Studio City,2,2,0,0.00
8811G,Warehouse,0,0,0,29.50
8816G,Warehouse,0,0,0,29.50
CF38,Warehouse,0,0,0,18.00
CF38XL,Warehouse,0,0,0,19.00
CF53,Warehouse,0,0,0,21.00
CF60,Warehouse,0,0,0,23.00
CF72,Warehouse,0,0,0,19.00
CH38,Warehouse,0,0,0,22.00
CH38XL,La Brea,3,0,0,23.00
CH38XL,Warehouse,5,0,0,23.00
CH53,La Brea,0,0,0,25.00
CH53,Warehouse,0,0,0,25.00
CH60,Koreatown,0,0,0,27.00
CH60,West LA,0,0,0,27.00
CH60,La Brea,0,0,0,27.00
CH60,Warehouse,4,0,0,27.00
CH72,Koreatown,0,0,0,36.00
CH72,Warehouse,2,0,0,36.00
CH76,Koreatown,1,0,0,36.00
CH76,La Brea,2,0,0,36.00
CH76,Studio City,1,0,0,36.00
CH76,Warehouse,14,0,0,36.00
CN38,Warehouse,8,0,0,16.00
CN53,Warehouse,12,0,0,19.00
CN60,Koreatown,0,0,0,20.00
CN60,Studio City,0,0,0,20.00
CN60,Warehouse,14,0,0,20.00
CN72,Warehouse,12,0,0,26.00
CN76,Warehouse,0,0,0,26.00
CS38,La Brea,0,0,0,20.00
CS38,Warehouse,2,0,0,20.00
CS38XL,Warehouse,3,0,0,21.00
CS53,Koreatown,0,0,0,23.00
CS53,La Brea,0,0,0,23.00
CS53,Warehouse,4,0,0,23.00
CS60,La Brea,2,2,0,25.00
CS60,Warehouse,8,0,0,25.00
CS72,Koreatown,1,0,0,34.00
CS72,Warehouse,2,0,0,34.00
CS76,Koreatown,1,0,0,34.00
CS76,Warehouse,3,0,0,34.00
CT38,La Brea,2,0,0,13.00
CT38,Warehouse,12,0,0,13.00
CT38XL,Warehouse,7,0,0,14.00
CT53,Studio City,0,0,0,15.00
CT53,Warehouse,12,0,0,15.00
CT60,Koreatown,3,0,0,17.00
CT60,West LA,5,0,0,17.00
CT60,La Brea,2,0,0,17.00
CT60,Studio City,0,0,0,17.00
CT60,Warehouse,17,3,0,17.00
CT72,Warehouse,0,0,0,22.00
CT76,Koreatown,0,0,0,22.00
CT76,Studio City,3,0,0,22.00
CT76,Warehouse,22,0,0,22.00
K81,Warehouse,0,0,0,26.00
K81G,Koreatown,1,1,0,30.00
K81G,La Brea,3,0,0,30.00
K81G,Warehouse,6,0,0,30.00
K87,Warehouse,12,0,0,35.50
K87G,La Brea,3,1,0,40.00
K87G,Warehouse,9,4,0,40.00
K88,Warehouse,4,0,0,39.50
K88G,Warehouse,7,0,0,46.00
PM2416,Koreatown,0,0,0,8.00
PM2416,West LA,0,0,0,8.00
PM2416,La Brea,0,0,0,8.00
PM2416,Studio City,0,0,0,8.00
PM2416,Warehouse,0,0,0,8.00
PM2815,Koreatown,1,1,0,10.00
PM2815,West LA,4,1,0,10.00
PM2815,La Brea,3,2,0,10.00
PM2815,Studio City,4,3,0,10.00
PM2815,Warehouse,50,0,0,10.00
PMGR2,Koreatown,12,0,0,6.00
PMGR2,West LA,2,0,0,6.00
PMGR2,La Brea,8,0,0,6.00
PMGR2,Studio City,3,0,0,6.00
PMGR2,Warehouse,40,0,0,6.00
SOFA-M-Q,Warehouse,0,0,0,135.00
1644-280,Warehouse,0,0,0,548.44
1644-280B,Warehouse,0,0,0,385.12
1644-9100,Warehouse,0,0,0,498.78
I206-406,Warehouse,0,0,0,151.96
I206-407D,Warehouse,0,0,0,480.53
I206-415,Warehouse,0,0,0,547.78
I227-450,Koreatown,1,1,0,227.29
I227-450,Warehouse,0,0,0,227.29
I227-451N,La Brea,1,1,0,150.80
I227-451N,Warehouse,0,0,0,150.80
I227-471,Koreatown,1,1,0,158.55
I227-471,La Brea,1,1,0,158.55
I227-471,Warehouse,0,0,0,158.55
I227-472,Warehouse,0,0,0,79.34
I227-472D,Koreatown,1,1,0,227.29
I227-472D,La Brea,1,1,0,227.29
I227-472D,Warehouse,0,0,0,227.29
I227-473,Koreatown,1,1,0,207.34
I227-473,La Brea,1,1,0,207.34
I227-473,Warehouse,0,0,0,207.34
I227-474,Warehouse,0,0,0,279.06
I227-475,Warehouse,0,0,0,197.37
I227-476,Warehouse,0,0,0,125.02
I227-476D,Warehouse,0,0,0,278.41
I256-402,Koreatown,1,1,0,108.06
I256-402,Warehouse,0,0,0,108.06
I256-403,Koreatown,1,1,0,82.44
I256-403,Warehouse,0,0,0,82.44
I256-406,West LA,1,1,0,141.56
I256-406,Warehouse,0,0,0,141.56
I256-407,West LA,1,1,0,124.56
I256-407,Warehouse,0,0,0,124.56
I256-412,Koreatown,1,1,0,214.64
I256-412,Warehouse,0,0,0,214.64
I256-415,West LA,1,1,0,301.46
I256-415,Warehouse,0,0,0,301.46
I256-450,Koreatown,1,1,0,239.93
I256-450,West LA,1,1,0,239.93
I256-450,Warehouse,3,0,0,239.93
I256-451,Warehouse,0,0,0,197.75
I256-454,Warehouse,0,0,0,508.53
I256-469,West LA,1,1,0,687.77
I256-469,Warehouse,1,0,0,687.77
I262-407,Warehouse,0,0,0,297.95
I262-410,Warehouse,0,0,0,286.91
I262-415,Warehouse,0,0,0,616.86
I262-451,Warehouse,0,0,0,506.51
I262-453,Warehouse,0,0,0,858.52
I262-462,Warehouse,0,0,0,262.63
IML-402-GRY,Koreatown,1,1,0,72.39
IML-402-GRY,Warehouse,1,1,0,72.39
IML-403-GRY,Koreatown,1,1,0,83.23
IML-403-GRY,Warehouse,1,1,0,83.23
IML-406-GRY,Warehouse,1,1,0,119.00
IML-407-GRY,West LA,1,1,0,134.67
IML-407-GRY,Warehouse,0,0,0,134.67
IML-407D-GRY,Warehouse,0,0,0,318.00
IML-410-GRY,West LA,1,1,0,112.82
IML-410-GRY,Warehouse,0,0,0,112.82
IML-412-GRY,Koreatown,1,1,0,177.40
IML-412-GRY,Warehouse,1,1,0,177.40
IML-415-GRY,West LA,1,1,0,269.00
IML-415-GRY,Warehouse,0,0,0,269.00
IML-450-BRN,Warehouse,0,0,0,211.38
IML-450-GRY,Koreatown,1,1,0,219.00
IML-450-GRY,West LA,1,1,0,219.00
IML-450-GRY,Warehouse,0,0,0,219.00
IML-453-BRN,Warehouse,0,0,0,481.13
IML-453-GRY,Warehouse,0,0,0,482.15
IML-457-GRY,Koreatown,1,1,0,662.93
IML-457-GRY,West LA,1,1,0,662.93
IML-457-GRY,Warehouse,1,0,0,662.93
IML-474-BRN,Warehouse,0,0,0,472.82
IML-476-BRN,Warehouse,0,0,0,128.82
IML-477-BRN,Warehouse,0,0,0,198.77
MILLCREEK-STORAGE-EK,Warehouse,0,0,0,0.00
MILLCREEK-STORAGE-Q,Warehouse,0,0,0,0.00
MODERNLOFT-PANEL-Q,Warehouse,0,0,0,0.00
ZANE-PANEL-EK,Warehouse,0,0,0,0.00
ZANE-PANEL-Q,Warehouse,0,0,0,0.00
BT2000LP-CK,Warehouse,1,0,0,506.00
BT2000LP-FL,Warehouse,1,0,0,366.00
BT2000LP-KG,Warehouse,1,0,0,506.00
BT2000LP-QN,Koreatown,1,1,0,366.00
BT2000LP-QN,West LA,0,0,0,366.00
BT2000LP-QN,La Brea,1,1,0,366.00
BT2000LP-QN,Studio City,0,0,0,366.00
BT2000LP-QN,Warehouse,5,0,0,366.00
BT2000LP-TXL,Warehouse,0,0,0,300.00
BT3000LP-KG,Warehouse,1,0,0,617.00
BT3000LP-QN,Koreatown,1,1,0,475.00
BT3000LP-QN,West LA,0,0,0,475.00
BT3000LP-QN,La Brea,1,1,0,475.00
BT3000LP-QN,Studio City,0,0,0,475.00
BT3000LP-QN,Warehouse,2,0,0,475.00
BT6500-KG,Warehouse,1,0,0,776.00
BT6500-QN,Koreatown,1,1,0,600.00
BT6500-QN,West LA,0,0,0,600.00
BT6500-QN,La Brea,1,1,0,600.00
BT6500-QN,Studio City,0,0,0,600.00
BT6500-QN,Warehouse,2,0,0,600.00
BT6500-TXL,Warehouse,0,0,0,559.00
BT9000-QN,West LA,0,0,0,1080.00
BT9000-QN,La Brea,0,0,0,1080.00
BT9000-QN,Warehouse,0,0,0,1080.00
XPLAT-FL,Warehouse,2,0,0,140.40
XPLAT-QN,Koreatown,1,1,0,145.80
XPLAT-QN,West LA,1,1,0,145.80
XPLAT-QN,La Brea,1,1,0,145.80
XPLAT-QN,Studio City,1,1,0,145.80
XPLAT-QN,Warehouse,3,0,0,145.80
XPLAT-TW,Warehouse,1,0,0,118.80
6650-5/0,Warehouse,0,0,0,500.00
8245-3/3,Warehouse,0,0,0,70.00
8245-36X84,Warehouse,2,0,0,80.00
8245-3X,Koreatown,1,0,0,80.00
8245-3X,Warehouse,2,0,0,80.00
8245-4/6,Warehouse,0,0,0,90.00
8245-4XL,Warehouse,0,0,0,100.00
8245-5/0,West LA,2,2,0,100.00
8245-5/0,La Brea,0,0,0,100.00
8245-5/0,Warehouse,2,0,0,100.00
8245-QSB,Warehouse,0,0,0,80.00
8246-3/3,Warehouse,0,0,0,70.00
8246-30X80,Warehouse,0,0,0,60.00
8246-36X84,Warehouse,2,0,0,80.00
8246-3X,La Brea,0,0,0,80.00
8246-3X,Warehouse,0,0,0,80.00
8246-4/6,Koreatown,1,1,0,90.00
8246-4/6,Warehouse,1,0,0,90.00
8246-5/0,Koreatown,0,0,0,100.00
8246-5/0,West LA,1,1,0,100.00
8246-5/0,La Brea,2,2,0,100.00
8246-5/0,Warehouse,3,0,0,100.00
8546-27X75,Warehouse,0,0,0,80.00
8546-3/3,Koreatown,1,1,0,70.00
8546-3/3,West LA,1,1,0,70.00
8546-3/3,La Brea,2,1,0,70.00
8546-3/3,Warehouse,1,0,0,70.00
8546-36X84,Warehouse,0,0,0,80.00
8546-3X,Koreatown,0,0,0,80.00
8546-3X,West LA,0,0,0,80.00
8546-3X,Warehouse,3,1,0,80.00
8546-4/6,Koreatown,1,1,0,90.00
8546-4/6,West LA,1,1,0,90.00
8546-4/6,Warehouse,1,0,0,90.00
8546-4XL,Warehouse,2,0,0,100.00
8546-5/0,Koreatown,6,6,0,100.00
8546-5/0,West LA,2,2,0,100.00
8546-5/0,La Brea,2,2,0,100.00
8546-5/0,Studio City,2,2,0,100.00
8546-5/0,Warehouse,4,1,0,100.00
8546-SPCK,Warehouse,0,0,0,80.00
8678-5/0,Warehouse,0,0,0,149.00
B38678-5/0,La Brea,0,0,0,100.00
B38678-5/0,Warehouse,0,0,0,100.00
BBAUR13F36X84,Warehouse,0,0,0,395.00
BBAUR13F_FP-3980,Warehouse,0,0,0,385.00
BBAUR13F_FP-5475,Warehouse,0,0,0,455.00
BBAUR13F_FP-6080,Koreatown,1,1,0,500.00
BBAUR13F_FP-6080,West LA,0,0,0,500.00
BBAUR13F_FP-6080,La Brea,1,1,0,500.00
BBAUR13F_FP-6080,Studio City,0,0,0,500.00
BBAUR13F_FP-6080,Warehouse,4,0,0,500.00
BBAUR13F_FP-7680,Warehouse,0,0,0,640.00
BBAUR13M_FP-5475,Warehouse,0,0,0,455.00
BBAUR13M_FP-6080,Koreatown,1,1,0,500.00
BBAUR13M_FP-6080,West LA,0,0,0,500.00
BBAUR13M_FP-6080,La Brea,1,1,0,500.00
BBAUR13M_FP-6080,Studio City,1,1,0,500.00
BBAUR13M_FP-6080,Warehouse,1,0,0,500.00
BBAUR13M_FP-7680,Warehouse,1,0,0,640.00
BBAUR14M_FP-7680,Warehouse,1,0,0,705.00
BBS13F_FP-3975,Warehouse,0,0,0,280.00
BBS13F_FP-5475,Warehouse,1,0,0,360.00
BBS13F_FP-6080,Koreatown,1,1,0,385.00
BBS13F_FP-6080,West LA,1,1,0,385.00
BBS13F_FP-6080,La Brea,0,0,0,385.00
BBS13F_FP-6080,Studio City,0,0,0,385.00
BBS13F_FP-6080,Warehouse,5,0,0,385.00
BBS13F_FP-7680,Warehouse,2,0,0,500.00
BBS13M_FP-5475,Warehouse,1,0,0,360.00
BBS13M_FP-6080,Koreatown,1,1,0,385.00
BBS13M_FP-6080,West LA,1,1,0,385.00
BBS13M_FP-6080,La Brea,0,0,0,385.00
BBS13M_FP-6080,Studio City,0,0,0,385.00
BBS13M_FP-6080,Warehouse,3,0,0,385.00
BBS13M_FP-7680,Warehouse,0,0,0,500.00
RECYCLINGFEE,Koreatown,0,0,0,6.50
RECYCLINGFEE,West LA,0,0,0,6.50
RECYCLINGFEE,La Brea,0,0,0,6.50
RECYCLINGFEE,Studio City,0,0,0,6.50
RECYCLINGFEE,Warehouse,0,0,0,6.50
B-MTFND9-3684,Warehouse,0,0,0,66.00
PBN-AHBFND4-3684,Koreatown,0,0,0,155.00
PBN-AHBFND4-3684,Warehouse,1,0,0,155.00
SAM-18002-ET-CK,Studio City,0,0,0,1300.00
SAM-18002-ET-CK,Warehouse,0,0,0,1300.00
SAM-18002-ET-K,La Brea,0,0,0,1684.00
SAM-18002-ET-K,Studio City,0,0,0,1684.00
SAM-18002-ET-K,Warehouse,0,0,0,1684.00
SAM-18002-ET-Q,Koreatown,0,0,0,1070.00
SAM-18002-ET-Q,West LA,0,0,0,1070.00
SAM-18002-ET-Q,Warehouse,0,0,0,1070.00
SB-PER20-04-33XL,Warehouse,0,0,0,57.00
SB-PER20-04-66,Warehouse,0,0,0,114.00
SB-PER20-09-33XL,Warehouse,0,0,0,57.00
SB-PER24-33XL,Koreatown,0,0,0,57.00
SB-PER24-33XL,Warehouse,0,0,0,57.00
SB-SAR27-09-3300,Warehouse,0,0,0,40.00
SB-SAR2709-3300,Warehouse,0,0,0,49.00
SM-CAMBRFM-50,Warehouse,0,0,0,284.00
SM-CAMBRFM-66,Warehouse,0,0,0,382.00
SM-CAMBRFM-67,Warehouse,0,0,0,382.00
SM-CAMBRFPT-50,Warehouse,0,0,0,284.00
SM-CAMBRFPT-66,Warehouse,0,0,0,382.00
SM-CHRISTET-5000,Warehouse,0,0,0,314.58
SM-CHRISTET-6600,Warehouse,0,0,0,428.00
SM-CHRISTFM-4600,Warehouse,0,0,0,250.00
SM-CHRISTFM-5000,Warehouse,0,0,0,284.00
SM-CHRISTFM-6600,Warehouse,0,0,0,390.00
SM-CHRISTPL-5000,Warehouse,0,0,0,284.00
SM-CHRISTPL-6600,Warehouse,0,0,0,390.00
SM-CHRISTPL-6700,Warehouse,0,0,0,390.00
SM-CHRISTXF-5000,Warehouse,0,0,0,260.00
SM-CHRISTXF-6600,Warehouse,0,0,0,370.00
SM-CHRISTXF-6700,Warehouse,0,0,0,370.00
SM-CLINTONFM-33XL,Koreatown,0,0,0,129.15
SM-CLINTONFM-33XL,Warehouse,0,0,0,129.15
SM-DONNAET-4600,Warehouse,0,0,0,481.50
SM-DONNAET-5000,La Brea,0,0,0,517.88
SM-DONNAET-5000,Warehouse,0,0,0,517.88
SM-DONNAET-6600,Warehouse,0,0,0,678.38
SM-DONNAFM-5000,Warehouse,0,0,0,517.88
SM-DONNAFM-6600,Warehouse,0,0,0,678.38
SM-DONNAPL-5000,Warehouse,0,0,0,484.00
SM-DONNAPL-6600,Warehouse,0,0,0,634.00
SM-HERMOSAET-46,Warehouse,0,0,0,384.00
SM-HERMOSAET-50,Warehouse,0,0,0,434.00
SM-HERMOSAET-66,Warehouse,0,0,0,572.00
SM-HERMOSAET-67,Warehouse,0,0,0,572.00
SM-PISMOFM-33,Warehouse,0,0,0,237.00
SM-PISMOFM-46,Warehouse,0,0,0,304.00
SM-PISMOFM-50,Warehouse,0,0,0,334.00
SM-PISMOFM-66,Warehouse,0,0,0,452.00
SM-PISMOFM-67,Warehouse,0,0,0,452.00
SM-PISMOVPT-46,Warehouse,0,0,0,304.00
SM-PISMOVPT-50,Warehouse,0,0,0,334.00
SM-PISMOVPT-66,Warehouse,0,0,0,452.00
SM-PISMOVPT-67,Warehouse,0,0,0,452.00
SM-SAOSUNLUX-5000,La Brea,0,0,0,1064.00
SM-SAOSUNLUX-5000,Warehouse,0,0,0,1064.00
SM-SAOSUNLUX-6600,Warehouse,0,0,0,1344.00
SM-SPIRITET46XL,Warehouse,0,0,0,616.02
SM-SPIRITFM66,Koreatown,0,0,0,579.11
SM-SPIRITFM66,Warehouse,0,0,0,579.11
SM-YVESFM-5000,Warehouse,0,0,0,334.00
SM-YVESFM-6600,Warehouse,0,0,0,440.00
SM-YVESPL-5000,Warehouse,0,0,0,334.00
SM-YVESPL-6600,Warehouse,0,0,0,440.00
SMROYPALPT46,Warehouse,0,0,0,164.00
SYDNEYLEAHK,Warehouse,0,0,0,880.00
C&W-BP,Koreatown,0,0,0,0.00
C&W-BP,Warehouse,0,0,0,0.00
C&W-FP,Koreatown,1,1,0,0.00
C&W-FP,Warehouse,0,0,0,0.00
CW-2100XF-6600,Warehouse,0,0,0,1105.00
CW-2101FM-3300,Warehouse,0,0,0,662.00
CW-2101FM-33XL,Warehouse,0,0,0,718.00
CW-2101FM-4600,Warehouse,0,0,0,884.00
CW-2101FM-5000,Koreatown,1,1,0,994.00
CW-2101FM-5000,West LA,1,1,0,994.00
CW-2101FM-5000,La Brea,1,1,0,994.00
CW-2101FM-5000,Studio City,1,1,0,994.00
CW-2101FM-5000,Warehouse,0,0,0,994.00
CW-2101FM-6600,Warehouse,0,0,0,1243.00
CW-2101FM-6700,Warehouse,0,0,0,1243.00
CW-2102PL-5000,Warehouse,0,0,0,1104.00
CW-2102PL-6600,Warehouse,0,0,0,1380.00
CW-2103PL-33XL,Warehouse,0,0,0,938.00
CW-2103PL-5000,West LA,0,0,0,1324.00
CW-2103PL-5000,Warehouse,0,0,0,1324.00
CW-2103PL-6600,Warehouse,1,0,0,1655.00
CW-2104ET-3300,Warehouse,0,0,0,992.00
CW-2104ET-33XL,Warehouse,0,0,0,1048.00
CW-2104ET-4600,Warehouse,0,0,0,1564.00
CW-2104ET-5000,West LA,0,0,0,1489.00
CW-2104ET-5000,La Brea,0,0,0,1489.00
CW-2104ET-5000,Warehouse,3,2,0,1489.00
CW-2104ET-6600,West LA,1,1,0,1765.00
CW-2104ET-6600,Warehouse,0,0,0,1765.00
CW-2104ET-6700,Warehouse,0,0,0,1765.00
CW-2105ET-5000,West LA,0,0,0,1984.00
CW-2105ET-5000,Warehouse,0,0,0,1984.00
CW-2105ET-6600,Warehouse,0,0,0,2480.00
CW-2105ET-6700,Warehouse,0,0,0,2480.00
CW-2105LTDET-6600,Warehouse,0,0,0,2480.00
CW-2106ET-3684,Warehouse,0,0,0,1708.00
CW-2106ET-5000,Warehouse,0,0,0,2479.00
CW-2106ET-6600,West LA,0,0,0,2865.00
CW-2106ET-6600,La Brea,1,1,0,2865.00
CW-2106ET-6600,Studio City,1,1,0,2865.00
CW-2106ET-6600,Warehouse,0,0,0,2865.00
CW-2106ET-6700,Warehouse,0,0,0,2865.00
CW-2107ET-6600,Warehouse,0,0,0,3085.00
CW-2107ET-6700,Warehouse,0,0,0,3085.00
CW-2201FM-3684,Warehouse,0,0,0,718.00
CWB-FND01-04-3300,Warehouse,0,0,0,165.00
CWB-FND01-04-33XL,La Brea,0,0,0,185.00
CWB-FND01-04-33XL,Warehouse,2,0,0,185.00
CWB-FND01-04-3684,Warehouse,2,0,0,185.00
CWB-FND01-04-4600,Warehouse,0,0,0,200.00
CWB-FND01-04-5000,La Brea,1,1,0,240.00
CWB-FND01-04-5000,Warehouse,0,0,0,240.00
CWB-FND01-09-3300,Warehouse,0,0,0,165.00
CWB-FND01-09-33XL,Studio City,2,2,0,185.00
CWB-FND01-09-33XL,Warehouse,2,0,0,185.00
CWB-FND01-09-3684,Warehouse,0,0,0,185.00
CWB-FND01-09-4600,Warehouse,0,0,0,200.00
CWB-FND01-09-5000,West LA,1,1,0,240.00
CWB-FND01-09-5000,La Brea,0,0,0,240.00
CWB-FND01-09-5000,Warehouse,3,1,0,240.00
CWB-SPRPLT-33XL,Warehouse,0,0,0,185.00
CWB-SPRPLT-4600,Warehouse,0,0,0,200.00
POPCWFP01-5000,West LA,1,0,0,0.00
POPCWFP01-5000,La Brea,2,0,0,0.00
POPCWFP01-5000,Studio City,2,1,0,0.00
POPCWFP01-5000,Warehouse,0,0,0,0.00
SAM-18013-FM-Q,Koreatown,0,0,0,836.00
SAM-18015-LF-EK,Koreatown,0,0,0,984.90
SAM-18015-LF-EK,Warehouse,0,0,0,984.90
SAM-18016-VP-Q,Koreatown,0,0,0,904.05
SAM-18016-VP-Q,West LA,0,0,0,904.05
SAM-18016-VP-Q,La Brea,0,0,0,904.05
SAM-18016-VP-Q,Studio City,0,0,0,904.05
SAM-18016-VP-Q,Warehouse,0,0,0,904.05
SAM-18017-ET-33XL,Warehouse,0,0,0,973.00
SAM-18017-ET-Q,Koreatown,0,0,0,1106.70
SAM-18017-ET-Q,Warehouse,0,0,0,1106.70
SAM-18018-ET-EK,Koreatown,0,0,0,1754.55
SAM-18018-ET-EK,West LA,0,0,0,1754.55
SAM-18018-ET-EK,La Brea,0,0,0,1754.55
SAM-18018-ET-EK,Studio City,0,0,0,1754.55
SAM-18018-ET-EK,Warehouse,0,0,0,1754.55
BIBCHEERFF,Warehouse,0,0,0,483.00
BIBCHEERFK,Warehouse,0,0,0,792.00
BIBCHEERFQ,Warehouse,0,0,0,523.00
BIBCHEERMDF,Koreatown,0,0,0,483.00
BIBCHEERMDF,Warehouse,0,0,0,483.00
BIBCHEERMK,Warehouse,0,0,0,792.00
BIBCHEERMQ,Warehouse,0,0,0,523.00
BIBCHEERMT,Warehouse,0,0,0,378.00
BIBCHEERPCK,Warehouse,0,0,0,667.00
BIBCHEERPF,West LA,0,0,0,483.00
BIBCHEERPF,Warehouse,0,0,0,483.00
BIBCHEERPFXL,Warehouse,0,0,0,523.00
BIBCHEERPK,Warehouse,0,0,0,792.00
BIBCHEERPQ,Studio City,0,0,0,523.00
BIBCHEERPQ,Warehouse,0,0,0,523.00
BIBCHEERPT,Warehouse,0,0,0,378.00
BIBCHEERPTXL,Warehouse,0,0,0,413.00
D-BP-Q,Warehouse,0,0,0,0.00
DIAMONDBLK2CK,Warehouse,0,0,0,68.00
DIAMONDBLK2F,Warehouse,0,0,0,76.00
DIAMONDBLK2Q,Koreatown,0,0,0,88.00
DIAMONDBLK2Q,La Brea,0,0,0,88.00
DIAMONDBLK2Q,Warehouse,0,0,0,88.00
DIAMONDBLK2T,Warehouse,0,0,0,64.00
DIAMONDBLK2TXL,Warehouse,0,0,0,70.00
DIAMONDBLK4CK,Warehouse,0,0,0,68.00
DIAMONDBLK4F,Koreatown,0,0,0,76.00
DIAMONDBLK4F,La Brea,0,0,0,76.00
DIAMONDBLK4F,Studio City,1,1,0,76.00
DIAMONDBLK4F,Warehouse,1,0,0,76.00
DIAMONDBLK4FXL,Warehouse,0,0,0,98.00
DIAMONDBLK4Q,Koreatown,1,1,0,88.00
DIAMONDBLK4Q,West LA,1,1,0,88.00
DIAMONDBLK4Q,La Brea,0,0,0,88.00
DIAMONDBLK4Q,Warehouse,0,0,0,88.00
DIAMONDBLK4T,Warehouse,0,0,0,64.00
DIAMONDBLK4TXL,Warehouse,6,4,0,70.00
DIAMONDBLKCK,Koreatown,0,0,0,68.00
DIAMONDBLKCK,West LA,0,0,0,68.00
DIAMONDBLKCK,Warehouse,2,2,0,68.00
DIAMONDBLKF,Warehouse,2,0,0,70.00
DIAMONDBLKFXL,Warehouse,0,0,0,98.00
DIAMONDBLKQ,Koreatown,0,0,0,88.00
DIAMONDBLKQ,West LA,1,1,0,88.00
DIAMONDBLKQ,La Brea,0,0,0,88.00
DIAMONDBLKQ,Studio City,1,1,0,88.00
DIAMONDBLKQ,Warehouse,5,3,0,88.00
DIAMONDBLKT,Studio City,0,0,0,64.00
DIAMONDBLKT,Warehouse,2,2,0,64.00
DIAMONDBLKTXL,Koreatown,0,0,0,70.00
DIAMONDBLKTXL,La Brea,0,0,0,70.00
DIAMONDBLKTXL,Warehouse,0,0,0,70.00
DMA10M-1040,Warehouse,0,0,0,412.00
DMA10M-1110,West LA,1,1,0,313.00
DMA10M-1110,La Brea,0,0,0,313.00
DMA10M-1110,Studio City,1,1,0,313.00
DMA10M-1110,Warehouse,1,1,0,313.00
DMA10M-1120,Koreatown,0,0,0,349.00
DMA10M-1120,Warehouse,0,0,0,349.00
DMA10M-1130,Warehouse,0,0,0,391.00
DMA10M-1150,Warehouse,0,0,0,411.00
DMAL8M-1040,Warehouse,0,0,0,320.00
DMAL8M-1110,West LA,0,0,0,255.00
DMAL8M-1110,La Brea,0,0,0,255.00
DMAL8M-1110,Studio City,0,0,0,255.00
DMAL8M-1110,Warehouse,1,0,0,255.00
DMAL8M-1120,Warehouse,0,0,0,294.00
DMAL8M-1130,Koreatown,0,0,0,320.00
DMAL8M-1130,West LA,0,0,0,320.00
DMAL8M-1130,La Brea,0,0,0,320.00
DMAL8M-1130,Warehouse,1,1,0,320.00
DMAL8M-1150,Warehouse,0,0,0,339.00
DMAL8M-1170,Warehouse,0,0,0,458.00
DMAL8M-1180,Warehouse,0,0,0,458.00
DMALQF-1050,Koreatown,1,1,0,435.00
DMALQF-1050,West LA,1,1,0,435.00
DMALQF-1050,La Brea,0,0,0,435.00
DMALQF-1050,Studio City,1,1,0,435.00
DMALQF-1050,Warehouse,2,0,0,435.00
DMALQF-1070,Warehouse,0,0,0,585.00
DMALQF-1080,Warehouse,1,0,0,585.00
DMCLHF-1010,La Brea,1,1,0,375.00
DMCLHF-1010,Warehouse,0,0,0,375.00
DMCLHF-1020,Warehouse,0,0,0,395.00
DMCLHF-1030,Warehouse,0,0,0,460.00
DMCLHF-1040,Warehouse,0,0,0,490.00
DMCLHF-1050,Koreatown,1,1,0,490.00
DMCLHF-1050,West LA,1,1,0,490.00
DMCLHF-1050,Studio City,1,1,0,490.00
DMCLHF-1050,Warehouse,3,1,0,490.00
DMCLHF-1070,Warehouse,1,0,0,630.00
DMCLHF-1080,Warehouse,1,0,0,630.00
DMCLHM-1010,La Brea,1,1,0,375.00
DMCLHM-1010,Warehouse,0,0,0,375.00
DMCLHM-1020,Warehouse,0,0,0,395.00
DMCLHM-1030,Warehouse,0,0,0,460.00
DMCLHM-1050,Koreatown,1,1,0,490.00
DMCLHM-1050,West LA,0,0,0,490.00
DMCLHM-1050,Studio City,1,1,0,490.00
DMCLHM-1050,Warehouse,0,0,0,490.00
DMCLHM-1070,Warehouse,0,0,0,630.00
DMCLHM-1080,Warehouse,0,0,0,630.00
DMCLHP-1020,Warehouse,0,0,0,395.00
DMCLHP-1070,Warehouse,0,0,0,630.00
DMCLHP-1080,Warehouse,0,0,0,630.00
DMFLFM-1150,Warehouse,0,0,0,560.00
DMGLFF-1010,West LA,1,1,0,275.00
DMGLFF-1010,Warehouse,1,0,0,275.00
DMGLFF-1030,Koreatown,1,1,0,335.00
DMGLFF-1030,Studio City,1,1,0,335.00
DMGLFF-1030,Warehouse,0,0,0,335.00
DMGLFF-1050,Warehouse,0,0,0,360.00
DMGLFF-1071,Warehouse,0,0,0,295.00
DMGLFF-1080,Warehouse,0,0,0,465.00
DMGLFM-1010,West LA,1,1,0,275.00
DMGLFM-1010,Warehouse,2,0,0,275.00
DMGLFM-1030,Studio City,1,1,0,335.00
DMGLFM-1030,Warehouse,0,0,0,335.00
DMGLFM-1050,Studio City,0,0,0,360.00
DMGLFM-1050,Warehouse,0,0,0,360.00
DMGLFM-1080,Warehouse,0,0,0,465.00
DMGLFP-1040,Warehouse,0,0,0,360.00
DMGLFP-1080,Warehouse,0,0,0,465.00
DMGRQF-1010,Warehouse,0,0,0,240.00
DMGRQF-1050,Koreatown,0,0,0,320.00
DMGRQF-1050,Warehouse,0,0,0,320.00
DMGRQM-1030,Koreatown,1,1,0,300.00
DMGRQM-1030,La Brea,1,1,0,300.00
DMGRQM-1030,Warehouse,2,0,0,300.00
DMGRQM-1050,West LA,0,0,0,320.00
DMGRQM-1050,Warehouse,3,1,0,320.00
DMGRQM-1070,Warehouse,0,0,0,420.00
DMGRQM-1080,Warehouse,0,0,0,420.00
DMINHY-1110,Warehouse,0,0,0,210.00
DMINHY-1120,Warehouse,0,0,0,220.00
DMINHY-1130,La Brea,1,1,0,250.00
DMINHY-1130,Warehouse,0,0,0,250.00
DMINHY-1140,Warehouse,0,0,0,285.00
DMINHY-1150,Koreatown,1,1,0,285.00
DMINHY-1150,West LA,1,1,0,285.00
DMINHY-1150,Studio City,0,0,0,285.00
DMINHY-1150,Warehouse,1,0,0,285.00
DMINHY-1170,Warehouse,0,0,0,405.00
DMINHY-1180,Warehouse,0,0,0,405.00
DMMBET-1010,Warehouse,0,0,0,314.00
DMMBET-1020,Warehouse,2,0,0,341.00
DMMBET-1030,Warehouse,1,0,0,411.00
DMMBET-1040,Warehouse,0,0,0,446.00
DMMBET-1050,Koreatown,1,1,0,446.00
DMMBET-1050,West LA,1,1,0,446.00
DMMBET-1050,La Brea,1,1,0,446.00
DMMBET-1050,Studio City,1,1,0,446.00
DMMBET-1050,Warehouse,1,0,0,446.00
DMMBET-1070,Warehouse,0,0,0,604.00
DMMBET-1080,Warehouse,0,0,0,604.00
DMR2TT-1010,Warehouse,0,0,0,246.00
DMR2TT-1020,Warehouse,0,0,0,273.00
DMR2TT-1030,Warehouse,0,0,0,320.00
DMR2TT-1040,Warehouse,0,0,0,345.00
DMR2TT-1050,Koreatown,0,0,0,345.00
DMR2TT-1050,West LA,0,0,0,345.00
DMR2TT-1050,Studio City,0,0,0,345.00
DMR2TT-1050,Warehouse,0,0,0,345.00
DMR2TT-1070,Warehouse,0,0,0,477.00
DMR2TT-1080,Warehouse,0,0,0,477.00
DMRPFM-1130,Warehouse,0,0,0,554.00
DMRWXF-1050,Koreatown,1,1,0,750.00
DMRWXF-1050,Warehouse,0,0,0,750.00
DMRWXF-1070,Warehouse,1,0,0,950.00
DMRWXF-1080,Warehouse,1,0,0,950.00
DMSLXF-1010,Koreatown,0,0,0,194.00
DMSLXF-1010,Warehouse,0,0,0,194.00
DMSLXF-1030,Warehouse,0,0,0,257.00
DMSLXF-1050,Koreatown,0,0,0,294.00
DMSLXF-1050,Warehouse,0,0,0,294.00
DMSLXF-1080,Warehouse,0,0,0,389.00
DMSNFM-1020,Warehouse,0,0,0,600.00
DMSNFM-1030,Warehouse,0,0,0,735.00
DMSNFM-1050,Koreatown,1,1,0,770.00
DMSNFM-1050,La Brea,1,1,0,770.00
DMSNFM-1050,Warehouse,1,0,0,770.00
DMSNFM-1070,Warehouse,1,0,0,970.00
DMSNFM-1080,Warehouse,0,0,0,970.00
DMSNME-1030,Warehouse,0,0,0,735.00
DMSNME-1050,Warehouse,0,0,0,770.00
DMTRHF-1050,West LA,1,1,0,595.00
DMTRHF-1050,Warehouse,0,0,0,595.00
DMTRHF-1080,Warehouse,0,0,0,755.00
DMTRHM-1010,Warehouse,0,0,0,460.00
DMTRHM-1030,Warehouse,0,0,0,560.00
DMTRHM-1050,West LA,0,0,0,595.00
DMTRHM-1050,Warehouse,1,1,0,595.00
DMTRHM-1080,Warehouse,3,0,0,755.00
DMTRQF-1010,Warehouse,0,0,0,485.00
DMTRQF-1020,Warehouse,0,0,0,510.00
DMTRQF-1030,Warehouse,0,0,0,595.00
DMTRQF-1050,Koreatown,1,1,0,630.00
DMTRQF-1050,West LA,1,1,0,630.00
DMTRQF-1050,La Brea,1,1,0,630.00
DMTRQF-1050,Warehouse,1,0,0,630.00
DMTRQF-1070,Warehouse,0,0,0,795.00
DMTRQF-1080,Warehouse,0,0,0,795.00
DMTRQM-1010,Warehouse,0,0,0,485.00
DMTRQM-1020,Warehouse,0,0,0,510.00
DMTRQM-1050,Koreatown,1,1,0,630.00
DMTRQM-1050,West LA,0,0,0,630.00
DMTRQM-1050,Warehouse,0,0,0,630.00
DMTRQM-1070,Warehouse,0,0,0,795.00
DMTRQM-1071,Warehouse,0,0,0,510.00
DMTRQM-1080,Warehouse,0,0,0,795.00
DMVAUM-1110,West LA,0,0,0,163.00
DMVAUM-1110,Warehouse,0,0,0,163.00
DMVTOF-1010,Koreatown,1,0,0,89.00
DMVTOF-1010,West LA,0,0,0,89.00
DMVTOF-1010,La Brea,1,0,0,89.00
DMVTOF-1010,Warehouse,2,0,0,89.00
DMVTOF-1020,Warehouse,0,0,0,110.00
DMVTOF-1030,Warehouse,2,0,0,125.00
DMVTOF-1050,Warehouse,3,0,0,130.00
DMVTOF-1070,Warehouse,0,0,0,223.00
DMVTOF-1080,Warehouse,0,0,0,223.00
DRB2PT-1070,Warehouse,0,0,0,620.00
DRBL-PT-Q,Koreatown,0,0,0,374.00
DRBL-PT-Q,Warehouse,0,0,0,374.00
DREAMGRANDFCK,Warehouse,0,0,0,798.00
DREAMGRANDFF,Warehouse,0,0,0,582.00
DREAMGRANDFK,Warehouse,0,0,0,798.00
DREAMGRANDFQ,Koreatown,0,0,0,635.00
DREAMGRANDFQ,Warehouse,0,0,0,635.00
DREAMGRANDFSP,Warehouse,0,0,0,519.00
DREAMGRANDFT,Warehouse,0,0,0,483.00
DREAMGRANDFTXL,Koreatown,0,0,0,519.00
DREAMGRANDFTXL,Warehouse,0,0,0,519.00
DREAMGRANDFXL,Warehouse,0,0,0,616.00
DREAMGRANDK,Koreatown,0,0,0,798.00
DREAMGRANDK,Warehouse,1,1,0,798.00
DREAMGRANDMCK,West LA,0,0,0,798.00
DREAMGRANDMCK,Warehouse,0,0,0,798.00
DREAMGRANDMF,Warehouse,0,0,0,582.00
DREAMGRANDMFXL,Warehouse,0,0,0,616.00
DREAMGRANDMQ,Koreatown,0,0,0,665.00
DREAMGRANDMQ,Warehouse,0,0,0,665.00
DREAMGRANDMT,Warehouse,0,0,0,483.00
DREAMGRANDMTXL,Warehouse,0,0,0,519.00
DREAMGRANDPCK,Warehouse,0,0,0,798.00
DREAMGRANDPF,Koreatown,0,0,0,582.00
DREAMGRANDPF,Warehouse,0,0,0,582.00
DREAMGRANDPFXL,Warehouse,0,0,0,616.00
DREAMGRANDPK,Warehouse,0,0,0,798.00
DREAMGRANDPQ,Koreatown,0,0,0,635.00
DREAMGRANDPQ,Warehouse,0,0,0,635.00
DREAMGRANDPSP,Warehouse,0,0,0,519.00
DREAMGRANDPT,Warehouse,0,0,0,483.00
DREAMGRANDPTXL,Warehouse,1,0,0,519.00
DRJ2ME-1010,Koreatown,0,0,0,97.00
DRJ2ME-1010,West LA,0,0,0,97.00
DRJ2ME-1010,La Brea,0,0,0,97.00
DRJ2ME-1010,Studio City,0,0,0,97.00
DRJ2ME-1010,Warehouse,0,0,0,97.00
DRJ2ME-1020,Warehouse,2,0,0,127.00
DRJ2ME-1030,Warehouse,0,0,0,131.00
DRJ2ME-1050,Warehouse,0,0,0,138.00
DRJ2ME-1070,Warehouse,0,0,0,211.00
DRJ2ME-1080,Warehouse,0,0,0,211.00
ENGIA-1070,Warehouse,0,0,0,0.00
F217-5010,Koreatown,0,0,0,72.00
F217-5010,West LA,0,0,0,72.00
F217-5010,La Brea,0,0,0,72.00
F217-5010,Studio City,0,0,0,72.00
F217-5010,Warehouse,0,0,0,72.00
F217-5020,Warehouse,0,0,0,79.00
F217-5030,Koreatown,0,0,0,86.00
F217-5030,West LA,0,0,0,86.00
F217-5030,Warehouse,0,0,0,86.00
F217-5050,Studio City,0,0,0,98.00
F217-5050,Warehouse,0,0,0,98.00
F217-5070,Warehouse,0,0,0,77.00
F217-5110,Warehouse,0,0,0,72.00
F217-5120,Warehouse,2,2,0,79.00
F217-5130,Warehouse,0,0,0,86.00
F217-5150,La Brea,0,0,0,98.00
F217-5150,Warehouse,0,0,0,98.00
F217-5170,Warehouse,0,0,0,77.00
F374-5050,Warehouse,0,0,0,98.00
FBB-5210,West LA,0,0,0,37.00
FBB-5210,Warehouse,2,0,0,37.00
FBB-5220,Warehouse,4,2,0,42.00
FBB-5230,Warehouse,4,0,0,48.00
FBB-5250,Koreatown,0,0,0,62.00
FBB-5250,West LA,0,0,0,62.00
FBB-5250,La Brea,1,1,0,62.00
FBB-5250,Warehouse,2,0,0,62.00
FBB-5270,Koreatown,2,2,0,41.00
FBB-5270,Warehouse,2,0,0,41.00
GGFLME-1010,Warehouse,0,0,0,485.00
GGFLME-1020,Warehouse,0,0,0,485.00
GGFLME-1030,Warehouse,0,0,0,625.00
GGFLME-1050,Koreatown,0,0,0,675.00
GGFLME-1050,West LA,1,1,0,675.00
GGFLME-1050,La Brea,0,0,0,675.00
GGFLME-1050,Studio City,0,0,0,675.00
GGFLME-1050,Warehouse,0,0,0,675.00
GGFLME-1080,Warehouse,0,0,0,825.00
GNDSPL-1080,Warehouse,0,0,0,1135.00
GNHL2P-1080,Warehouse,0,0,0,1399.00
KEYA,Warehouse,0,0,0,1.00
LODIFM-101,Warehouse,0,0,0,822.00
LODIFM-1020,Warehouse,1,1,0,822.00
LODIFM-1030,Warehouse,0,0,0,981.00
LODIFM-1050,West LA,0,0,0,1037.00
LODIFM-1050,Warehouse,2,2,0,1037.00
LODIFM-1070,Warehouse,0,0,0,1304.00
LODIFM-1080,Warehouse,0,0,0,1304.00
LODIME-1010,Warehouse,0,0,0,822.00
LODIME-1020,Warehouse,1,1,0,822.00
LODIME-1030,Warehouse,0,0,0,981.00
LODIME-1040,Warehouse,0,0,0,1038.00
LODIME-1050,West LA,1,1,0,1037.00
LODIME-1050,Warehouse,1,1,0,1037.00
LODIME-1070,Warehouse,0,0,0,1304.00
LODIME-1080,Warehouse,0,0,0,1304.00
LODIME-1171,Warehouse,0,0,0,822.00
LODIPL-1040,Warehouse,0,0,0,1038.00
LODIPL-1050,Warehouse,1,1,0,1037.00
LODIPL-1070,Warehouse,0,0,0,1304.00
LODIPL-1080,Warehouse,0,0,0,1304.00
LODIPL-1110,Warehouse,0,0,0,822.00
LOE2FM-1010,Koreatown,0,0,0,181.00
LOE2FM-1010,West LA,0,0,0,181.00
LOE2FM-1010,La Brea,0,0,0,181.00
LOE2FM-1010,Warehouse,1,1,0,181.00
LOE2FM-1030,Warehouse,0,0,0,230.00
LOE2PT-1010,Studio City,0,0,0,209.00
LOE2PT-1010,Warehouse,2,0,0,209.00
LOJEME-1050,Warehouse,0,0,0,726.00
LOL2ET-1010,Warehouse,0,0,0,237.00
LOL2ET-1020,Warehouse,0,0,0,276.00
LOL2ET-1030,La Brea,0,0,0,314.00
LOL2ET-1030,Warehouse,0,0,0,314.00
LOL2ET-1050,Koreatown,0,0,0,341.00
LOL2ET-1050,West LA,0,0,0,341.00
LOL2ET-1050,Studio City,0,0,0,341.00
LOL2ET-1050,Warehouse,0,0,0,341.00
LOL2ET-1070,Warehouse,0,0,0,464.00
LOL2ET-1080,Warehouse,0,0,0,464.00
LOL2PT-1050,Warehouse,0,0,0,371.00
LOL2PT-1080,Warehouse,0,0,0,528.00
LOLIFM-1050,Warehouse,0,0,0,307.00
LOLUFM-1010,Warehouse,1,0,0,567.00
LOLUFM-1020,Warehouse,0,0,0,595.00
LOLUFM-1030,Warehouse,0,0,0,709.00
LOLUFM-1040,Warehouse,0,0,0,765.00
LOLUFM-1050,Koreatown,0,0,0,765.00
LOLUFM-1050,West LA,1,1,0,765.00
LOLUFM-1050,La Brea,1,1,0,765.00
LOLUFM-1050,Studio City,1,1,0,765.00
LOLUFM-1050,Warehouse,4,3,0,765.00
LOLUFM-1070,Warehouse,2,1,0,952.00
LOLUFM-1080,Koreatown,1,1,0,952.00
LOLUFM-1080,Warehouse,1,0,0,952.00
LOLUFM-66X80,Warehouse,0,0,0,1428.00
LOLUME-1010,Warehouse,0,0,0,567.00
LOLUME-1020,Warehouse,0,0,0,595.00
LOLUME-1030,Warehouse,0,0,0,709.00
LOLUME-1050,Koreatown,1,1,0,765.00
LOLUME-1050,La Brea,1,1,0,765.00
LOLUME-1050,Studio City,1,1,0,765.00
LOLUME-1050,Warehouse,2,1,0,765.00
LOLUME-1070,Warehouse,1,1,0,952.00
LOLUME-1080,Koreatown,0,0,0,952.00
LOLUME-1080,Warehouse,1,1,0,952.00
LOLUPL-1010,Warehouse,0,0,0,567.00
LOLUPL-1020,Warehouse,0,0,0,595.00
LOLUPL-1030,Warehouse,0,0,0,709.00
LOLUPL-1040,Warehouse,0,0,0,765.00
LOLUPL-1050,Koreatown,1,1,0,765.00
LOLUPL-1050,West LA,1,1,0,765.00
LOLUPL-1050,Warehouse,3,2,0,765.00
LOLUPL-1070,Warehouse,0,0,0,952.00
LOLUPL-1080,Warehouse,0,0,0,952.00
LONAFM-1130,Warehouse,0,0,0,765.00
LONAFM-1150,Koreatown,0,0,0,822.00
LONAFM-1150,Warehouse,2,2,0,822.00
LONAFM-1170,Warehouse,0,0,0,1049.00
LONAFM-1180,Koreatown,0,0,0,1049.00
LONAFM-1180,Warehouse,0,0,0,1049.00
LONAME-1150,Warehouse,1,1,0,822.00
LONAME-1170,Warehouse,0,0,0,1049.00
LONAME-1180,Warehouse,0,0,0,1049.00
NLPF12-1110,West LA,1,1,0,210.00
NLPF12-1110,Warehouse,0,0,0,210.00
NLPR08-1110,Koreatown,0,0,0,150.00
NLPR08-1110,West LA,1,1,0,150.00
NLPR08-1110,Studio City,1,1,0,150.00
NLPR08-1110,Warehouse,2,0,0,150.00
NLPR08-1120,Warehouse,0,0,0,160.00
NLPR08-1130,Koreatown,0,0,0,180.00
NLPR08-1130,Warehouse,1,0,0,180.00
NLPR08-1140,Warehouse,0,0,0,198.00
NLPR08-1150,Warehouse,0,0,0,198.00
NLPR08-1170,Warehouse,0,0,0,280.00
NLPR08-1180,Warehouse,0,0,0,280.00
NLPR10-1110,West LA,0,0,0,175.00
NLPR10-1110,Warehouse,0,0,0,175.00
NLPR10-1130,Warehouse,1,0,0,225.00
NLPR12-1110,West LA,1,1,0,210.00
NLPR12-1110,Warehouse,0,0,0,210.00
RA3FCF-1110,La Brea,0,0,0,435.00
RA3FCF-1110,Warehouse,0,0,0,435.00
RA3FCF-1120,Warehouse,0,0,0,455.00
RA3FCF-1130,Warehouse,0,0,0,560.00
RA3FCF-1150,Koreatown,0,0,0,600.00
RA3FCF-1150,West LA,0,0,0,600.00
RA3FCF-1150,Warehouse,0,0,0,600.00
RA3FCF-1170,Warehouse,0,0,0,750.00
RA3FCF-1180,Koreatown,0,0,0,750.00
RA3FCF-1180,Warehouse,0,0,0,750.00
RA3FCM-1110,La Brea,0,0,0,435.00
RA3FCM-1110,Warehouse,0,0,0,435.00
RA3FCM-1120,Warehouse,0,0,0,455.00
RA3FCM-1130,Warehouse,0,0,0,560.00
RA3FCM-1150,Koreatown,0,0,0,600.00
RA3FCM-1150,West LA,0,0,0,600.00
RA3FCM-1150,Studio City,0,0,0,600.00
RA3FCM-1150,Warehouse,0,0,0,600.00
RA3FCM-1170,Warehouse,0,0,0,750.00
RA3FCM-1180,Warehouse,0,0,0,750.00
RA3FCP-1120,Warehouse,0,0,0,455.00
RA3FCP-1150,Warehouse,0,0,0,600.00
RA3FCP-1180,Warehouse,0,0,0,750.00
RA3HCF-1110,La Brea,0,0,0,415.00
RA3HCF-1110,Warehouse,0,0,0,415.00
RA3HCF-1120,Warehouse,0,0,0,435.00
RA3HCF-1130,Warehouse,0,0,0,530.00
RA3HCF-1150,Koreatown,0,0,0,575.00
RA3HCF-1150,West LA,0,0,0,575.00
RA3HCF-1150,La Brea,0,0,0,575.00
RA3HCF-1150,Warehouse,0,0,0,575.00
RA3HCF-1171,Warehouse,0,0,0,435.00
RA3HCF-1180,Warehouse,0,0,0,725.00
RA3HCF-FXL,Warehouse,0,0,0,575.00
RA3HCM-1110,La Brea,0,0,0,415.00
RA3HCM-1110,Warehouse,0,0,0,415.00
RA3HCM-1120,Warehouse,0,0,0,435.00
RA3HCM-1130,Warehouse,0,0,0,530.00
RA3HCM-1150,West LA,0,0,0,575.00
RA3HCM-1150,La Brea,0,0,0,575.00
RA3HCM-1150,Warehouse,0,0,0,575.00
RA3HCM-1170,Warehouse,0,0,0,725.00
RA3HCM-1180,Warehouse,0,0,0,725.00
RA3HCM-FXL,Warehouse,0,0,0,575.00
RA3HCP-1120,Warehouse,0,0,0,435.00
RA3HCP-1150,Warehouse,0,0,0,575.00
RA3HCP-1170,Warehouse,0,0,0,725.00
RA3HCP-FXL,Warehouse,0,0,0,575.00
SURFSIDEFMQ,Warehouse,0,0,0,286.00
TGARM3-1050,Warehouse,0,0,0,1695.00
TGEST3-1050,West LA,0,0,0,1925.00
TGEST3-1050,La Brea,0,0,0,1925.00
TGEST3-1050,Studio City,0,0,0,1925.00
TGEST3-1050,Warehouse,3,3,0,1925.00
TGEST3-1080,Warehouse,0,0,0,2210.00
TGFAV3-1080,Warehouse,0,0,0,2550.00
TGFAV3-10SPH80,Warehouse,0,0,0,2750.00
TGMELH-1050,Koreatown,0,0,0,1335.00
TGMELH-1050,Warehouse,0,0,0,1335.00
ZADJU11-0050,Koreatown,1,1,0,583.00
ZADJU11-0050,West LA,0,0,0,583.00
ZADJU11-0050,Studio City,0,0,0,583.00
ZADJU11-0050,Warehouse,3,0,0,583.00
ZADJU11-0080,La Brea,1,1,0,695.00
ZADJU11-0080,Warehouse,0,0,0,695.00
ZADJU12-0050,Koreatown,1,1,0,225.00
ZADJU12-0050,West LA,0,0,0,225.00
ZADJU12-0050,Studio City,0,0,0,225.00
ZADJU12-0050,Warehouse,3,0,0,225.00
ZADJU12-0080,La Brea,1,1,0,285.00
ZADJU12-0080,Warehouse,0,0,0,285.00
6434-5/0,Warehouse,0,0,0,605.00
6730-6/6,Warehouse,0,0,0,675.00
6755-4/6,Warehouse,0,0,0,335.00
6756-4/6,Warehouse,0,0,0,335.00
6756-5/0,Warehouse,0,0,0,390.00
6756-6/6,Warehouse,0,0,0,510.00
6757-5/0,West LA,0,0,0,390.00
6757-6/6,Warehouse,0,0,0,510.00
7701-3/3,Koreatown,0,0,0,220.00
7701-3/3,West LA,0,0,0,220.00
7701-3/3,La Brea,1,0,0,220.00
7701-3/3,Warehouse,2,0,0,220.00
7701-39X84,Warehouse,0,0,0,235.00
7701-3X,Warehouse,0,0,0,235.00
7701-4/6,Warehouse,1,1,0,303.00
7701-4XL,Warehouse,0,0,0,358.00
7701-5/0,Koreatown,1,1,0,358.00
7701-5/0,West LA,1,1,0,358.00
7701-5/0,Studio City,0,0,0,358.00
7701-5/0,Warehouse,3,0,0,358.00
7701-6/6,Warehouse,2,1,0,468.00
7701-6/7,Warehouse,0,0,0,468.00
7703-3/3,Warehouse,3,0,0,220.00
7703-36X84,Warehouse,2,0,0,235.00
7703-3X,Warehouse,1,1,0,235.00
7703-4/6,West LA,0,0,0,303.00
7703-4/6,Warehouse,1,0,0,303.00
7703-4XL,Warehouse,0,0,0,358.00
7703-5/0,Koreatown,1,1,0,358.00
7703-5/0,West LA,1,1,0,358.00
7703-5/0,Studio City,1,1,0,358.00
7703-5/0,Warehouse,3,1,0,358.00
CM7200IV-HB-FQ,La Brea,2,0,0,85.00
MT-FRM40-TXL,Warehouse,2,1,0,112.00
CM7200LB-HB-T,La Brea,1,0,0,49.00
CM7880GY-HB,Warehouse,1,0,0,79.00
CM1477GY-BED,Warehouse,1,0,0,299.00
CM7386BK-D,Warehouse,1,0,0,249.00
CM7416GY-F,Warehouse,1,0,0,185.00
FM1206GR-BED,Warehouse,1,0,0,299.00
PL677YW-2PK,Warehouse,1,0,0,37.00
CM-FC606,West LA,4,4,0,66.00
MT-FRM40-TXL,Koreatown,2,2,0,112.00
AM7971-Q,Warehouse,1,1,0,119.00
AM7971F,Koreatown,1,1,0,109.00
AM7971WH-EK,Koreatown,1,1,0,203.00
AM7971WH-Q,Koreatown,1,1,0,119.00
AM7971WH-Q,West LA,1,1,0,119.00
CM7008EX-Q,West LA,1,1,0,104.00
CM7051GR-HB-FQ,Studio City,1,1,0,65.00
CM7160BK-Q,Warehouse,1,1,0,203.00
CM7195N,La Brea,1,1,0,214.00
CM7386A-Q,West LA,1,1,0,219.00
CM7545CK,Warehouse,1,1,0,398.00
CM7556N,Warehouse,1,1,0,85.00
CM7580GY-N,West LA,1,1,0,104.00
CM7628N,Koreatown,1,1,0,123.00
CM7880BG-HB-FQ,Koreatown,1,1,0,79.00
CM7880GY-HB,Koreatown,1,1,0,79.00
CM7880GY-HB-EK,La Brea,1,1,0,99.00
FM7213WN-Q-BED,La Brea,1,1,0,169.00
L731201,Koreatown,1,1,0,56.00
L731201,La Brea,1,1,0,56.00
L76297,Koreatown,1,1,0,56.00
L76297,West LA,1,1,0,56.00
L78106ES-2PK,West LA,1,1,0,94.00
L78106ES-2PK,Warehouse,1,1,0,94.00
RG1037,Koreatown,1,1,0,151.00
RG5189M,West LA,1,1,0,199.00
RG5189S,Koreatown,1,1,0,104.00
RG5194M,West LA,1,1,0,199.00
RG5194S,Koreatown,1,1,0,104.00
